ahead,248
frequently,40
often,109
daily,15
not,2709
immediately,154
elsewhere,130
long,90
off,33
easily,41
still,382
only,394
close,55
up,121
back,192
also,2314
almost,121
completely,30
too,100
strongly,62
actually,19
pretty,4
basically,1
together,107
just,310
repeatedly,86
as,420
well,304
so,250
far,161
nearly,493
dead,14
ago,323
separately,104
much,70
extremely,30
unusually,7
ill,11
early,134
soon,138
widely,60
aside,14
now,382
recently,214
properly,19
personally,13
unfortunately,6
n't,64
later,259
openly,10
relatively,39
usually,37
out,11
environmentally,5
farther,6
already,219
substantially,18
highly,60
brutally,5
about,88
illegally,63
largely,102
significantly,26
sharply,73
regularly,21
unlawfully,3
however,274
abruptly,7
earlier,154
jointly,13
inside,4
potentially,22
shortly,86
even,127
down,180
voluntarily,11
currently,141
alone,29
never,107
secretly,48
deliberately,11
heavily,85
politically,31
there,160
deeply,25
meanwhile,456
better,16
yet,145
previously,106
rather,47
otherwise,7
enough,76
meantime,9
mainly,89
no,39
longer,39
quickly,66
subsequently,25
finally,33
newly,40
then,237
nevertheless,14
grudgingly,1
unsuccessfully,7
first,104
mostly,155
very,95
abundantly,1
away,120
once,102
compassionately,1
entirely,13
decisively,2
overseas,16
safely,11
home,1
instead,60
formally,87
reportedly,62
likewise,3
really,10
probably,42
again,156
twice,43
excessively,2
temporarily,59
late,96
privately,12
offshore,2
briefly,53
officially,63
next,8
fully,63
traditionally,18
verbally,2
little,25
always,28
allegedly,118
slowly,32
peacefully,20
barely,2
alike,6
generally,32
similarly,1
proudly,1
underground,9
likely,36
particularly,61
covertly,4
securely,1
independently,13
abroad,75
increasingly,55
historically,8
domestically,6
internationally,20
primarily,33
aggressively,8
hence,2
singly,2
apparently,76
explicitly,3
forward,58
randomly,2
wildly,1
further,46
brightly,1
nearby,15
else,16
all,4
nationwide,1
knowingly,3
sexually,18
slightly,53
initially,38
partially,8
fine,2
overly,2
adversely,3
tentatively,3
roughly,37
appropriately,4
respectively,5
comparatively,1
thoroughly,2
markedly,3
nonetheless,5
folly,1
merely,6
extensively,1
smoothly,4
electronically,2
militarily,2
perhaps,9
partly,14
fairly,11
ever,61
apart,21
narrowly,17
deep,2
commonly,5
south,60
tally,7
double,3
forth,5
categorically,3
proportionately,2
constructively,2
critically,13
cautiously,3
either,22
overhead,2
badly,22
additionally,7
unexpectedly,5
especially,61
emily,1
severely,22
oft,1
o'er,1
upon,1
rightly,5
upside,2
north,38
regardless,4
effectively,16
somewhere,9
strictly,7
unequivocally,2
ashore,16
abnormally,1
regrettably,1
consistently,4
actively,7
morally,1
possibly,30
seriously,53
bitterly,4
certainly,3
unanimously,18
indirectly,5
dramatically,20
democratically,11
eventually,38
harshly,3
annually,30
consequently,2
around,7
prior,22
rapidly,30
before,11
solemly,1
worldwide,2
west,3
westward,4
closely,43
automatically,8
poorly,14
neither,11
successfully,34
loosely,1
fist,1
physically,7
approximately,23
downward,1
simply,18
straight,4
fast,14
comfortably,2
lastly,1
everywhere,2
prematurely,7
directly,41
normally,13
sixth,1
accidentally,18
strikingly,1
routinely,13
silently,2
overwhelmingly,27
nationally,9
anywhere,10
internally,6
touch,1
centrally,2
hard,17
willingly,2
invariably,1
purportedly,8
adequately,5
legally,12
rarely,8
due,5
predominantly,18
quite,13
specifically,20
formerly,26
originally,37
suddenly,15
virtually,11
sometimes,25
lately,1
notably,8
simultaneously,4
financially,5
publicly,33
indefinitely,10
tightly,4
urgently,7
densely,10
explosively,2
exactly,9
here,24
gradually,19
unfairly,10
ethnically,6
universally,1
soundly,2
indisputably,1
occasionally,7
instantly,3
gravely,3
steadily,17
economically,5
clearly,6
short,18
unconditionally,3
afterwards,9
mentally,2
ultimately,11
backward,4
best,5
northeast,11
painstakingly,1
apiece,2
forcibly,8
altogether,1
forever,5
wrongly,8
mistakenly,13
sorely,3
seasonally,1
genetically,4
psychologically,1
sufficiently,2
presently,3
satisfactorily,1
earnestly,2
carefully,10
artificially,2
indiscriminately,6
purposely,2
northward,3
sometime,5
respectfully,1
dangerously,2
fiercely,7
hotly,6
thus,14
overnight,14
doubly,1
plenty,1
desperately,3
typically,4
lawfully,1
freely,6
aloft,5
indeed,6
totally,7
definitively,1
ganguly,2
fatally,9
bodily,7
outside,1
gravelly,1
though,4
greatly,12
stubbornly,2
wholly,2
over,7
unwittingly,2
globally,2
modestly,2
ugly,2
east,9
negatively,4
adamantly,2
truly,4
falsely,1
responsibly,2
extraordinarily,3
permanently,11
overall,2
steadfastly,2
locally,9
vigorously,3
continuously,6
generously,1
technically,5
presumably,1
vastly,4
firmly,4
strategically,3
solely,5
please,2
disproportionately,1
specially,3
naturally,3
broadly,3
am,1
calmly,1
implicitly,1
forcefully,3
fervently,1
anytime,2
drastically,5
somewhat,11
absolutely,4
technologically,3
tribally,1
readily,2
positively,3
right,9
woefully,2
massively,1
gently,1
boldly,2
essentially,1
humanely,3
fourth,1
anyway,3
considerably,3
loudly,2
behind,4
ironically,1
sparsely,2
greedily,2
bit,2
thereafter,3
overboard,1
below,1
aboard,5
therefore,4
popularly,4
afloat,1
afterward,8
intentionally,2
correctly,5
lightly,4
chronically,2
bluntly,2
dreadfully,1
necessarily,2
provisionally,2
swiftly,1
live,3
arbitrarily,1
incredibly,1
promptly,6
cowardly,3
remarkably,3
cosily,1
near,1
upward,5
predominately,4
briskly,1
belatedly,2
wrongfully,2
precipitously,1
equally,6
richly,2
solemnly,1
inland,2
diplomatically,2
violently,2
sadly,2
angrily,4
last,2
theoretically,1
symbolically,2
sparingly,1
resolutely,3
finely,1
onboard,2
constitutionally,3
intensively,3
unimaginably,1
improperly,5
medically,1
purely,3
realistically,1
lustily,1
calamitously,1
sooner,1
immensely,2
visually,1
verifiably,1
alongside,1
principally,4
longer-term,1
leisurely,1
needlessly,1
flatly,4
roundly,1
wearily,1
damn,1
confidently,1
flagrantly,1
sizably,2
surprisingly,2
unjustly,2
anonymously,1
seldom,2
slyly,1
environmentally-friendly,1
inadvertently,2
weakly,1
involuntarily,1
minimally,1
de~facto,1
accordingly,1
remotely,2
face-to-face,1
northwest,2
second,1
guardedly,1
wisely,1
moreover,3
literally,1
definitely,1
gladly,1
vaguely,1
staunchly,2
seemingly,2
mutually,4
fundamentally,2
practically,2
fiscally,2
insurgency,1
scarcely,3
tearfully,1
contemptuously,1
creatively,1
since,2
almost-daily,1
triple,2
geographically,2
broke,2
inhumanely,1
perfectly,1
multiply,1
collectively,1
reasonably,3
tirelessly,1
commercially,3
fearfully,4
cheerfully,1
tacitly,1
strenuously,1
disturbingly,1
blatantly,1
awkwardly,1
thereof,1
dastardly,1
suspiciously,1
strangely,1
ineffectively,1
skillfully,1
grievously,2
thereby,1
pre-emptively,1
sorry,2
quietly,1
tremendously,1
reluctantly,1
cooperatively,1
sporadically,1
mortally,3
demonstrably,1
structurally,1
exceedingly,1
after,1
notoriously,2
unacceptably,1
maybe,2
exultingly,1
robustly,1
mathematically,1
merrily,1
terribly,2
good-naturedly,1
someday,1
inevitably,1
acutely,1
unknowingly,2
disrespectfully,1
justly,1
agriculturally,1
nominally,1
blandly,1
honourably,1
expensively,1
utterly,1
grossly,1
reply,1
along,1
anxiously,1
most-widely,1
whatsoever,1
steady,2
stiffly,1
irresponsibly,1
intensely,1
disproportionally,1
famously,1
counter,1
closer,1
retroactively,1
statistically,1
diligently,1
ungrudgingly,1
surely,1
cheaply,1
underway,2
anymore,1
enthusiastically,1
intently,1
unilaterally,2
holy,1
outright,2
moderately,1
loose,1
alternately,1
that,1
hardly,1
religiously,1
melancholy,1
civilly,1
exclusively,1
irreparably,1
deservedly,1
deceitfully,1
selectively,1
emphatically,1
high,1