celsius,9
summit,2
olympic,125
muslim,48
labor,25
department,5
authority,74
president,27
black,8
sea,4
minister,565
sunnis,5
commissioner,6
special,9
inspector,4
judge,9
news,27
secretary,229
defense,68
delta,3
childhood,1
world,247
vision,1
australia,1
shi'ite,207
new~york,1
pope,64
war,102
health,56
organization,42
general,12
gara,1
minister-designate,2
zawahiri,2
society,3
deputy,64
director,12
chemical,5
au,33
foreign,180
bank-,1
kurdish,68
frank-walter,4
steinmeier,5
nice,1
internet,59
nobel,11
peace,11
prize,5
democrat,7
ak-47,2
annual,1
report,3
h5n1,182
egypt-gaza,2
vice,42
maoist,32
petra,2
assistant,25
saudi,6
poitou-charentes,1
race,1
state,37
sunni,33
islamic,27
party,34
arab,10
zionist,1
solidarity,5
ethnic,5
dagestan,1
shwe,5
than,4
military,10
interior,41
guerrilla,1
web,34
operation,5
mountain,1
ambassador,24
robbery,1
interim,10
chief,38
cabinet,19
doctors,1
without,1
borders,7
g8,11
discovery,4
electoral,4
unification,7
al-alam,1
vedomosti,1
sh'ite,1
al-arabiya,7
store,2
election,7
soccer,1
us,8
aung,3
san,1
suu,1
kyi,1
thein,2
sein,2
goose,2
maliki,1
inzamam-ul-haq,1
ante,1
social,8
grand,2
coalition,3
hurricane,126
stan,6
asif,10
republican,9
atp,1
h.i.v.,4
aids,39
hun,3
sen,4
h.i.v,1
islamist,31
eurozone,1
job,3
vatican,24
road,1
map,1
khori,1
garden,1
tribunal,5
petrobras,3
admiral,11
spain,2
treaty,5
use,2
entrance,1
g7,1
popular,2
weather,10
hezb-e-islami,2
khost,4
apache,2
cold,10
severe,3
acute,2
respiratory,2
syndrome,2
administration,3
militia,3
darfur,16
buddhist,8
home,12
anbar,7
soe,1
win,1
channel,2
kashmir,17
al-ahram,1
megawatt,1
mediterranean,4
baluchistan,1
shujaat,1
g20,1
cafta,1
bosnia-herzegovina,2
global,9
measles,1
reduction,4
thai-burma,1
trade,83
unions,3
zctu,2
cosatu,3
african,9
zimbabwe,1
agriculture,11
slow,1
owl,1
big,2
janjaweed,6
alliance,18
official,5
spokesman,8
senior,4
head,1
zulia,1
mvr,1
mir,12
wto,3
brother,2
team,2
barcelona,1
lieutenant,16
executive,10
pemex,4
peninsula,4
haaretz,2
gulf,20
cup,49
major,32
al-khalayleh,1
pol-e-charkhi,2
u.s.-china,1
freed,1
american,14
voter,1
attorney,17
tehran,3
s-300,1
security,23
mission,3
flight,1
search,2
h1n1,6
sinhalese,1
maori,2
a.d.,1
lukashenko,2
frontier,3
province,3
branko,1
crvenkovski,1
newsweek,5
charter97,1
year,5
amnesty,31
international,34
costa,2
victims,1
fisherman,1
chinook,6
arabic-language,1
al-jazeera,9
endeavour,3
european,2
union,12
gas,2
prosecutor,8
colonel,17
tourism,18
egebank,1
league,8
secretary-general,2
arabiya,1
f.s.b,1
newspaper,1
datanalisis,2
city,1
police,34
band,1
plan,4
c,4
al-faisal,1
coffee,2
cocoa,2
cyclone,1
category,9
four,1
farmers,1
imf,3
national,36
center,35
south,17
mercosur,1
chairman,29
tbilisi,1
entire,1
celebrity,1
wars,4
volcano,1
rebel,4
pakistan,5
homeland,6
relations,12
karshi-khanabad,1
bird,5
flu,1
recep,4
judicial,2
new,32
approval,4
susilo,4
revolutionary,1
armed,1
justice,3
non-violent,1
change,3
government,11
governor,16
lower,3
north,6
zone,3
mv,3
courier,1
f15,1
communist,8
velvet,1
revolution,2
thaksin,1
chinnawat,1
pad,1
udd,1
mend,4
askari,1
songwriters,1
fame,2
katrina,49
jubilant,1
blair,1
likud,9
mansour,1
iskan,1
tupolev,1
al-watan,1
bel-air,2
sum-41,1
cafta-dr,2
pray,3
hiv,24
mauro,1
lieutenant-general,2
immigrant,1
zoo,1
finance,21
group-b,1
group-a,2
shan,4
paraguay,1
g-8,5
ophir,1
pines,1
transport,2
bolshevik,1
ssr,1
hunters,1
one-third,1
contra,1
federal,17
prominent,2
u.s.-india,2
life,1
brigadier,3
edt,1
wilma,4
chairperson,1
lawyer,2
lra..,1
constitution,1
british,16
diamond,2
nightingale,2
hawk,2
god,10
ghost,1
donor,3
baiji,2
medics,2
spector,1
wall,5
sound,2
food,14
program,15
piracy,1
c-130,1
hercules,1
vengeance,2
brigade,3
hague,6
troops,3
record,1
sicko,1
chancellor,9
china-usa,1
usd,2
/,11
unrest,3
afar,2
i.a.e.a,1
development,3
cfa,1
nabucco,1
caspian,1
shawal,2
assembly,5
herat,5
dead,1
man,4
chest,1
tribal,4
lukoil,1
pdvsa,1
actress,1
academy,2
award,1
aviator,2
notes,1
scandal,1
indy,1
ox,6
heifer,2
self-interest,1
aceh,9
abuja,1
sheriff,2
iraqiya,2
law,2
gustav,4
regional,1
dagger,1
debris,1
shas,2
ice,1
cube,1
liquor,1
opposition,15
aid,4
initiative,2
observer,1
benin,1
amir,2
subsistence,2
car,2
timber,1
eagle,4
ass,21
advance,1
investments,1
veterans,2
vancouver,2
salt,3
taiwan,6
airport,1
triumfalnaya,1
closer,1
protesters,2
liberation,1
forces,2
sotheby,2
balkan,2
land,4
full,4
al-mansoorain,2
smart-1,1
smart,1
independent,5
holocaust,2
boat,1
muslims,2
fatah,5
polio,4
winter,5
shi'ites,4
amur,1
on,1
representative,5
free,15
agreement,11
fta,3
boss,1
soyuz,1
a9,1
afp,4
n.a.m.,1
al-fasher,1
u.s,9
laureate,1
hotspurs,1
autonomy,1
socialist,1
stag,5
c.o,1
guardian,1
shahr-e-kord,1
hutu,12
premier,3
welfare,1
nationalist,5
al-ahbash,1
secondhand,1
ban,8
prime,1
tnk-bp,4
pop,1
vh1,1
shanghai,1
composite,2
index,3
current,3
coach,1
chidambaram,1
zanu-pf,3
striker,1
railways,1
tsunami,1
terrorist,1
wfp,2
epiphany,1
e.u,1
sadrist,2
lent,1
reserve,8
accordance,1
front,4
culture,2
major-general,4
baseball,1
classic,1
guerrillas,1
milan,1
marti,3
radio,4
tv,1
cnn,1
baltic,1
andaman,2
ottoman,2
turkish,6
goulash,1
communism,1
strategic,2
arms,2
uruzgan,1
standard,1
private,4
first,7
class,1
photos,1
majority,4
oil,10
intelligence,4
gorontalo,1
mass,8
ki-moon,5
triangle,3
guardsman,1
square,10
windows,2
icy,1
multiple,1
geneva,1
christmas,1
heavy,3
retirement,1
external,1
affairs,3
public,3
uss,1
champion,2
third,1
formula,2
timor-leste,2
mother,3
helium,1
congressman,3
asian,3
christian,15
democratic,1
milliyet,1
kibo,1
biathlon,1
rally,2
democracy,3
liberty,3
cargo,1
supreme,4
b,2
low,2
pound,1
rich,2
farther,3
ijaw,3
hmong,2
yunnan,2
yunnan-guizhou,1
yahoo,1
garmser,1
surayud,3
chulanont,2
martial,1
interceptor,1
bosnian-serb,1
rival,1
a,1
website,1
secret,1
ange-felix,1
patasse,1
horse,1
king,1
pul-i-charki,2
iran-iraq,4
provincial,6
al-ghurabaa,1
separatist,4
all,7
opportunity,3
togolese,1
antonov,1
hat,1
suspected,1
sergeant,3
area,1
missiles,1
operations,2
hurriyat,1
habitat,2
de,2
infrastructure,1
gambia,1
abdoulaye,1
wade,1
horseman,1
hewlett-packard,1
central,3
deep,1
mexico-argentina,1
eighty-six,1
communication,1
hakurk,1
eid-al-fitr,1
opinion,1
cholera,1
key,3
manufacturing,5
honest,1
tension,4
telephone,1
light,3
truth,1
me,1
pride,1
ali,4
trial,1
mozambican,1
next,1
officials,4
medical,1
field,1
sos,1
il,1
tobacco,1
stars,2
seoul,1
town,1
serbia-montenegro,1
am,2
green,3
deal,1
creation,1
industry,1
dc,3
dmitri,2
budget,1
attorneys,1
embassy,2
stadium,3
sri,1
lankan,1
relief,2
shinui,2
knesset,1
ecuadorean,2
al-qawasmi,1
ceo,1
explorer,1
suv,1
control,9
administrator,1
space,2
shuttle,3
columbia,9
andean,5
community,1
ashti,1
ahmet,2
washington,2
post,2
airborne,1
early,2
warning,2
awacs,1
producer,4
abyei,1
saffir-simpson,1
high,4
school,4
musical,3
musicalphenomenon,1
h5n2,3
beslan,2
time,4
captain,6
al-asad,1
july-august,1
dog,5
gallop,1
caliphate,1
coca,1
mest,1
al-nabaie,1
programming,1
hey,2
climate,2
protection,1
latin,2
occur,1
out,1
musharraf,1
president-elect,8
nld,1
grant,2
hugo,3
travelers,2
crews,1
alex,1
live,1
energy,8
north-west,1
al-shabab,8
aftab,1
people,7
chandrayaan-1,1
el-maan,2
humanitarian,1
church,5
automobile,1
das,1
delivery,1
oda,1
park,1
sugar,3
mcc,1
sculptor,1
treasury,2
ticketing,1
alpine,1
no,1
country,4
left,1
power,1
delegation,1
reunion,1
garment,1
israel-syria,1
crude,1
times,9
panjwayi,1
opec,2
voice,2
son,1
bali,1
nine,1
basilica,1
hindu,1
islamist-rooted,1
ak,1
sar,2
dynastic,1
sana'a,1
salih,1
serpent,3
ilyushin,1
sukhoi,2
al-anbar,1
death,1
emergency,2
who,2
topol-m,1
incumbent,2
can-can,1
commander,4
mahdi,1
eradication,1
exomars,1
situations,1
counsel,1
choco,1
citizens,1
gasoline,1
anc,1
internal,2
thabo,1
mbeki,1
promotion,3
inequality,1
us-colombia,1
bare,1
aswan,1
iraq-syria,1
drought,1
nazi,2
triple,1
dna,1
orleans,3
business,2
historical,1
viktor,2
yushchenko,2
timbuktu,1
assistance,3
corruption,1
asia-oceania,1
chaman,2
h9n2,1
gem,1
nishin,1
turkey,3
environment,1
submission,1
vaccine,1
shaanxi,1
network,3
asean,2
doctor,1
heath,1
mclaren-mercedes,2
billboard,1
torrential,2
mainland,2
match,1
preference,1
act,6
chambers,3
political,1
consultative,1
conference,1
cppcc,1
hizb-e-islami,1
homes,1
neighboring,1
farc,4
water,1
mineral,1
resources,1
super,3
bowl,3
chaldean,1
representatives,1
iranian-,1
chocolate,1
aboriginal,1
master,1
lightning,3
cuba-venezuela,1
g.a,1
senators,3
stop,1
total,3
chandrika,1
kumaratunga,1
turkmen,1
abkhaz,2
undersecretary,1
nafta,1
place,1
echo,1
gathering,1
dialogue,1
financial,7
sheikh,1
h5,5
album,4
best,2
male,1
entertainer,1
progressive,2
stronger,1
mazar-i-sharif,1
heritage,5
cruise,1
bingu,1
wa,1
mutharika,1
population,1
economy,2
usaid,1
dark,1
mood,1
love,1
russia-austria,1
no.,1
subaru,2
h7,2
peoples,1
zardari,4
holy,4
see,2
swat,2
baby,1
poll,1
empire,2
putin,1
antiguan,1
port-au-prince,2
hemispheric,1
hope,2
economic,3
lift,1
help,1
poor,1
hipc,1
i'd,1
christianity,1
gilead,1
viread,1
emtriva,1
saturn,5
state-designate,1
uterine,1
horizons,1
h-2a,1
jib,1
herald,5
venezuela,3
dp,5
axis,1
poverty,1
potential,1
askar,1
akaev,1
broadcast,1
system,1
camp,1
le,1
monde,3
narrow,1
kayettuli,1
consensus,1
kabul,1
hard,1
jazz,1
badr,1
g-20,2
as-sahab,1
set,1
press,6
superior,1
siti,1
freedom,2
hajj,2
monitor,1
banking,1
dehui,1
mexico-u.s.,1
wal-mart,3
mobile,1
tour,2
tournament,1
benazir,1
bhutto,1
blades,1
glory,1
surf,1
fat,3
korean,3
chiluba,2
want,1
ask,1
b.c.,2
lashkar-e-jhangvi,1
television,1
club,1
thick,1
state-run,2
hundreds,1
pre-world,2
jewish,2
rabbi,1
shelter,1
mostly-sunni,1
outer,2
banks,2
progress,2
majlis,1
gdr,1
bastille,1
volganeft-139,1
jalal,1
talabani,1
anfal,4
siirt,1
publications,1
ex-prime,2
fomboni,1
sambi,1
pence,1
redd+,1
zionism,2
lawmaker,1
patriarch,1
enough,2
ghad,1
railway,1
aviation,1
agrarian,1
policy,1
anatoly,1
hrytsenko,1
jean-max,1
bellerive,1
drc,3
crown,2
posht-e-rud,1
ba'ath,1
mutharika's,1
canada-us,1
pig,1
listen,1
voanews.com,1
daughter,1
tamil,1
madrid,3
player,1
real,3
zabol,1
restore,2
order,2
tibet,2
funding,1
girls,1
write,1
now,2
martyrs,1
brigades,1
roadside,3
delegate,1
zero,1
mine,1
bounty,1
egypt,2
amil,1
coastline,1
angry,5
thanksgiving,1
blood,1
associated,1
chandipur,1
akash,1
asia-africa,1
zealand,3
then-justice,1
al-shihri,1
lauberhorn,1
gorges,1
dam,1
action,1
top,2
kubilius,1
officer,2
sidor,1
children,1
asia-pacific,1
cooperation,1
apec,2
hepatitis,1
rose,1
education,5
prithvi-ii,1
aig,1
vietnam,1
video,1
grain,1
board,1
a.w.b.,1
staff,2
execution,1
torture,1
bartering,1
tramp,1
native,1
commonwealth,1
member,1
english,1
correspondent,1
arak,1
york,1
anglo,1
tine,2
marshmallow,1
email,1
shofar,1
volcanic,1
hostess,1
equator,1
aiff,2
bilateral,1
feel,1
good,1
memoir,1
corporal,2
football,2
federation,2
utc,2
semlow,1
maritime,1
eighteen,2
tropical,2
storm,1
split,1
judges,1
dump,1
al-sadr,1
wind,1
barley,1
volver,1
khartoum,2
wave,1
my,1
night,1
held,1
ex-yukos,1
lashkar-e-toiba,2
hotel,1
gamma,1
fish,1
cashew,1
budapest,1
imf/eu/world,1
dairy,1
father,1
swallow,4
destroy,1
amman,1
n,2
horn-afrik,1
riot,1
rights,3
al-bahlul,1
apure,1
mazar-e-sharif,1
al-arian,1
terror,1
asia,1
behind,1
scud,1
human,3
watch,1
fund,2
unit,1
shab-e-barat,1
spanish-american,1
citizen,1
bayan,1
jabr,1
mnj,1
young,1
katyusha,1
val-de-grace,1
ash,1
proved,1
irin,1
persons,1
swine,1
shaukat,1
aziz,1
pledge,1
al-azhar,1
confirmation,1
minster,2
doctrine,1
gmt,1
senator,2
kingdom,1
nato-eu,1
director-general,1
khyber-pakhtunkhwa,1
discount,1
ncri,2
independence,1
warming,1
absent,1
iran-oman,1
al-harbi,1
al-qaim,1
hrd,1
resource,1
m-1,1
bratislava-trnava,1
tree,1
gang,1
northern,1
violent,1
sandinista,2
mitch,1
kid,1
ch-47,1
aes,2
reporters,1
sans,1
belgrade,1
andar,1
carbon,1
recovery,1
sars,1
a-320,1
leader,2
eskisehir,1
patriot,1
osprey,1
deutchmark,1
worker,1
happy,1
cubapetroleo,1
adilgerei,1
magomedtagirov,1
hindi,1
ethiopia,1
limmt,1
flash,1
rift,1
valley,1
better,1
scooter,1
h7n3,1
crime,1
squad,1
mauritanian,1
alec,1
israeli-arab,1
hungry,1
join,1
jcfundrzr@aol.com,1
overrun,1
stiff,1
france-africa,1
ex-president,1
cricket,1
speaker,3
protestant,1
frontrunner,1
nano,2
anguillan,1
o,2
itar-tass,1
qing,1
dynasty,1
qaeda,1
ma'ariv,1
religion,1
torch,1
prince,1
abyan,2
challengers,1
ipad,1
d,2
3d,1
former,1
clunie-ross,1
administrative,1
region,1
kosovo,2
pro-settlement,1
chicken,1
soviet-era,1
mi-8,1
jamaat-i-islami,1
dreamliner,1
maskhadov,1
agoa,1
tiger,1
wit,1
prithvi,1
caucasus,1
souq,1
female,1
challenger,3
era,1
hours,1
sudan,2
establishment,1
flea,1
piano,1
type,2
two,1
accord,1
nationwide,1
islam,1
fellow,1
california-mexico,1
tarso,1
genro,1
mdc,1
countryman,1
acholi,1
opera,1
archbishop,1
pius,2
archive,1
marshal,1
al-fayfi,1
atal,1
rome,1
a.k.,2
praise,1
traveler,2
shadow,3
uighur,1
haqqani,1
mostafa,1
regions,1
ukraine,1
orange,1
u.s.-russia,1
islamophobia,2
rolling,1
stones,1
half,1
arab-berber,1
aqim,1
antarctic,1
lieutenant-colonel,1
presidential,1
basic,1
annan,1
alexander,1
anheuser-busch,4
hkd,1
pipeline,1
vasp,3
olympics,2
al-hindi,1
hamshahri,1
tb,1
du,2
medecins,1
kalashnikov,1
haaretzthat,1
conservative,1
rim,1
anti-india,1
ayatollah,1
sar-dan,1
complex,1
tourist,1
ashes,1
union-u.n.,1
cat,1
projectiles,1
aleg,1
kremlin,1
sarin,1
faras,1
al-jabouri,1
goldman-sachs,1
hiv-aids,1
editors,1
chancellor-designate,1
otis,1
farmer,2
duekoue,1
squash,1
agricultural,1
phosphate,1
us-cambodia,1
rubber,1
f-35,1
joint,1
strike,1
fighter,1
militant,1
atlantis,4
rdx,2
mehmet,1
coca-cola,1
s&p,1
nasdaq,1
belarus,2
kgb,1
clear,1
clean,1
air,2
flame,1
cauldron,1
swapo,1
cantv,1
rule,2
mohamed,1
ghannouchi,1
copra,1
bextra,2
junior,2
donetsk,1
curling,1
yorker,1
norpro,1
yugoslavian,1
port,2
jo,1
bole,1
nihal,1
mohammed,2
ophelia,1
moorish,1
sa'adi,1
clumsy,1
tytler,1
communications,1
word,1
cadmium,1
asset,1
gangs,1
newseum,1
china-africa,1
fallout,1
literacy,1
bramble,1
splendour,1
ahmadinejad,1
sports,1
article,1
decree,1
kunar,1
tempers,1
music,1
wild,1
thg,1
hubei,1
transnistria,1
pcrm,1
loud,1
roads,1
laptop,2
per,2
child,2
olpc,2
famine,1
systems,1
arabic,1
kurd,1
polar,1
daily,1
tet,1
environmental,1
your,1
song,1
kabila,1
dad,2
typhoon,1
durian,1
comprehensive,1
prayer,2
breakfast,2
sufis,1
turkman,1
canadian,1
idol,1
long,1
a.d,1
zuhair,1
al-chalabi,1
pilgrims,1
scorpion,1
adaado,1
vienna,1
sistan-baluchistan,1
offshore,1
aulnay-sous-bois,1
dubai,1
caucus,1
colored,1
journal,1
shyster,1