mahmoud,163
ahmadinejad,109
horbach,1
abdullahi,9
yusuf,13
ahmad,25
muhammad,9
khayam,1
faridullah,1
khan,32
qadeer,7
collins,3
harcourt,2
minister,470
mustafa,5
osman,9
ismail,17
bin,77
husin,7
benedict,38
leonella,1
sgorbati,1
muhammed,2
qureia,20
ehud,27
olmert,71
abbas,234
george,45
bush,820
general,28
udi,1
adam,2
dan,4
halutz,6
aslam,5
soh,1
katz,1
fidel,24
castro,126
martin,15
torrijos,4
president,62
carlos,19
lage,5
mireya,1
moscoso,2
haniyeh,20
felipe,16
calderon,20
ritchie,2
sawyer,1
madden,2
john,52
warner,1
interior,1
sutham,1
saengprathum,1
thaksin,16
shinawatra,12
councilor,1
tang,1
jiaxuan,1
machimura,4
zhaoxing,3
tony,35
blair,121
beattie,4
sivaram,7
hussein,91
paul,78
volcker,5
akmatbayev,2
murat,3
sutalinov,1
trade,3
anne-marie,1
idrac,1
hugo,136
chavez,349
alvaro,27
uribe,44
juan,7
manuel,20
santos,4
jianchao,1
kony,3
federer,7
haas,3
besigye,11
yoweri,11
museveni,20
bosco,1
katutsi,1
barack,66
obama,168
benjamin,10
wolfowitz,10
ariel,41
sharon,152
susilo,3
bambang,3
yudhoyono,9
ramda,1
hagino,1
bakri,5
mohammed,39
laden,81
mullen,4
vahidi,2
mikhail,12
saakashvili,30
fujimori,32
abdullah,55
badawi,2
al-rubaei,1
levy,5
mwanawasa,11
mike,3
mulongoti,1
robert,38
mugabe,39
sperling,1
bill,23
clinton,82
summers,1
secretary,8
timothy,2
geithner,2
daley,1
emmanuel,2
neskovic,1
karadzic,7
alston,5
bhumibol,1
adulyadej,1
ghormley,2
meles,6
zenawi,10
obita,1
omar,44
al-baghdadi,2
kevin,1
bergner,1
thomas,7
hemingway,1
al-dulaymi,1
dulaymi,1
al-sadr,18
redmond,1
ashibli,1
al-dulaimi,7
bahr,3
al-uloum,3
yass,1
raza,12
gilani,16
posada,6
carriles,8
pervez,79
musharraf,126
aziz,45
ziauddin,1
mswati,1
iii,4
andreu,1
gao,1
qiang,1
stoltenberg,1
maathai,1
hamid,96
karzai,141
gilchrist,1
berlusconi,14
prodi,4
bittok,3
abe,8
hadley,5
kypriano,1
chan,7
yury,2
yekhanurov,11
sint,2
aung,1
scott,4
ney,1
abramoff,4
delay,20
issac,6
hussain,7
pinochet,18
montiglio,2
colombo,1
contreras,1
evo,9
morales,42
inacio,20
lula,20
da,26
silva,30
nicanor,1
duarte,1
kerry,11
ken,2
salazar,2
farid,2
ruz,1
ali,58
al-nuimei,1
sisco,17
rumsfeld,61
musab,22
al-zarqawi,23
allawi,39
shaowu,1
pearson,16
costello,2
hassan,30
hushiar,1
condoleezza,10
rice,158
jalal,35
talabani,55
dick,35
cheney,48
abdul,15
mahdi,1
erekat,9
al-maliki,44
rostropovich,1
vladimir,74
putin,130
vishnevskaya,1
agassi,6
garcia-lopez,2
malisse,2
mayer,5
muller,2
spadea,1
hyung-taik,1
hariri,73
rodham,1
san,19
suu,18
kyi,25
nambiar,1
ki-moon,8
musa,1
matwali,1
atwah,1
xvi,17
david,16
barno,5
kohl,2
herbert,3
walker,3
gorbachev,2
haarde,1
zurab,1
zhvania,5
security,1
advisor,1
koizumi,43
takano,1
baduel,2
aghazadeh,4
yurchikhin,1
kotov,1
simonyi,1
gagarin,1
tyurin,1
lopez-alegria,1
williams,14
jose,38
luis,21
rodriguez,38
zapatero,20
daltrey,1
townshend,1
union,1
commissioner,1
peter,11
mandelson,4
lankan,18
al-zawahiri,16
amiin,1
adawe,1
mohamed,15
saed,1
charles,15
graner,2
javal,1
davis,10
sabrina,1
harman,1
valencia,4
galan,1
boucher,6
al-majid,4
deif,2
ii,25
reza,19
asefi,13
elbaradei,24
al-zawahri,3
khodorkovsky,22
sixto,1
sheehan,6
larijani,18
straw,23
of,14
state,11
ravalomanana,3
alexander,17
pedro,2
cowell,3
leonid,7
kuchma,18
gongadze,2
kravchenko,1
jimmy,5
carter,18
donald,22
morgan,1
tsvangirai,3
masoum,2
guenther,1
beckstein,1
jihad,11
taylor,16
crane,1
lansana,1
conte,5
leone,6
mulino,1
de,51
janeiro,1
presutti,6
annan,162
laurent,16
gbagbo,25
fitzgerald,3
rove,4
libby,15
heinonen,2
girija,1
prasad,5
koirala,3
mahara,1
sitaula,1
mccain,23
jackson,23
jilani,1
sergei,15
lavrov,20
yu,2
woo-ik,1
hill,15
crocker,4
alperon,1
haham,1
representative,1
susan,2
schwab,2
alan,3
garcia,8
gadahn,1
fleming,3
roed-larsen,8
bashar,28
al-assad,32
angel,4
mejia,2
delp,3
sullivan,1
garang,30
perry,5
vice,1
howard,24
rudd,5
nicolas,19
sarkozy,37
royal,3
jacques,27
chirac,49
kyaw,3
hsann,2
corporation,3
miller,10
private,1
lynndie,1
england,4
gyanendra,13
barry,2
johnson,13
amr,2
rupiah,3
banda,5
cavaco,3
h.w.,3
hersh,5
catholic,15
badran,1
zebari,8
barber,2
speaker,3
nancy,1
pelosi,4
holder,1
tarasyuk,4
bremer,5
al-aqili,1
iginla,1
heatley,1
doan,1
st.,1
louis,1
richards,6
tjarnqvist,1
sedin,1
khamenei,10
sir,1
allan,1
kemakeza,1
gore,8
rosales,3
shurpayev,1
sevan,8
federal,1
reserve,1
chairman,1
rogers,1
lerner,1
tshabalala-msimang,1
rafiqi,1
hu,79
jintao,43
stanizai,2
najibullah,2
loeb,2
solberg,3
gronholm,1
galli,1
antonio,7
alonso,6
douste-blazy,5
governor,2
ulises,1
ruiz,1
haider,4
sassou-nguesso,3
konan,3
banny,8
hosni,41
mubarak,76
yulia,2
tymoshenko,23
pinchuk,1
manmohan,17
singh,70
kalam,4
siad,12
barre,14
seyoum,1
mesfin,1
dheere,2
prime,4
gedi,16
zuloaga,1
peyton,3
gupta,1
arcega,18
ivan,2
plachkov,6
khristenko,2
yuriy,1
anup,1
raj,1
sharma,4
moustapha,1
preval,34
manigat,3
baker,5
zelaya,11
martinez,2
roberto,2
micheletti,4
hiroyuki,3
hosoda,3
office,1
kim,23
howells,1
bernardo,1
vieira,3
sanha,1
viera,2
chung,8
dong-young,6
henk,1
morsink,1
armitage,7
gul,11
najim,3
ivanov,25
mcclellan,25
al-shahristani,2
al-jaafari,24
adel,6
abdul-mahdi,3
carroll,17
rangel,13
michele,3
alliot-marie,4
jan,4
balkenende,2
anderson,13
ray,7
lopez,18
melnichenko,1
duelfer,5
hoop,6
scheffer,7
winter,1
mtetwa,2
harnden,1
simmonds,1
hall,5
sabbath,1
skynyrd,1
alpert,1
moss,1
weisgan,1
muentefering,3
nahles,1
wasserhoevel,1
bogdanchikov,1
weah,15
morris,5
kofi,22
booth,1
sergeant,1
rodrigo,4
galam,1
zalkin,1
ne,1
win,7
debt-to-gdp,1
kurmanbek,7
bakiyev,12
gates,26
mccormack,17
szmajdzinski,3
shaukat,6
iyad,10
gerhard,18
schroeder,43
butt,3
giri,1
medvedev,27
cermak,2
markac,2
-,26
plassnik,2
khatami,37
ebadi,5
luther,5
king,17
olusegun,12
obasanjo,24
thabo,8
mbeki,11
jacob,4
zuma,7
merkel,54
ban,8
salvador,10
rica,8
zardari,18
cameron,4
monde,2
arena,1
askar,9
akayev,11
mack,3
viktor,41
yushchenko,90
henin-hardenne,3
schiavone,1
blake,5
davydenko,2
seppi,2
michael,6
bloomberg,3
toussaint,1
foundation,5
h.i.v./aids,1
initiative,1
muse,1
islam,7
van,18
khai,1
tran,1
duc,1
luong,1
ngwira,2
mwaluka,1
sitnikov,1
yazdi,1
mohammad,34
qalibaf,2
nasrallah,6
smith,23
hooper,1
raul,11
bouterse,2
netanyahu,32
jean,4
bertrand,3
aristide,52
neptune,1
privert,1
saad,1
rafiq,1
tayyip,24
erdogan,43
luiz,15
district,1
judge,2
federico,2
moreno,4
khalaf,5
al-ilayan,1
kumble,3
mengistu,1
haile,2
mariam,1
abdi,1
mujaddedi,1
yousaf,2
shmatko,1
mir-kazemi,1
fargo,1
peres,29
dahlan,3
allen,9
naisse,2
muslim,18
badr,1
sheikh,9
rashid,12
ahmed,50
waheed,3
arshad,3
kye-gwan,1
columbus,6
il,8
sung,3
jong,9
todovic,3
sofia,1
idriss,10
deby,22
musse,1
gurage,1
don,1
angela,15
masjid,1
kalfin,1
aberrahman,1
eckhard,3
dragan,2
cavic,1
abdel,7
rahman,10
ojea,1
quintana,1
molina,5
nestor,5
kirchner,11
filipchuk,1
mottaki,16
saud,3
al-faisal,3
egeland,13
baloyi,2
al-bashir,15
ying-jeou,2
ma,3
shui-bian,19
abrams,1
welch,1
barroso,13
salim,3
clarke,8
arab,23
bounnyang,1
vorachit,1
khin,7
nyunt,11
youssef,4
aboul,5
gheit,7
younes,1
rahim,4
mashaie,1
dar,1
hosseini,5
bolton,16
stakic,1
michelle,3
bachelet,9
jaafari,1
leigh,1
schorr,1
al-nuaimi,1
ahmet,2
necdet,2
sezer,4
recep,11
valley,1
marie,1
prout,1
chibebe,1
alexeyev,1
luzhkov,1
dmitry,5
karl,2
theodor,2
zu,2
guttenberg,2
cesar,1
bryant,1
jean-bertrand,22
rene,10
edouard,2
alexis,3
yalcinkaya,1
ayatollah,4
al-sistani,4
saeedlou,1
laureate,1
shimon,7
peretz,15
rowhani,6
agha-mohammadi,1
than,3
shwe,10
gun,1
hudson-dean,1
pin,1
sprem,1
sharapova,4
harkleroad,1
petrova,2
roddick,8
moodie,1
ljubicic,2
gaudio,1
natama,1
lara,5
brownfield,6
buckovski,4
arafat,17
shaath,1
al-qidwa,1
sabz,1
mousavi,12
powell,23
bolt,1
gay,1
krzyzewski,1
gang,3
nowak,5
popovkin,1
solana,17
chee-hwa,3
tung,13
javed,3
jerzy,2
texmelucan,1
hamm,1
yudhyono,1
spector,4
robitaille,1
clarkson,4
raich,2
fill,1
amin,5
joseph,8
kabila,19
atwood,2
suli,3
lu,6
toptan,1
joe,9
biden,10
anthony,4
feliciano,1
klain,1
al,10
dmitri,12
ramirez,9
atta-mills,1
shah,9
paktiawal,1
foreman,4
ecweru,1
sukumaran,2
corby,2
ruecker,1
kakooza,1
abdallah,2
victoria,1
achouri,1
yanukovych,44
edward,3
kennedy,17
f.,5
aubenas,1
anis,1
milososki,1
w.,10
gruevski,1
j.,3
jack,13
milinkevich,6
lukashenko,24
vaclav,3
havel,6
huy,1
nga,1
goodluck,3
jonathan,4
mahmud,2
mashaal,9
ramzan,2
kadyrov,5
krivtsov,1
sardenberg,2
berenson,2
jason,1
kamiya,1
mitchell,7
nouri,18
barham,2
saleh,9
zyazikov,1
arsamokov,1
abdel-rahman,1
johnston,3
ereli,10
lene,1
espersen,1
garza,1
rauf,2
karpinski,2
shryock,1
rehn,3
mladic,3
jones,18
nesterenk,1
al-harith,1
al-mashhadani,3
emile,14
lahoud,24
lubanga,2
bensouda,1
herrington,1
madrazo,5
montiel,1
vicente,30
fox,39
obrador,13
reid,19
brown,37
symonds,3
p.,2
hogg,3
lee,19
cheek,2
perino,7
tusk,4
khanna,6
q.,1
silver,1
nabarro,1
christopher,3
dodd,2
edwards,4
poleo,2
mezerhane,2
romani,1
malik,3
m.,2
morshed,1
ludin,1
dostum,9
trent,1
lott,2
witt,1
demirel,3
esenler,1
nour,10
col.,4
jerry,1
o'hara,2
haridy,1
mirdamadi,1
iteere,1
party,9
atambayev,1
shaul,5
mofaz,13
moussa,12
al-hariri,9
clerq,1
chernikhov,1
saloumi,1
cordero,1
di,2
montezemolo,1
kamin,1
hayden,6
al-zahar,2
nastase,3
democratia,1
shevardnadze,2
jannati,4
berruti,1
gnassingbe,16
eyadema,7
akitani-bob,3
olympio,2
townsend,1
schwarzenburg,1
youn-jin,1
palacio,6
satterfield,3
zwally,1
darmawan,1
tan,1
al-shahin,1
jiabao,8
pagonis,1
kubis,2
valdas,2
adamkus,4
rafik,17
marinellis,1
bezhuashvili,1
barzani,5
democrats,1
gere,2
shetty,4
bhagwagar,1
liabedzka,1
krasovsky,1
kamal,7
dahal,1
mikati,5
karami,9
prabtibha,1
patil,1
al-hakim,5
eide,3
tueni,4
fleihan,4
leavitt,2
chertoff,6
aguilar,4
zinser,4
street,1
myung-bak,5
giorgio,1
napolitano,3
beck,4
karimov,9
nagin,9
jong-il,12
pulikovsky,1
sonata,1
top,4
puteh,2
ibrahim,20
yasin,1
becher,1
sa'eed,1
ismael,1
zaken,2
miguel,5
insulza,3
ernesto,4
derbez,4
reyes,4
saeb,2
ben,5
yousseff,1
boudhiba,1
jr.,4
lytvyn,1
benazir,5
bhutto,20
nawaz,4
sharif,19
wilhelm,1
rebelde,1
woods,2
conjwayo,1
mauricio,1
zapata,1
snow,8
enrique,1
acosta,2
bernal,2
janan,1
tai,1
thu,2
soprano,1
costeira,1
german,1
gref,1
mwai,15
kibaki,27
wetchachiwa,1
igor,1
valynkin,1
junichiro,20
hamilton,2
carl,2
levin,2
dean,2
tiger,5
hanssen-bauer,1
orthodox,1
chen,39
menezes,7
browne,1
masser,1
burgie,1
weinstein,2
randazzo,1
dylan,1
simon,3
diaz-balart,1
hallams,1
gadhafi,14
potts,1
tekunan,2
bertel,9
margaret,2
beckett,3
jolie,1
pitt,1
henman,2
blanco,4
mowlam,2
ahern,3
betancourt,6
wen,6
al-sammarei,1
coomaraswamy,1
archbishop,2
cormac,1
murphy-o'connor,1
mcauliffe,2
osthoff,6
frank-walter,3
steinmeier,3
donovan,1
haqqani,1
yoshinori,1
ono,1
lavigne,2
whibley,1
krasniqi,2
chinchilla,1
khaan,1
kutesa,3
rood,2
mohaqiq,1
nasab,1
popovic,1
milan,2
milutinovic,1
sainovic,1
mastrogiacomo,4
repubblica,2
sultan,2
akhmad,2
echeverria,1
smiley,1
spinetta,1
vechchio,1
erdagi,1
rehman,2
chulanont,1
surayud,2
razuri,1
gordon,5
babar,1
kristin,1
halvorsen,1
leong,1
lloyd,1
del,10
olmo,2
kazemeini,1
boroujerdi,1
colom,2
chanet,1
ushakov,1
roh,14
moo-hyun,11
mort,3
moshe,4
katsav,8
al-siddiq,1
ahmadi,6
kiriyenko,1
harry,3
andrew,1
zolfaghari,1
murray,5
gilbert,1
delgado,2
gabashvili,2
tursunov,1
massa,1
gremelmayr,1
phau,1
khursheed,3
kasuri,8
nhlabatsi,1
valenzuela,2
qanuni,4
shalom,4
pradel,1
kostiw,2
husseindoust,1
eid,1
dabous,1
weiner,1
franklin,2
lama,14
taklha,1
karua,1
murungaru,1
',7
fatah,6
meek,1
raffaele,5
hakim,3
johanns,2
patrick,3
boyle,1
gallegos,1
prince,4
arabia,23
whittington,4
armstrong,3
kollock,2
majority,2
leader,5
frist,6
tom,6
ortega,8
arnoldo,1
aleman,1
damrey,1
r.,2
johnson-sirleaf,9
avigdor,1
lieberman,7
sam,3
brownback,2
hatim,1
basset,1
al-megrahi,1
al-naimi,3
beckham,3
madrid,2
berri,3
aoun,1
dushevina,1
lisjak,1
mauresmo,2
pierce,2
schnyder,2
razzano,1
peschke,1
safina,5
pironkova,1
safarova,4
gandhi,7
michel,6
colin,2
downer,8
jaoko,1
fadilah,2
supari,4
yassin,4
drel,2
lebedev,3
jaber,1
ramallah,1
hoon,4
ramos,3
suyono,1
seche,1
al-otari,1
barak,3
mattei,1
celso,2
amorim,4
paz,1
ricardo,7
lagos,10
shannon,4
ho,2
madhoun,1
abu,9
kara,1
explorer,1
ernest,1
shackleton,1
alberto,16
gonzales,20
christian,2
kohistani,1
ul-haq,1
ahadi,1
mikheil,4
lech,9
kaczynski,18
walesa,2
clijsters,4
dechy,2
groenefeld,3
stepanek,1
johansson,1
maclang,1
campbell,3
al-muasher,1
stalin,2
how,1
ashraful,1
lilienfeld,1
hingis,6
xianliang,1
bingu,4
wa,4
mutharika,12
bakili,1
muluzi,1
araft,1
al-tamimi,2
saca,1
tsang,5
tandja,7
hamad,3
mohamad,5
el,4
hajdib,2
mussolini,2
buechel,1
walchhofer,3
guay,1
petrasevic,1
vukov,1
slobodan,8
milosevic,28
teeple,1
kosumi,4
rhee,3
bong-jo,1
henricsson,1
dogg,5
broadus,2
al-waili,2
samad,1
achakzai,1
paulos,1
moore,2
ramon,1
balaguer,2
ming,3
fogh,4
rasmussen,5
naji,2
gouled,1
aptidon,1
oliveira,1
philippe,2
hilary,2
benn,4
shyam,2
saran,4
murtha,1
rotfeld,1
ponte,8
hyde,1
cabello,1
saeed,2
jamal,5
rawhi,1
fattouh,1
blagojevic,1
jokic,1
boni,2
adrien,1
houngbedji,1
mathieu,3
kerekou,6
husseinov,4
ilham,3
aliyev,3
laiyan,1
syed,6
sardar,1
abdullayev,1
hobbs,1
mohamud,1
gibb,1
guerrero,1
escamilla,1
mota,1
mahinda,4
rajapakshe,1
amerzeb,1
puccio,1
carlo,3
duval,1
auriol,1
rally,1
mathers,1
ferrero-waldner,1
villepin,15
blanchett,3
ford,3
spielberg,1
lucia,2
arap,3
moi,4
ivo,3
sander,1
maddalena,1
valbuena,1
dorsey,1
pranab,3
mukherjee,5
shams,1
denis,2
sassou,2
nguesso,1
al-damaluji,1
massum,1
simkins,3
rosenfeld,1
talansky,1
yi,1
kousalyan,1
plastinina,1
mikhailova,1
sanchez,2
maresca,1
fabiano,1
yuschenko,2
tarsyuk,1
essebar,1
steven,1
l.,2
jordan,2
mehmood,3
livni,4
hoffman,1
bagapsh,5
vladislav,2
ardzinba,4
schulte,3
gholamreza,1
verbeke,1
churkin,2
ahtisaari,1
rowsch,1
nuri,1
shaways,3
tarantino,1
dergarabedian,1
daschle,2
siniora,7
mehlis,12
rutan,1
grignon,1
thompson,1
flores,1
humala,1
hiriart,3
nicephore,1
soglo,2
khalifa,2
thani,1
koprowicz,2
makepeace,1
morrell,1
sanders,4
sarawan,1
bahadur,3
deuba,3
shays,1
block,5
villarreal,1
sweilam,1
abed,2
jaafar,2
thunder,1
revere,1
sinatra,1
hewitt,4
hrbaty,1
hernych,2
junaid,1
ignacio,3
chela,2
karlovic,1
philippoussis,2
nieminen,4
carlsen,2
lennox,1
clark,10
arif,1
omi,1
crowley,3
magezi,1
alexeyeva,1
fazlullah,3
al-haidari,4
abdurahman,1
svinarov,1
beethoven,1
mortazavi,1
neyestani,1
sanader,3
venetiaan,1
al-tayyah,1
joschka,5
fischer,7
gogh,6
mwakalyelye,1
barrett,1
cup,7
schwehm,1
kariye,1
graham,3
rouge,2
howes,1
huot,1
lim,1
thierse,1
eisenman,2
archer,1
bernard,3
wilma,1
bajramovic,1
dimitris,2
christofias,2
bond,3
burge,2
sattler,2
indira,1
barghouti,6
qaddumi,1
moualem,1
ellen,7
sirleaf,6
ramadan,1
barnier,5
khurshid,2
i,2
s.,5
kwan,3
vanunu,1
naqib,2
razek,1
majaidie,1
ababa,5
stephanides,2
sayyaf,4
nobel,1
hillary,4
bolivar,3
gai,2
yoh,3
delano,1
roosevelt,3
tekle,1
younis,10
hills,1
vi,3
sadikoglu,1
serzh,1
sarkisian,1
alarcon,6
burton,1
qasab,1
al-janabi,1
fequiere,1
mykola,1
azarov,1
arroyo,19
jumblatt,5
issa,1
tchiroma,1
kouchner,3
caraballo,2
schalkwyk,2
chaudhry,3
bhagwandas,1
safin,3
kuznetsova,1
sugiarto,2
uda,1
albright,1
scharping,1
rothwell,1
bernanke,9
gerard,7
latortue,14
meshaal,6
rohani,2
torsello,4
rini,5
holmes,1
zaman,2
pisanu,1
anraat,3
zeng,3
qinghong,2
asif,1
sachenbacher,1
randall,1
zimmermann,1
h.,1
grubbs,2
schrock,2
chauvin,1
redknapp,1
bowen,2
kwasniewski,3
mcalpine,4
stronach,5
akerfeldt,1
gingl,1
vincent,4
moshoeshoe,1
mwenda,3
erben,2
li,4
nana,1
effah-apenteng,1
mulford,2
shihab,2
petersen,4
abdel-al,1
alito,5
miers,8
hamidzada,2
siddique,2
atalay,1
farmaner,1
rugova,4
aye,3
jean-claude,2
juncker,2
khalikov,1
orlandez,1
gamboa,3
dudley,1
hayward,2
barrios,1
fernando,2
larrazabal,1
mezni,1
frazer,1
kidwai,1
mamadou,2
seyni,1
oumarou,4
hama,1
amadou,2
aichatou,1
mindaoudou,1
albade,1
abouba,1
mahamane,1
lamine,1
zeine,1
yanukovich,2
nardiello,1
lund,1
faure,3
dahoun,1
gignor,1
green,1
faso,5
blaise,2
compaore,2
chinamasa,4
chiweshe,2
maazou,1
abel,2
shafy,1
el-hadary,1
fathallah,1
stallone,1
laloo,1
yadav,2
moussaoui,2
taro,5
aso,12
nadal,4
burns,3
iacovou,2
vejjajiva,1
wongsawat,1
sainworla,1
butty,1
richardson,3
senator,1
al-hashimi,2
bikindi,1
juvenal,2
habyarimana,2
correa,17
edelist,1
ben-eliezer,1
ueberroth,1
wagner,2
rafael,6
kingdom,1
matti,1
vanhanen,1
hoshyar,3
al-masri,5
markey,3
berdimuhamedow,1
ganguly,1
bradman,1
ponting,1
league,4
jazeera,8
hastert,1
bowman,2
mani,1
shankar,1
aiyar,1
hughes,4
tutwiler,1
mary,1
robinson,2
tutu,2
soros,1
boris,7
tadic,11
mccann,3
sawers,1
vaeedi,2
greenspan,16
hubbard,1
feldstein,1
novosti,1
zettel,1
schild,1
zvarych,1
cheema,2
gregoire,1
reagan,6
shallah,2
avi,1
dichter,1
shalit,1
akhtar,3
marinin,2
totmianina,2
hao,1
poiree,1
churchill,1
maroney,1
islamiyah,5
rossi,1
bekele,1
dadfar,4
spanta,4
qureshi,3
geelani,1
hunter,2
peterson,3
davies,1
votel,1
henry,1
paulson,2
griffal,1
joye,1
niccum,1
quinn,1
grimmette,1
martinin,1
myles,1
mazdzer,1
benshoofin,1
retrosi,1
hamlin,1
zablocki,1
lantos,3
hyong-sop,1
nam,4
sun,1
salih,1
cassim,2
chilumpha,2
chatel,1
lefevre,1
palin,1
padden,2
said,2
siyam,1
centanni,3
wiig,3
nikolai,2
solovtsov,1
topolanek,1
gimelstob,1
marach,1
maliki,9
al-juhyi,1
boisvert,1
kuba,1
al-rashid,2
cristina,3
fernandez,10
al-yousifi,1
kiraithe,1
dissel,1
hanif,2
atmar,2
hai,1
muthmahien,1
mughani,1
abdulatif,1
sener,1
nateghi,1
cantoni,10
andresen,1
greis,1
assad,6
usmani,1
kosachyov,2
bisengimina,1
arlete,1
ramaroson,1
gloria,11
monteiro,1
hanan,1
raufi,1
ophelia,1
sook,1
nimeiri,4
sharia,1
mujuru,2
msika,1
muzenda,1
mnangawa,1
whitman,5
kar,2
adrian,2
fenty,1
bu-young,1
bennett,3
amri,1
casmir,1
panggabean,1
mehsud,3
osako,1
getulio,1
vargas,1
bigombe,1
defillo,1
al-fitr,1
bashir,8
baume,1
berger,3
kuznetsov,1
azhari,2
al-nashmi,1
chandler,1
al-sherif,3
dolev,1
hassem,1
rock,4
ramos-horta,1
sudi,1
yalahow,1
werner,1
narsingh,2
yasser,1
moriarty,2
moslehi,2
akbar,9
hashemi,5
rafsanjani,8
saddam,3
rajapakse,3
berthiaume,1
pillay,1
majid,2
azimi,3
choudary,1
zoellick,8
oshiomole,1
al-fagih,2
fagih,1
aref,5
yong-nam,1
nicholas,3
bongo,4
mai,1
hansen,2
navarro-valls,4
camillo,1
ruini,1
pronk,6
chol,1
chun,1
doo-hwan,1
yong,1
dominique,4
bayrou,2
almanza,1
patron,1
logarda,1
leyva,1
bodman,3
zahir,1
roemer,1
vaziri-hamaneh,1
vilks,2
prophet,1
momammad,1
maria,1
costa,1
osuji,2
adolphus,1
wabara,1
ahronot,1
fahd,1
al-sabah,3
rosenberg,1
figaro,2
costner,2
kato,1
tibaijuka,1
qiyue,3
chun-soo,1
jung-hwan,1
kember,1
loney,1
tome,5
vaz,4
almeida,4
fradique,1
ntawukulilyayo,1
alvarez,3
c.,1
walbrecher,1
a.,1
kane,1
ashcroft,3
ridge,4
black,1
schoomaker,2
max,1
cleland,2
janez,1
jansa,1
fiorina,2
financial,1
officer,1
wayman,1
antonchyk,1
vyachorka,1
planche,2
soleiman,1
billingslea,1
natwar,3
espino,1
thapa,1
podolski,1
ballack,1
medina,6
garrigues,5
bychkova,1
peer,1
nakamura,2
cassation,1
scruff,1
yoon-jeong,1
czink,1
berkofsky,1
robertson,4
riddlesberger,1
pascal,2
ringwald,1
djalil,1
politkovskaya,2
lakshman,3
kadirgamar,4
maskhadov,4
ion,3
miscoci,2
monaf,1
traian,4
basescu,6
crnogorac,1
yusgiantoro,1
plum,1
dhakla,1
shaikh,3
guilty,1
mansoor,1
juster,1
rocca,1
schelling,3
israeli-american,1
aumann,3
lombardi,3
salehi,3
dyrdina,1
nursultan,5
nazarbayev,6
sumaidaie,2
olav,1
tryggvason,1
rpf,1
annyaso,1
onulak,1
parker,2
hooker,2
carmona,3
elizabeth,4
kyu-hyung,1
araujo,1
mac,2
mccullogh,1
letterman,1
erkinbayev,4
granda,5
kurzban,2
berdych,1
ferrer,3
djokovic,2
andy,1
robin,1
soderling,1
potro,1
al-islam,3
al-badri,1
al-askari,1
wali,4
mills,4
mccartney,4
ronald,4
ted,1
mukhtar,1
yilmaz,1
ryazanov,1
lohan,6
jessen-petersen,1
vuk,1
draskovic,1
vojislav,1
kostunica,3
league-nawaz,1
sid-ahmed,1
ould,6
hamma,2
dsm,1
hadj,1
ondimba,1
emilio,1
guebuza,2
domenech,1
moody,2
awori,2
mwiraria,1
sgrena,3
bellamy,1
nath,2
william,2
christians,2
al-khalifa,1
barinov,1
vliegen,1
olympics,1
daniel,5
al-amiri,1
gomez,1
sherif,1
olsson,1
oprea,1
valukevic,1
chandrika,5
kumaratunga,7
secretary-general,5
lucio,4
gutierrez,12
baez,1
suleiman,4
damiri,1
abel-rahim,1
al-qawasmi,2
mendez,2
al-attiya,2
clay,1
mashal,2
silvio,4
jingguo,1
abdelaziz,7
bouteflika,4
levey,2
jakob,1
kellenberger,3
dadis,2
camara,2
al-tikriti,1
dilma,1
rousseff,1
o'keefe,1
debalk,1
arturo,1
parisi,1
crumpton,1
schwarzenegger,4
mahmood,1
holbrooke,3
ganji,6
moghaddasi,1
negroponte,4
kathleen,1
noguchi,1
fukuda,6
radcliffe,1
lancaster,1
hanegbi,1
tarongoy,3
hallums,5
feuer,1
al-nida,1
efron,1
tisdale,1
sasae,1
kharazzi,2
nasser,3
kocharian,2
domingo,1
faxas,1
quoc,1
hung,1
basayev,12
pakistan,1
yousuf,4
natonski,1
hatta,1
radjasa,1
eduardo,2
deere,1
al-said,1
al-asad,2
ross,2
kaplan,2
bastani,1
umaru,1
yar'adua,3
ndadaye,1
ramadhani,1
lovato,2
richard,4
blumenthal,1
sainct,1
kongsak,2
wanthana,1
bangguo,2
noriega,2
ouattara,7
barba,1
cotter,1
sundance,1
head,1
sloan,1
widhoelzl,1
morgenstern,1
gen.,2
kagame,14
saeedi,2
ochami,1
bahonar,1
siddiqui,2
bakhsh,1
soomro,1
fakhar,1
imam,1
sharki,2
shadid,2
un,1
brian,2
krzanich,1
hayat,1
tin,2
maung,2
zin,1
sai,1
halemi,1
fukusho,1
hasegawa,1
zonen,1
melville,1
ganey,1
firimbi,1
thune,2
rendell,1
perez,7
grant,2
whittaker,1
fossum,1
garan,1
hoshide,1
anders,2
afable,1
schearf,1
swicord,1
rui,1
houze,1
pu,1
lundestad,1
geldof,2
icahn,1
pennetta,3
patterson,1
james,8
samana,1
solis,2
amhed,1
dominguez,2
castillo,1
bueno,1
arboleda,1
khetaguri,1
holovaty,3
rangin,1
ram,1
baran,1
mello,2
sherpao,1
adil,1
hasan,2
wirayuda,2
albar,2
zazai,1
muniz,1
yasuo,1
hosada,1
vazquez,3
battle,1
heydari,1
latham,1
griffin,3
madhavan,1
nair,1
golding,3
mcguffin,1
moreno-ocampo,1
harun,1
kushayb,1
paracha,1
ally,1
samuel,4
helland,1
moya,2
gulbis,1
monaco,1
henin,1
ul-taifi,1
crj-200,1
bakr,2
pilar,1
hurtado,2
roth,2
beatty,1
buttiglione,1
atta,1
qatada,1
jun,1
tshisekedi,1
young,1
manouchehr,8
grimes,1
piry,1
cardinal,1
angelo,2
sodano,2
al-hassani,1
daglas,1
belaroussi,2
muttawakil,2
andres,2
izarra,2
federline,5
eimiller,1
preston,2
rahlves,2
maier,2
strobl,2
anton,1
ohno,1
pechstein,1
friesinger,1
zoeggeler,1
daud,2
tutor,1
iger,1
mccellan,1
bar-on,1
mwangura,2
fradkov,2
choong,1
duaik,1
zahar,1
lado,1
gurgenidze,3
newhouse,1
swing,1
sezibera,1
nuristani,2
giliani,1
veneman,2
cimoszewicz,2
jorge,2
taiana,1
myers,6
turner,1
lauder,1
schneider,1
camilo,2
jarrin,1
nyan,2
razali,1
edelman,4
ackerman,4
hrytsenko,1
lawrence,3
stephen,4
harper,10
seng,1
jianlian,1
narvaez,1
crude,1
nielsen,1
raila,1
odinga,2
farabaugh,1
tong,5
vines,1
alejandro,3
toledo,4
kaibyshev,1
alekseyeva,1
andrade,1
diaz,4
casey,3
mei,3
nesterenko,2
karroubi,3
mourino,1
tellez,1
santiago,1
vasconcelos,1
neumann,3
galloway,1
czugaj,1
stephens,1
rush,1
henochowicz,1
journal,2
roche,9
juste,1
moradi,1
hong,3
fincher,3
geoffrey,1
nice,2
hayashi,1
johndroe,4
jinping,1
sachs,5
muslims,5
fuad,1
gah,2
rania,1
otunbayeva,6
kidd,1
chanthalangsy,1
paddick,1
kerik,9
shaalan,1
al-mutairi,1
gasparovic,1
madoff,3
koufax,1
wilpon,1
irving,2
naeem,1
noor,1
awan,1
talal,1
sidr,1
al-kidwa,5
dordain,1
shoigu,1
wilson,13
kadhim,1
abid,1
al-suraiwi,1
al-sunna,1
verbytsky,1
kharrazi,9
mandela,8
saibou,1
bare,1
abul,1
yong-chun,1
yitzhak,1
rabin,2
gurion,1
chanderpaul,1
samuels,2
steyn,2
il-sung,1
cabeza,1
vaca,1
shoko,1
walid,1
muallem,1
seif,1
franks,2
menem,2
dovonou,1
novo,1
wiesenthal,4
scheussel,1
kostelic,3
klammer,1
bent,1
dorfmeister,2
paerson,1
white,2
panetta,1
al-obeidi,1
jensen,1
barbour,2
abdulle,1
shen,1
kuo,1
bergersen,1
wei,3
jokonya,1
moyo,6
katzenellenbogen,2
eagle,2
passy,1
keidel,1
guerra,1
duff,3
charlotte,1
richie,1
stearns,1
farka,1
toure,1
cooder,2
al-hafidh,1
jaap,1
savimbi,2
mahathir,8
najib,3
razak,2
song,1
min-soon,1
ashr,1
hydara,2
berezovsky,1
buffett,2
hsieh,1
batiz,3
guirassy,1
sagues,1
bhunu,1
maciej,1
nowicki,1
hafez,1
michalak,1
bouyeri,1
brader,1
teng-hui,1
tuomioja,1
roza,2
ngabo,1
al-douri,1
hasina,2
sharipov,2
chiao,2
grujic,1
supamongkhon,1
achin,2
sarath,1
amunugama,1
wurz,1
raikkonen,1
schumacher,1
alpha,3
jovic,2
lamm,1
loughnane,1
sandagiri,1
guangrong,1
kamau,1
salinas,2
marina,1
otalora,1
naeemi,1
tzipi,3
kewell,1
siegler,1
merk,1
zedong,2
michiko,2
cachaito,1
gonzalez,1
dwyer,6
reader,3
turk,1
al-hindawi,1
machinea,1
taadhii,1
menchu,1
ancic,3
llodra,1
koukalova,1
boskovski,4
tarulovski,1
maher,2
togo,1
andiwal,2
levinson,2
bravo,2
taha,2
schultz,3
al-uthmani,1
pavarotti,1
minghe,1
timberlake,3
mccarthy,1
faraj,1
rahho,1
baber,2
mcdaniel,2
almagro,1
aridi,1
hamadi,1
stethem,1
cook,3
hayek,1
paloma,1
pinault,2
yuan,1
gokcek,1
drew,3
arias,1
hussey,1
meng,1
hua,1
kunpeng,1
gayle,1
rogge,3
coe,1
yimou,1
perina,1
beknazarov,1
zheng,1
mok,3
lipsky,2
simeus,2
claudio,1
fava,1
goss,6
tenet,1
kallenberger,1
bellinger,1
nikiforov,2
janet,1
madhav,1
kumar,1
nepal,2
helgesen,2
mackay,2
elias,1
jaua,1
ngai,1
tri,1
bonfoh,2
francois,5
boko,3
nakagawa,1
b.,2
penn,1
kozulin,4
kitts,2
sekouba,1
konate,1
conde,1
abdul-wahab,1
khalid,5
guy,1
verhofstadt,1
degauque,1
velach,1
tkachev,1
schmit,1
zabayda,1
chitchai,1
wannasathit,1
pardo,1
ragoussis,1
blige,2
foxx,3
hudson,2
miro,1
abdoulaye,1
wade,2
ping-kun,1
yat,1
weaver,4
kievenaar,1
feith,2
scheuer,2
zhanjun,1
binjie,1
huaren,1
simmons,1
gillard,2
hastings,1
kamuzu,1
solbes,1
natsios,4
mr.,1
presley,1
magerovskiy,1
stiegler,1
palmer,2
shagh,1
valdes,2
colombant,2
seydou,1
diarra,1
nel,1
dippenaar,1
wai,1
wong,2
navy,1
versace,2
zimmerman,1
ferrero,2
ortiz,3
kazemi,3
qomi,3
otri,1
araque,2
kiryenko,1
golovin,2
marrero,2
bartoli,2
loit,1
pascual,2
smerdon,1
al-fahd,1
ginepri,1
wang,1
srichaphan,2
sung-ho,1
motor,2
nikolic,1
rau,1
villaraigosa,2
jeyarajah,1
ghanem,1
pinera,4
aryanto,1
boedihardjo,1
hidayat,1
firdaus,1
lenin,1
durbin,2
ankunda,1
masorin,1
rezaei,1
baqer,1
chrysostom,1
gregory,1
nazianzen,1
zurabishvili,1
najam,2
malaki,1
shourd,3
bauer,3
fattal,3
foxley,1
velasco,2
yaqoob,2
bot,2
notari,1
hawass,2
russert,1
moallem,1
banbury,1
roque,5
borroto,1
caldwell,2
cruise,1
jagger,1
winfrey,1
heineman,1
marchand,1
chalabi,3
mellar,1
marchi,1
karidza,1
mangwana,1
feniger,1
ceausescu,1
bakiev,1
otunbaeva,1
ziemer,1
pryor,1
bowie,1
haggard,1
norman,1
jim,2
yonts,2
latif,5
hakimi,6
boonyaratglin,1
rezayee,2
al-shaer,1
lynch,2
ferencevych,3
hartmann,1
hamdan,1
pak,2
ui-chun,1
siddiqi,1
stanisic,2
gotovina,1
nur,1
adde,1
zsolt,1
serra,1
haris,1
takirambudde,1
bi-khim,1
perwiz,1
kambakhsh,1
yusef,1
baribari,1
barretto,1
gillespie,1
puente,1
cruz,2
wu,1
hugh,2
maduro,2
borg,1
ging,1
kuenast,1
kuhn,1
qinglin,1
lambert,1
leonel,2
thatcher,1
frears,1
mirren,1
ratner,1
daoud,2
erich,1
wolf,2
fidler,1
cutler,1
chubais,2
querrey,1
grosjean,1
udomchoke,1
oudsema,1
crawford,1
duncan,1
perkins,2
obote,2
mwesige,1
ssali,1
herman,1
rompuy,1
talat,12
eroglu,2
schumer,2
fratto,1
tillman,1
mostafavi,1
baeza,1
company,1
mulally,1
wal,1
brar,1
walheim,1
schlegel,1
eyharts,1
din,3
qasim,1
hashimzai,1
labeouf,1
morse,1
hualan,1
ousamane,1
ngom,1
church,6
domino,4
chiyangwa,2
marcinkiewicz,3
barthelemy,2
jagan,1
vucelic,1
markovic,1
ziyang,1
fatmir,1
sejdiu,1
elyor,1
ganiyev,1
al-bolani,2
klerk,1
nelson,1
denktash,3
al-jafaari,1
torshin,1
shepel,1
klebnikov,2
gimble,1
zhenchuan,1
massoud,2
n'guesso,1
gvero,1
mocny,1
isaias,3
afeworki,1
julio,1
cobos,1
schudrich,1
pohamba,6
nujoma,4
al-momen,1
gambari,1
maumoon,1
gayoom,1
ozawa,1
wead,2
prabhakaran,3
chahine,1
al-khaznawi,3
prize-winning,1
krugman,1
phillips,1
calin,2
tariceanu,2
popov,1
haneef,2
macapagal,2
wielgus,1
seitov,1
kasparov,1
kasyanov,1
trump,1
cohen,1
emomali,2
rakhmon,2
temple,1
segolene,1
le,1
pen,1
medellin,1
azali,1
victor,3
walter,1
il.,1
karasin,1
sfeir,2
drummond,1
baghdad,1
amsterdam,1
sherry,1
padilla,5
lone,1
baziv,1
slauta,1
kushnaryov,1
ryzhkov,1
yevgeny,1
primakov,1
guterres,1
slim,1
giustra,1
osterholm,1
katsuya,1
okada,1
naoto,1
kan,1
golborne,1
gras,1
connick,1
jr,1
batlle,2
elaine,1
chao,1
bugti,1
al-maliky,1
nahim,1
blechschmidt,1
kirk,1
peters,1
guber,1
goodall,1
gondwe,1
kenyatta,1
toroitich,1
sanclemente,1
valenica,1
vakhitov,2
hae-sung,1
stewart,4
swiergosz,1
fitzpatrick,1
thae,1
bok,1
okah,2
geo-services,1
al-nimnim,1
shuai,1
wessels,1
kiefer,1
raymond,1
dent,2
tak,1
zidane,3
westinghouse,1
fulayfill,1
geyer,1
eichmann,1
ann,1
sanderson,1
petraeus,4
helsoe,1
farraj,3
al-libbi,3
shiekh,1
rhymes,2
lounderma,1
marcos,5
kanyarukiga,1
laisenia,1
qarase,1
wood,3
pin-kung,1
el-sibaie,1
hamza,4
senior,1
correspondent,1
nesnera,1
kirilenko,1
domachowska,1
davenport,2
elham,1
blatter,2
dunem,3
troedsson,1
afewerki,1
jabr,2
pedersen,1
sheibani,1
azzedine,1
belkadi,1
kerimli,1
saadat,1
zeevi,1
pettigrew,1
gibbs,4
samahdna,1
sebastian,1
githongo,1
murungi,1
asghar,1
al-shihri,1
el-leil,1
woo-suk,2
rittipakdee,1
soonthorn,2
mayor,1
yuanmu,1
rajapaksa,2
hongyao,1
cooper,1
gelles,1
stroessner,1
boru,1
sutherland,2
maiberger,1
hui,1
choe,1
su,1
hon,1
friedan,1
goushmane,1
addington,1
hannah,1
walayo,1
cerda,1
belkhadem,1
ugalde,1
gatlin,1
tajbakhsh,1
shakeri,1
jhy-wey,1
cheng-sheng,1
shu-bian,1
haradinaj,6
balaj,1
brahimaj,1
regev,3
gabgbo,1
duran,1
ferrero-walder,1
kitajima,1
hoff,1
themba-nyathi,1
demirbag,1
midler,1
dion,2
meglen,1
mark,2
vaile,1
johnny,1
horne,1
chikunova,2
tolipkhodzhayev,1
danforth,2
chesnot,2
malbrunot,2
toepfer,1
gump,1
jean-max,1
bellerive,2
saiki,1
bwakira,1
sherzai,2
marty,2
mendonca,1
jong-nam,1
jong-chul,1
jong-woon,1
sebastiao,1
veloso,1
glenn,1
cuomo,1
wemple,1
stoffel,1
chacon,3
lapi,1
salas,1
akerson,1
mutua,2
muthaura,1
kakar,1
benigno,2
aquino,8
carreno,1
ilbo,1
abubakar,2
lubroth,1
adkins,2
hashanah,1
ozcan,1
kye,2
chesney,2
gatemouth,1
obeid,1
gachechiladze,2
theofilos,1
malenchenko,1
babel,1
afellay,1
hirayama,1
omotoyossi,1
ward,2
talbak,1
nazarov,1
rakhmonov,1
ahmadi-nejad,1
barbey,1
karim,3
houghton,1
carmo,1
fernandes,1
way,1
boy,3
cent,1
london,1
nobutaka,1
soul,1
el-shater,1
bagosora,1
giordani,1
azeglio,1
ciampi,1
siti,1
payne,1
galindo,1
francis,2
arinze,1
aleksander,1
bussereau,1
frank,1
leroy,1
foster,1
smalls,1
carme,1
yoadimadji,1
veerman,2
capua,1
shih-chien,1
wakil,1
omari,1
mujahed,1
moratinos,1
desai,2
boone,1
pickens,1
jafarzadeh,3
loach,1
inarritu,1
cauvin,2
arrested,1
cao,1
gangchuan,1
oo,3
hogan,1
bollea,2
shelor,1
graziano,1
knows,1
best,1
salman,2
al-jibouri,1
cannon,1
koss,1
cardenas,2
lazcano,1
livingstone,1
pierre,4
nkurunziza,2
henri,1
bentegeat,1
granville,1
rahama,1
bares,1
fini,2
marshburn,1
kopra,2
wakata,2
aires,1
rohmer,1
paisley,4
adams,3
fein,2
lutsenko,1
tsushko,1
spears,5
ruggiero,1
hafeez,2
slutskaya,1
plushenko,1
sokolova,1
volchkova,1
navka,1
kostomarov,1
utiashvili,1
fonda,2
wooten,1
manchin,1
wales,1
cornwall,1
arnold,1
ruutel,1
ansip,2
shevchenko,1
plouffe,1
solheim,4
vahiuddin,1
kulov,4
rechnitzer,1
coppola,1
yayi,1
rehnquist,3
nixon,2
roberts,8
shalikashvili,1
romano,1
timoshenko,1
mussa,4
otalvaro,1
messi,1
kolesnikov,1
wirajuda,1
al-bahlul,1
sassi,1
boniface,1
alexandre,2
ashraf,2
ramazan,2
reichenm,1
khadjimba,2
aden,2
azar,1
fadillah,1
stanishev,1
odom,1
portman,1
matin,1
siraj,1
frazier,1
kasami,1
eissa,1
aliu,1
d'ivoire,2
guei,1
soro,1
dramane,1
scalia,1
dawei,2
saberi,3
fillon,3
oumar,1
konare,2
colllins,1
berrones,1
gaule,1
al-dabaan,1
kosachev,1
nooyi,1
welle,1
stanczak,1
kidwa,1
cholmondeley,3
delamere,1
l'ouverture,1
magloire,1
kezerashvili,1
kanow,1
kovalchuk,1
nabokov,1
hossein,4
salami,1
zurbriggen,1
nkosazana,1
dlamini-zuma,1
zuckerberg,1
guni,1
rusere,1
industrial,6
average,6
restrepo,1
huckabee,1
sayyed,1
tantawi,1
sarna,1
sandra,1
day,2
o'connor,2
blonska,1
dobrynska,1
alwan,1
doumgor,1
khaleda,1
zia,4
cabezas,1
ustarkhanova,1
kareem,1
nabil,1
amer,2
epsilon,1
jean-louis,1
tauran,1
al-madai'ni,1
lodin,1
zelenak,1
der,1
goot,1
ratsiraka,2
joy,2
newell,2
letten,2
bernazzani,1
jesus,2
amezcua,2
shakespeare,1
rosal,1
pleshkov,1
harcharik,1
al-hadjiya,1
ketzer,1
bartlett,2
star,1
bob,1
saparmurat,1
niyazov,1
schulz,1
chevallier,1
shek,1
ayalon,1
paltrow,2
aufdenblatten,1
kheir,1
fayez,1
al-turk,1
durban,1
cheadle,1
landale,1
jean-pierre,1
raffarin,5
mukasey,3
durham,1
hunt,1
koran,1
dinari,1
lukic,1
salam,1
fayyad,1
mandeb,1
haq,1
foy,2
ghani,1
farooq,1
wadia,1
al-harbi,1
pace,1
sibal,1
khorramshahi,1
martic,3
duke,1
jay,1
rockefeller,1
zaldivar,1
chimango,1
hoggard,2
panesar,1
sangakkara,1
collingwood,1
jayawardene,1
zukang,1
shawel,1
hailu,1
ammar,2
jusuf,1
kalla,1
mughal,1
thein,1
sein,1
kubba,1
khazaee,1
durrani,1
ladin,1
saavedra,1
alam,2
terry,1
mahmanparast,1
waxman,1
saidi,1
bighi,1
shahidi,1
djindjic,5
bugsy,1
milenkovic,1
seselj,2
yuri,1
baluyevsky,2
hajime,1
massaki,1
mutalib,1
clyburn,2
baki,1
dunham,1
tesic,1
ratko,1
dragomir,1
piot,1
haro-rodriguez,2
morin,1
silbert,1
hamel,1
massey,1
kiliclar,1
nazer,1
olusegan,1
kaka,1
barman,1
fried,1
ravix,2
bitarov,1
azocar,1
silverman,1
al-shara,2
paulo,2
fang,1
makubalo,1
mesa,7
shawkat,1
baskin,1
anwar,8
duffy,1
jalali,1
attorney,1
danilo,1
france-albert,1
uhm,4
khalilzad,1
jawad,1
akihito,1
valero,1
tarcisio,1
bertone,1
chiriboga,1
andreev,1
jong-wook,1
khatibi,1
oscar,1
kharazi,2
fasher,1
robredo,1
khouna,1
haidallah,1
maaouiya,1
taya,2
minster,1
yao,4
liang,1
yoadimnadji,1
karbouli,1
desouki,1
chigwedere,1
hazem,1
al-shaalan,1
bray,1
quezon,1
estrada,2
macapagal-arroyo,1
harkin,1
al-salami,1
corazon,1
jufeng,1
jung,2
johnson-morris,1
tareen,1
christ,3
mahlangu,1
terre'blanche,1
borcz,1
chidambaram,1
jebii,1
kilimo,2
catholics,3
xii,1
yunlin,1
bertie,1
hicks,7
sulik,1
plummer,1
elam,1
yaalon,2
htay,1
sadiq,1
mende,2
sandler,1
fanning,1
stiller,1
xinqian,1
ou,1
chapfika,1
beltrame,1
chiapolino,1
montas,1
sayed,2
enming,1
sedibe,1
tshabalala,1
xinmiao,1
sidique,2
tanweer,1
rudolph,1
giuliani,1
brammertz,1
sajedinia,1
karoubi,1
geagea,1
nazif,1
hoekstra,1
feinstein,1
chambliss,2
abercrombie,1
ivanic,2
ashdown,2
mikerevic,1
stubb,1
odde,1
ayyub,1
tareq,1
haleem,1
abdulaziz,2
manning,1
marino,1
snyder,2
vaeidi,1
abderrahaman,1
gomaa,1
gyeong-jun,1
sita,1
lembe,1
myricks,1
modell,1
lewis,1
keeling,1
athar,1
phukphasuk,1
serirangsan,1
ventura,1
jobim,1
mckiernan,1
dutton,1
buchan,1
ramush,1
mcadams,2
pararajasingham,1
tamir,1
tirosh,1
persson,2
freivalds,1
colby,1
vokey,1
heather,1
cerveny,1
shinzo,1
unger,1
budny,1
miliband,3
jacqui,1
wilders,1
stein,1
bloom,1
mclaughlin,1
kappes,2
humphreys,1
alu,2
alkhanov,2
danilovich,1
dos,2
kramer,3
jeffery,1
moiseyev,1
reyna,1
steele,2
scilingo,2
ezzat,1
tommy,1
kerkorian,1
patzi,1
simpson,1
orjiako,1
hassanpour,1
witty,1
ghazi,1
kanaan,1
wannian,1
zhengyu,1
dung,1
nguyen,1
letimalo,1
majtenyi,1
mahdist,1
h.w,1
schlender,1
hammond,1
berman,2
lowey,1
guo-quiang,1
yiru,1
yunesi,2
loftis,1
schilling,1
haniyah,1
farhat,1
akayeva,3
liwei,1
hani,1
hammad,1
genoino,3
dirceu,1
schoch,1
bruhin,2
prommegger,1
inniger,1
kohli,1
meuli,1
pomagalski,1
blanc,1
kamel,1
gollnisch,1
bhatiasevi,1
dhess,1
shalabi,1
al-dagma,1
abdalla,1
vuitton,2
nogaideli,2
burdzhanadze,1
murphy,1
ryaguzov,1
shearer,1
lupolianski,1
el-bashir,1
salva,2
kiir,2
mayardit,1
jocic,1
zoran,1
brand,1
voulgarakis,1
true,1
iqbal,2
carrizales,1
vajpayee,4
earle,1
toga,1
yulija,1
poroshenko,1
ul,1
dawa,1
al-qu'ran,1
pastrana,4
arbour,1
sahara,11
adolfo,1
saa,1
duhalde,1
kohdamani,1
yasir,1
love,1
cobain,2
bean,1
patat,1
jabor,1
sher,2
foreign,1
warren,1
ayar,1
al-zaidi,1
najjar,1
meza,1
bezsmertniy,1
terrence,1
craybas,1
morariu,1
al-mahdi,1
sadeq,1
lugar,3
tassos,2
papadopoulos,5
mousa,1
zelenovic,1
sid,1
cheikh,1
abdallahi,1
lynn,1
milton,1
passaro,2
goldschmidt,1
rignot,1
fisher,1
josslyn,1
aberle,1
hawi,1
brother,1
sadek,1
sepp,1
caldera,4
schuessel,1
hitler,1
mukakibibi,1
uwimana,1
srebotnik,1
asagoe,1
joyce,1
movement,1
mart,1
kruif,1
chang,3
onassis,1
presidential,1
library,1
kazmi,1
loj,2
grinstein,1
rafat,1
bosch,1
catholicism,2
mcqueen,2
cool,1
queen,1
days,1
gholam,1
nozari,1
al-hindi,1
raviglione,1
ludford,1
osaid,1
al-falluji,1
al-najdi,1
al-jihad,1
kuti,2
moweta,1
vivanco,1
bono,1
laguna,1
al-aynin,1
chretien,1
jean-marie,1
lustiger,1
habsadeh,2
cuesta,1
amos,1
kimunya,1
esmat,1
dahl,1
froeshaug,1
atiku,1
seyi,1
memene,1
gurung,1
allert,1
jaques,1
shbak,3
gasquet,1
mirnyi,1
rochus,1
poupard,1
gandolfo,1
othman,1
swank,1
hepburn,1
freeman,1
garner,1
shaloub,1
orbach,1
materazzi,1
schatten,2
hwang,3
chaib,1
lance,1
gye,1
gwan,1
benesova,2
na,1
ting,1
tiantian,1
nyathi,2
rauchenstein,1
al-sabaa,1
hutton,1
al-aqidi,1
fahad,1
al-ahmad,1
verveer,1
gara,1
chinotimba,1
banderas,2
majzoub,1
mirza,1
al-muqrin,1
al-ashayier,1
sa'dun,1
hamduni,1
talha,2
turnbull,1
krishna,1
advani,3
jinnah,1
kononov,3
oliver,1
reese,1
sato,1
maashouq,1
national,1
intelligence,1
director,1
gomes,1
ajmal,1
kasab,1
solecki,1
sukhorenko,1
parvanov,1
khedira,1
oezil,1
mueller,2
cavani,1
jansen,1
badoer,1
emilia,1
gurirab,1
jankovic,3
abidine,1
gong,4
ching-hsi,1
simatovic,1
dye,1
goldsmith,1
larkin,1
kelly,1
soo-hyuck,1
hun,1
ri,1
al-hamash,1
helen,1
guehenno,1
quist,2
petkoff,1
ojeda,1
borges,1
farouk,1
kihonge,1
larose,1
jane,1
pedraz,1
couso,1
portsyuk,1
zviad,1
gamsakhurdia,1
norm,1
coleman,2
dell,1
nagy,1
tiechui,1
stanezai,1
easley,1
solyom,1
v,1
dhimbil,1
trily,1
sara,1
kedallah,1
younous,1
gration,3
agha,1
saqib,1
taatgen,1
ambrosio,1
seiken,1
sugiura,2
torres,1
yake,1
lewthwaite,2
lindsay,2
kesbir,1
forbes,2
magazine,1
xinjuan,1
bernt,1
eidsvig,1
keita,1
shyrock,1
murr,1
michuki,1
rutte,1
ludlam,1
christman,1
aswat,2
georges,1
casmoussa,1
rodier,1
casassa,1
odegbami,1
hendarso,1
danuri,1
krajicek,2
auwaerter,1
despres,1
kenny,1
mcbride,1
nichols,1
wiseman,1
mcgraw,1
kristofferson,1
nyein,1
ko,1
naing,1
jimenez,1
zevallos,1
boersma,1
dumitru,1
ohanesian,1
bergman,1
andersson,1
chambers,1
arafa,1
teir,1
atoun,1
theyab,1
catherine,1
emmerick,1
gibson,1
ludovica,1
angelis,1
idema,1
stern,1
rezai,1
zeid,1
khazaal,1
flutur,1
tedder,2
bedingfield,1
kapondi,1
kutuny,1
machage,1
elvira,1
nabiullina,1
festus,1
okonkwo,1
amed,1
rivero,1
alfonso,1
espinoso,1
chepe,1
yasar,1
gulzar,1
qazi,1
dakhlallah,1
brice,1
hortefeux,1
bishara,1
samper,3
faeldon,1
struck,2
flakus,1
palocci,1
hammoudi,1
pokhrel,3
mora,2
ahnlund,2
jelinek,1
engdahl,1
lennon,1
taupin,1
goldberg,1
waldron,1
turkey,1
chris,1
ellison,4
mcneill,1
seyranlioglu,1
clemens,1
sosa,1
bonds,1
kouguell,1
comerio,2
al-enezi,1
hong-ryon,1
mehdi,2
cabinet,1
dawoud,1
phil,1
al-dabbagh,1
aceh,1
boodai,1
mehran,1
abdul-hussein,1
nassif,1
klein,1
springsteen,1
abass,1
barbero,1
tessa,1
jowell,1
baojing,1
floquet,1
yousef,1
pongpa,1
lek,1
wasser,1
mcgrady,1
croshere,1
dunleavy,1
jianzhong,1
selassie,1
maarten,2
chitigov,1
ticona,1
jafri,1
vy,1
collier,1
howell,1
curry,1
hoiberg,1
verheugen,1
kazimierz,1
stainmeier,1
el-masri,1
karameh,1
jeremic,1
pressewednesday,1
bud,1
selig,1
fehr,1
hondo,1
k.,1
duggal,2
thammararoj,1
kordic,1
balasingham,1
siripala,1
lankans,1
pacheco,2
ben-david,1
parviz,1
davoodi,1
al-sunnah,1
eker,1
mellot,1
meckfessel,1
ursula,1
fadlallah,1
kahar,1
koyair,1
cummings,2
maas,1
sacirbey,1
barbara,1
mikulski,1