520,1
such,383
annual,136
southern,619
continued,58
anti-war,13
other,1457
second,379
low-level,13
nuclear,1055
sealed,2
sensitive,30
full,130
new,1485
armed,182
oil-rich,21
offshore,41
militant,328
social,82
multinational,15
poor,137
huge,79
tribal,150
suspected,382
islamist,24
interim,132
clear,183
local,417
military,1353
northern,528
many,482
last,1953
successful,43
parliamentary,257
recent,456
previous,97
political,724
so-called,69
independent,165
hardline,13
islamic,179
public,312
decent,5
six-party,33
religious,147
provincial,107
proposed,13
sure,30
weekly,65
draconian,2
former,1019
black,54
bulky,2
paroled,1
six-year,7
unidentified,72
semi-autonomous,17
prominent,64
senior,223
sordid,1
top,483
civilian,185
ready,111
available,55
direct,77
national,354
small,238
worldwide,69
controversial,108
multi-billion,4
logistical,19
long,93
several,814
congressional,52
shoddy,3
much,61
major,381
chief,78
important,126
good,124
consistent,9
harmonious,3
private,142
permanent,79
medium,7
regional,172
little,64
one-stop,1
streamlined,1
only,88
non-governmental,20
official,257
formal,63
western,311
due,203
dead,280
alleged,199
islamist-controlled,1
medical,165
isolated,13
irrationality,1
third,202
nearby,92
few,84
separate,279
central,331
eastern,257
nato-led,34
early,341
cold,14
past,48
intoxicated,2
homeless,30
nordic,5
overnight,32
deadly,248
27-year,3
old,79
late,461
positive,77
avian,56
insurgent,120
heavy,184
internationally-recognized,3
regular,31
loyal,33
fallen,5
u.s.-brokered,2
slow,43
next,593
israeli-palestinian,33
possible,254
34-day,6
general,78
washington-based,6
enough,51
weapons-grade,10
capable,22
normal,31
chronic,9
consular,10
ibero-american,4
final,238
hamas-led,29
problematic,3
rival,81
ceremonial,8
sixth,27
fuel-efficient,9
liable,3
60-year,1
postal,9
responsible,118
popular,96
long-term,52
first,847
true,16
pregnant,7
25-year-old,13
rock,1
guilty,96
four-day,6
wrong,29
single,47
loved,1
drunk,4
southeastern,95
republican,44
powerful,77
open,80
safe,65
one-seat,3
80-year-old,5
significant,96
vital,22
16-year-old,7
32-year-old,6
infected,35
global,311
potential,63
muslim-majority,7
anti-japanese,10
violent,129
calm,5
orderly,4
champion,5
low,86
friendly,19
renewable,10
olympic,13
select,1
critical,76
giant,24
endangered,7
pro-rebel,3
ongoing,70
civil,235
bilateral,73
human,464
upcoming,67
war-torn,41
different,51
stable,55
specific,32
large,256
humanitarian,111
commercial,57
historic,33
moderate,50
slight,14
tight,35
key,247
televised,28
pervasive,2
severe,65
internal,60
communist,87
state-approved,1
state-monitored,1
unauthorized,8
subject,20
high-profile,18
false,34
federal,150
absolute,21
typical,5
case-by-case,5
international,687
unbeatable,1
rare,37
healthy,20
scientific,21
likely,105
primitive,1
life-bearing,1
illegal,166
tear,14
self-imposed,9
presidential,389
inevitable,2
uninsured,2
wealthy,19
eligible,30
wind-blown,1
domestic,107
respiratory,7
harmful,14
dangerous,68
neighboring,107
fertile,4
young,92
unclear,71
initial,59
remote,83
foreign,765
preliminary,41
well-suited,1
38-year-old,4
10-year,13
12-year-old,7
elementary,4
deserted,2
radical,52
prime,257
defensive,6
diplomatic,130
natural,162
soviet,63
freezing,3
limited,41
dependent,38
alternative,15
downed,4
disgraced,9
hard-line,27
motivated,21
terrorist,328
additional,92
anti-denmark,1
legal,135
northwestern,97
missing,33
state-run,100
privately-owned,5
confidence-building,2
two-day,14
future,101
secret,90
self-rule,2
al-qaida-linked,27
12-member,1
current,164
mild,9
economic,679
same,218
ex-clinton,1
37-year-old,4
northeastern,79
further,135
european,258
hague-based,3
ancient,21
archaeological,3
unearthed,2
sacrificial,1
extrajudicial,2
revered,5
incoming,14
east,33
weak,29
joint,157
anti-terrorist,5
12-month,3
technical,29
20-year,9
10-month-old,2
fine,13
real,66
fictional,3
naval,62
u.s.-led,212
ousted,57
short,69
special,159
displaced,24
concerned,29
33-member,1
sectarian,57
all-important,3
bad,51
26-year,6
laid-off,2
total,62
close,86
comprehensive,23
nationwide,60
asylum-seeking,1
77-year-old,10
stern,4
outlawed,21
infectious,6
quarantined,2
apparent,39
difficult,61
ethnic,184
12th,1
developed,18
disastrous,7
racial,8
risk-sharing,1
predetermined,1
fiscal,55
19th,1
mid,1
progressive,6
prosperous,19
wild,30
hard,47
usual,6
own,163
sufficient,15
alive,33
fast,18
very,2
cautious,6
plain,1
kind-hearted,2
incurable,4
painful,6
feeble,1
cruel,10
tonic,1
uncertain,13
panamanian-flagged,4
personal,40
corrupt,15
frozen,8
epidemic,1
grand,21
suspended,8
pro-russian,15
anti-government,34
secular,24
mobile,37
intercontinental,6
ballistic,20
multi-layered,1
strategic,34
stationary,3
massive,144
collapsed,6
southwestern,76
month-long,13
30-day,3
u.s.-mexico,2
undocumented,2
overall,62
sustainable,9
urban,20
environmental,55
rough,10
effective,48
center-left,7
useful,3
undecided,7
holy,56
shrine,1
solemn,1
seventh-century,1
christian,48
worth,44
unthinkable,2
suspicious,22
coastal,45
large-scale,31
sunni,5
rich,38
anti-viral,5
great,63
impoverished,27
gross,9
overseas,22
extra,26
basic,42
cubic,16
fixed,6
rapid,26
unnecessary,7
broad,27
year-on-year,1
military-led,3
north,85
digital,7
thick,5
unnamed,28
lavish,6
financial,273
ethiopian-born,2
desperate,10
widespread,82
unsettled,2
grave,11
quarterly,8
associate,5
strong,187
awake,2
democratic,173
english-language,3
remote-controlled,10
elderly,10
polar,12
threatened,4
industrial,70
atomic,63
peaceful,136
shi'ite,34
restive,45
frequent,46
unharmed,35
criminal,66
ohio-based,1
nonprofit,3
u.s.-based,27
charitable,8
unspent,1
published,18
permanent-status,1
re-started,1
renewed,16
exceptional,4
lucrative,7
populous,11
square,8
scenic,1
dry,14
actual,12
famous,25
routine,15
medal,5
extraordinary,12
solar,19
profitable,5
jewish,128
occupied,21
crude,120
straight,25
third-seeded,8
sixth-seeded,3
fourth-seeded,6
eighth-seeded,3
straight-sets,1
intense,33
pro-democracy,50
65-year-old,3
vocal,8
careful,4
recently-elected,1
egyptian-born,4
south,143
medieval,5
walled,1
partially-collapsed,1
numerous,45
hard-core,1
proud,6
live,19
90th,2
hour-long,2
multi-billion-dollar,1
year-old,4
free,171
fair,73
high-level,24
territorial,35
empty,13
high,322
unmanned,23
allied,18
pilotless,1
u.s.-made,8
short-term,11
appropriate,14
low-lying,7
warm,9
kilometer-per-hour,4
two-week,9
de~facto,11
manned,5
63-year-old,5
serious,108
ceasefire,11
anti-terrorism,23
excessive,14
mideast,10
chinese-made,5
fierce,29
hostile,36
sinhalese,1
indirect,13
overcrowded,11
shallow,2
polluted,4
transitional,37
naked,5
paramilitary,36
asian,107
notorious,20
fugitive,23
dark,7
authentic,3
apostolic,2
sharp,39
conspicuous,1
blasphemous,9
green,9
unlicensed,3
troubled,59
impassable,2
pro-government,43
trapped,7
extensive,34
outright,8
government-funded,1
intergovernmental,3
bulk,1
non-profit,10
northwest,8
immediate,112
inadequate,27
classified,14
worrisome,1
firm,12
skeptical,2
explosives-laden,9
main,263
durable,5
essential,16
150-thousand,1
able,111
volcanic,7
robust,12
negative,15
agricultural,89
citrus,1
alcoholic,2
nonalcoholic,1
external,38
needed,3
sizeable,6
baku-t'bilisi-ceyhan,1
baku-t'bilisi-erzerum,1
petty,4
determined,1
socialist,24
imf-led,1
steady,17
duty-free,14
primary,38
wary,5
penal,2
increasing,1
common,92
righteous,2
unceasing,1
indissoluble,1
kurdish,102
unknown,53
atrocious,2
senseless,1
tepid,1
racy,1
detained,18
ten,8
swift,8
average,29
daily,51
unable,32
investigative,11
decapitated,4
interior,32
committed,8
amnesty,9
absurd,3
stolen,5
nine-millimeter,1
homemade,16
drug-related,10
atheist,1
state-sanctioned,1
all-time,18
85-year-old,2
break-in,1
24-hour,6
white,37
85th,1
longtime,25
dominant,17
previously-unknown,2
aggressive,25
mangled,1
swollen,2
injured,23
soft,10
sodden,1
three-year-old,8
13-year-old,10
intestinal,15
contaminated,4
life-threatening,3
favorable,11
flooded,1
random,10
bavarian,1
light,20
rocket-propelled,19
gaza-egypt,5
u.n.-backed,9
drug-running,1
shared,12
occasional,6
factional,16
anti-doping,4
organized,9
announced,2
municipal,25
quick,20
shaky,7
west,38
rebel-held,15
government-controlled,8
covert,9
maoist,11
anti-terror,10
hopeful,19
record-high,9
then-president,7
uncontrolled,1
presumptive,3
13-year,3
state-owned,37
fourth-largest,5
export-driven,3
lead,6
transmissible,4
human-to-human,14
credible,13
willing,51
one-time,7
devastated,16
undeclared,3
relevant,3
nuclear-related,2
genuine,3
insincere,1
held,3
wanted,48
right-wing,17
55-year-old,4
multi-million-selling,1
charcoal,1
two-and-half,1
decreased,4
careless,1
minor,32
mechanical,5
scheduled,16
electrical,17
unspecified,12
incumbent,13
reasonable,6
expensive,14
everyday,3
greedy,1
automotive,6
uncommon,3
58-year-old,5
one-year-old,6
virulent,3
seventh,27
indecent,3
humiliating,2
compliant,2
then-specialist,1
unarmed,12
verbal,5
below-average,1
below-normal,1
periodic,5
well-established,1
confident,15
adequate,18
sworn-in,4
center-right,3
executive,16
appoint,1
conservative,58
certain,57
coming,40
individual,16
pro-shiite,1
funeral,15
electoral,87
authoritarian,9
explosive,29
traditional,49
tough,28
unofficial,9
government-run,7
california-based,2
somali-born,1
fake,11
present,39
stagnant,3
brief,40
ambush,11
first-round,7
consecutive,20
low-flying,1
u.s.-hosted,1
volatile,35
leftist,65
cocaine-producing,1
long-running,21
self-sufficient,1
e-gaming,1
structural,17
golden,6
following,21
tolerant,2
underdeveloped,4
dilapidated,2
rural,33
market-oriented,4
active,44
euro-atlantic,1
modern,27
high-tech,19
state-of-the-art,3
world-leading,1
equitable,4
net,24
comfortable,4
raw,15
consumption-driven,1
cyclical,1
modest,10
impending,4
latter,1
combined,7
bitter,15
endemic,6
australian-led,2
pure,3
enterprising,1
fearless,1
sheep-and-cattle,1
overwhelming,22
state-controlled,6
multiple,24
muslim,9
violence-ridden,1
contract-style,1
uranium-enriching,2
familiar,8
drive-by,12
planned,64
now-defunct,3
angry,32
residential,15
proper,17
ruthless,4
adept,1
secretive,4
reputed,4
astute,1
psychological,5
divide-and-rule,1
ample,2
drug-resistant,3
urgent,12
cooperative,1
soviet-backed,3
anti-communist,2
ninth,8
serb-held,5
weather-related,3
high-risk,2
torrential,9
port,47
urdu-speaking,4
53-nation,3
dishonest,2
estimated,34
questionable,3
detailed,14
35-year-old,5
left,5
double,23
saudi,71
pro-u.s.-immigration,1
similar,152
mixed,24
deputy,24
trumped-up,1
punitive,1
unhurt,6
53-year-old,1
junior,10
online,12
pro-taliban,6
newborn,2
six-year-old,2
busy,32
quadruple,1
unacceptable,26
necessary,74
cultural,21
forcible,1
near,21
deposed,5
75-year-old,3
british,5
30-year,3
ministerial,9
retail,20
related,15
elephant,1
retaliatory,3
unchanged,9
tactical,3
physical,24
el-arish,2
full-scale,5
rebel,66
long-range,17
shahab-3,1
ideological,2
topol-m,2
sea-based,1
verifiable,1
unanswered,2
unsold,1
counter-revolutionary,2
cia-backed,1
previously-owned,3
newly-built,3
complete,42
shocking,4
graphic,5
bloody,34
singer-actress,2
minute,1
feasible,3
weapons-related,1
concerted,4
chemical,4
heinous,5
algerian-based,3
sudden,7
fourth,82
forensic,9
star-studded,1
southeast,27
strapped,1
arabic-language,4
fifth,41
left-wing,8
chosen,4
ebola-like,5
panicked,3
near-total,1
disputed,82
post-war,12
enlisted,2
geographic,6
lime,1
postage,4
devastating,42
nascent,2
daunting,2
petroleum-based,1
longstanding,6
civilian-to-civilian,1
nonpermanent,6
self-governing,5
self-appointed,1
multiparty,12
legislative,56
constitutional,112
vast,29
national-level,2
sound,12
blind,5
dying,3
strict,24
ball-point,1
non-lethal,1
53-member,1
industrialized,27
poverty-stricken,2
non-permanent,5
expanded,4
325-member,1
on-going,4
separatist,61
outgoing,14
equal,19
record,2
sichuan,3
four-party,3
rice-growing,1
metric,14
rice-producing,1
objectionable,1
insolent,2
royal,14
third-party,2
anti-monopoly,1
re-taking,1
pluralistic,1
interwoven,1
outstanding,21
rugged,11
electronic,27
slain,2
22-year,4
inconclusive,4
far-right,3
u.s.-german,1
conflict-related,1
conventional,8
wounded,19
pre-dawn,10
dawei-ye,1
affected,23
three-kilometer,3
10-kilometer,4
poultry,12
10-day,5
impressive,8
quarterfinal,6
democracy-building,1
artificial,4
forceful,3
venezuela-based,1
biased,3
u.s.-run,2
hemispheric,1
latin,29
accurate,8
objective,3
unicameral,1
semifinal,8
04-feb,1
first-set,2
second-seeded,4
armored,21
anti-nato,1
pro-western,15
anti-alliance,1
reprehensible,4
aids-related,1
al-shabab,3
functioning,1
welcome,10
eager,5
anti-malaria,3
mosquito-born,1
resistant,7
targeted,14
conciliatory,1
anti-israeli,2
israeli-occupied,1
14-year,1
veterinary,17
bird,11
unresolved,10
supreme,14
infamous,5
favored,2
two-time,6
july-august,1
hezbollah-led,2
unlikely,17
war-damaged,1
u.n.-supervised,1
competitive,10
recreational,2
crowded,30
home-grown,2
ailing,10
fruitful,5
ceded,2
elected,8
frail,2
84-year-old,5
spending,1
big,33
internationally-backed,3
newly-energized,1
president-elect,11
narrow,18
state-funded,3
u.s.-mediated,3
decades-old,8
deep,40
war-shattered,3
penitentiary,3
high-ranking,20
particular,17
ideal,5
reversed,1
24-year,1
attempted,17
uncomplicated,1
ad-diyar,1
fragile,13
11-year,1
underground,26
confidential,10
denial-of-service,1
inaccessible,3
abandoned,8
repatriated,1
wet,4
quiet,17
five-match,3
one-day,5
12-year,4
three-judge,2
brutal,21
middle,7
aware,20
improvised,10
upper,35
intended,7
indian,1
unfounded,7
block-by-block,1
first-hand,3
shanghai-bound,1
in-flight,2
canadian-made,2
prestigious,7
geneva-based,5
errant,3
lengthy,12
afghan-based,1
revolutionary,14
stepped-up,4
fellow,20
unpunished,3
pro-taleban,16
one-on-one,2
wide,36
six-nation,24
native,32
amerindian,2
spanish-american,1
subsequent,25
illicit,5
alien,1
climatic,2
russo-japanese,3
entire,51
soviet-sponsored,1
ostensible,2
outside,26
ultimate,6
eventual,14
managerial,1
military-related,1
inward,1
relative,14
unsustainable,3
services-based,1
whole,14
18-wheeler,1
front,8
tribunal,33
british-sponsored,1
pro-independence,8
rightist,10
tropical,58
19-year-old,7
pandemic,5
energy-efficient,3
rank-and-file,3
u.s.-mexican,3
37-million,1
non-stop,3
thankful,1
bountiful,2
constituent,4
computerized,1
tamper-proof,1
biometric,1
recognizable,1
re-build,1
potent,2
harsh,28
fatal,22
17th-century,1
46-member,2
incorrect,6
aid,15
cross-border,29
unprecedented,24
pre-emptive,3
sick,22
secondary,8
disciplinary,8
asleep,10
crucial,28
fundamental,7
fresh,40
non-arab,5
temporary,42
continental,2
government-backed,22
au-sponsored,2
u.s.-educated,1
spiritual,25
73-year-old,3
abdominal,5
12-hour,3
u.s.-backed,25
eternal,4
60th,2
liberal,14
unreliable,3
understandable,2
headgear,1
europe-wide,1
night-time,2
ridiculous,5
contrary,4
innocent,26
recorded,2
arabic,14
long-standing,14
shoe-bombing,1
steep,13
silent,7
coercive,1
hamas-controlled,4
arab-israeli,2
multi-million,8
monetary,21
increased,31
semi-official,1
major-general,1
exact,16
tense,12
u.s.-venezuelan,2
educational,7
costly,6
pan-iraqi,1
55-member,2
non-jewish,2
discriminatory,2
award-winning,4
three-week,6
skilled,10
refined,6
abundant,3
bigger-than-expected,1
3-month,1
contingent,14
least-developed,1
african-based,1
secretary-general,14
fact-finding,9
homosexual,1
strasbourg-based,1
gay,8
sexual,32
satanic,1
government-appointed,1
colonial,6
enviable,1
excellent,10
sustained,12
considerable,14
downward,10
impossible,12
irremediable,1
mad,6
florida-based,1
basque,3
female,46
40-year,4
unilateral,17
unscheduled,2
13th,2
all-night,2
flat,9
focal,3
pro-kurdish,6
partial,20
influential,32
trained,5
upset,6
informed,2
reclusive,4
ethiopian-backed,5
anti-drug,14
vicious,3
unrelated,7
french-funded,1
well-placed,1
seeded,8
eighth,13
acting,9
macedonian-american,1
professional,20
revised,6
100-meter,6
one-100th,1
wind-assisted,1
closed-door,2
anti-globalization,3
two-hour,3
carnival-like,1
gaudy,1
colorful,6
vegetable,3
three-time,3
underway,15
half,6
boundary,2
binding,4
factual,2
electric,14
filthy,1
anti-missile,4
sole,13
tired,2
five-year,18
al-nahda,1
imprisoned,12
jailed,21
damaged,10
rampant,6
all-around,1
right,30
accelerated,2
crimean,3
haze-hit,1
nuclear-free,5
irrelevent,1
super-combined,3
second-fastest,1
non-perishable,1
persistent,13
surface-to-surface,3
undisclosed,11
informal,16
30-thousand,1
u.n.-afghan,5
winning,1
convertible,4
casual,1
drug-smuggling,3
pakistani-controlled,2
toy-shaped,2
sporadic,14
islamist-rooted,3
newly-elected,8
jordanian-born,4
jordanian,38
hispanic,4
musical,9
well-known,13
registered,10
distant,10
vote-buying,1
g-8,3
sub-saharan,8
iraq-based,1
same-sex,9
doctor-patient,1
fossil,3
practical,4
advanced,21
anti-aircraft,9
s-300,1
shorter-range,1
various,52
challenging,5
live-fire,1
first-ever,6
amphibious,3
mountainous,37
faulty,3
speed-sensing,1
male,15
terrible,1
40-year-old,5
swine,8
contagious,6
oil-based,1
proven,2
co-educational,1
crown,1
low-cost,7
ever-increasing,1
polynesian,4
administrative,20
arbitrary,5
rigorous,2
retroactive,3
disruptive,3
unified,9
threatening,4
hazardous,8
no-go,1
lenient,3
hygienic,3
optimistic,17
illegitimate,4
grateful,5
underwent,1
malignant,2
anti-japan,1
north-west,1
damaging,10
home-made,2
retired,32
top-ranked,2
coherent,1
re-establishing,1
regulatory,11
catastrophic,8
isaf,1
preventive,2
23-year-old,9
44-year-old,3
monthly,18
minimum,6
mutual,11
15-member,9
dire,4
rica-based,1
al-kharj,1
called-off,1
unsafe,5
then-iraqi,1
pro-moscow,2
five-judge,1
inexplicable,1
food-processing,2
scandinavian,3
immigrant,8
moroccan-born,1
eid,1
al-fitr,1
taliban-linked,3
inter-linked,1
bomb-proof,2
nato-afghan,3
resurgent,11
leaked,2
tabloid,1
outlandish,2
inconceivable,2
front-page,1
advisory,5
u.s.-bound,6
prior,12
disappointing,9
publicized,2
highest-ranking,7
battered,4
toxic,23
25-nation,3
soviet-made,1
communist-ruled,3
slovenian,2
secessionist,3
intensified,4
pro-syrian,35
itar-tass,8
airborne,3
marine,8
least,7
flagrant,2
original,25
block-to-block,1
prolonged,10
four-month,4
strained,5
farming,3
interesting,2
low-grade,2
nuclear-powered,1
anti-submarine,4
nighttime,3
repressive,10
racist,2
outrageous,2
anti-semitic,3
u.s.-pakistani,1
higher-level,1
unbeaten,2
anti-violence,1
sympathetic,3
u.s-led,5
minister-designate,2
decade-long,10
american-based,1
poorly-equipped,1
india-pakistan,2
62-year-old,2
iraqi-led,2
reprisal,1
gubernatorial,3
socio-economic,3
landless,8
leading,12
respective,6
non-political,1
unpopular,9
responsive,1
five-member,5
manufactured,8
tiny,18
bauxite,1
resilient,6
debt-to-gdp,3
onerous,1
mid-to-late,1
high-priced,1
incredible,3
comparable,5
exposed,3
expansionary,5
inflexible,2
high-security,6
taleban-linked,1
kurdish-dominated,1
bureaucratic,5
striking,6
anti-labor,1
day-long,3
sunny,4
drastic,2
anti-taliban,6
76-year-old,2
u.n.-proposed,1
charred,5
sketchy,4
acclaimed,1
avant-garde,1
famed,5
gilded,1
surgical,5
unsuccessful,13
judicial,25
indiscriminate,2
disproportionate,1
interested,11
beleaguered,2
terror-related,4
u.s.-occupied,1
material,2
declassified,2
dated,3
centrist,4
snow-covered,1
then-georgian,1
moral,10
20th,2
turin-born,1
200-meter,3
one-percent,1
mainland,17
fujian,4
60-year-old,5
france-3,1
solid,19
balanced,4
migrant,7
unlawful,6
unjustifiable,1
populated,11
al-faisal,1
long-armed,1
robotic,5
arctic,3
sophisticated,8
highest-level,3
experimental,2
accidental,10
scared,1
untrue,1
reported,13
happy,15
flawed,17
court-ordered,10
irreparable,2
russian-backed,1
flexible,3
free-floating,1
55-nation,1
four-nation,5
one-billion-dollars,1
third-largest,6
third-quarter,7
breakaway,15
autonomous,12
unrealistic,2
inappropriate,10
months-long,2
western-style,1
mayan,2
irate,1
thirty-one-year-old,1
trivial,2
pre-recorded,2
100-day,1
re-vote,3
anti-corruption,14
fraudulent,18
violence-free,2
traumatic,2
northernmost,2
shipwrecked,2
victorian,1
awkward,1
two-part,1
military-backed,3
quarter-of-a-million,1
reluctant,5
two-year,6
policemen,1
flag-waving,2
outspoken,8
48-year-old,2
anti-syrian,17
three-decade,6
most-wanted,2
sanitary,1
stricken,4
standing,1
unstable,5
korea-based,2
seasonal,8
intensive,9
non-elected,1
nine-year-old,4
confrontational,2
incompatible,3
courageous,6
31-year-old,13
backyard,1
depressed,5
plentiful,3
counterproductive,5
shattered,1
uninhabitable,3
second-largest,9
lively,2
joyful,5
selective,1
concrete,11
affordable,3
pro-palestinian,5
deceased,4
york-based,7
unwelcome,4
pro-whaling,2
tsunami-hit,4
reinforced,1
vacant,7
on-line,3
fast-growing,3
optical,1
infrared,2
nuclear-armed,6
rid,4
tunisian,1
45-year-old,2
fit,7
five-kilometer,1
10-meter,1
20-meter,1
30-meter,1
25-meter,1
rife,3
crippling,6
alternate,5
militia,1
78-year-old,10
ovarian,3
multilateral,11
moscow-backed,2
nearly-naked,1
anti-american,12
barbaric,6
thorough,6
united,16
russian-ukrainian,1
adverse,4
anti-apartheid,5
near-record,2
re-stating,1
attractive,7
poisonous,5
virtual,9
enthusiastic,2
forbidden,2
us-led,3
1,000-year,1
lasting,10
perpetual,5
much-honored,1
serial,1
valid,8
spent,7
bomb-grade,3
130-thousand,1
government-ordered,2
german-owned,1
grief-stricken,1
emotional,4
anti-retroviral,3
beijing-based,1
thriving,2
austro-hungarian,9
interwar,2
fascist,2
anti-soviet,1
bloodless,10
pro-thaksin,2
arson-related,1
malay-muslim,1
anemic,4
subsistence,2
marginal,1
phosphate,4
geographical,3
highly-developed,1
substantial,35
sizable,9
frightened,2
deficient,2
lone,3
berlin-based,2
bipartisan,7
non-jews,2
gulf-area,1
oil-producing,8
government-held,3
indescribable,1
later,5
al-ahbash,2
off-duty,1
military-owned,1
e2-k,1
five-story,4
nominating,2
heavily-armed,1
cerebral,1
comatose,2
karate,1
equestrian,1
equine,1
prevalent,3
rapid-reaction,1
distinctive,4
martial,6
jolie-pitt,1
involved,3
likud-led,2
semi-arid,1
rain-fed,1
concentrated,1
extreme,16
second-ranked,1
round-robin,1
federer-roddick,1
vice,3
hidden,4
12-kilometer-high,1
on-the-ground,1
turkish-dominated,1
mass,26
gaza-egyptian,1
blatant,4
state-engineered,1
energetic,2
non-binding,7
snap,3
upscale,3
brazen,1
russian-made,7
tehran,4
french-colombian,3
demilitarized,2
underwater,2
imminent,9
closely-watched,3
german-made,2
high-powered,1
plea-bargain,1
pro-tibetan,1
tibetan-american,1
memorial,10
foster,1
no-confidence,14
blue,5
authorized,3
standard,8
burqa-clad,1
impartial,4
1,700-year-old,1
256-ad,1
best-preserved,1
22-year-old,4
one-half,2
three-story,1
132-seat,1
acceptable,5
vulgar,1
daylight,3
18-day,1
muslim-run,1
indo-aryan,1
successive,9
rocky,1
adjacent,8
suitable,3
specialized,2
added,5
free-trade,3
unskilled,2
us-central,1
american-dominican,1
historical,7
bold,4
ambitious,16
private-sector,3
non-disbursing,1
fat,2
sleek,2
undetermined,5
anti-islamic,5
improved,12
transmitted,5
north-south,5
cyanide-based,1
kremlin-backed,2
london-based,14
unfair,17
arabian,5
non-american,4
long-haul,1
medium-haul,1
anti-european,2
cricketer-turned-politician,1
lieutenant-general,3
automatic,7
assistant,3
near-daily,2
restrictive,7
non-violent,4
makeshift,3
plastic,5
british-based,4
productive,7
underlying,2
military-ruled,8
lazy,1
chaotic,7
left-footed,1
generous,5
mental,5
yearly,4
migrating,1
inadmissible,2
parked,6
slim,5
16-goal,1
03-mar,1
120-member,4
two-thousand,2
near-simultaneous,3
skewed,1
u.n.-appointed,1
bomb-laden,1
purported,19
mine-clearing,1
shan,2
unexpected,7
front-line,1
insulting,1
polish-born,1
first-serve,2
37-degree,1
river-linking,1
surplus,1
flood-prone,3
newly-formed,1
worst-ever,1
wooden,5
nine-member,6
day-to-day,2
budgetary,7
personnel,1
pro-israel,1
conservative-dominated,1
unannounced,8
looted,1
shady,1
fledgling,2
present-day,4
gas-producing,1
sedimentary,1
unexplored,2
reliable,2
handsome,3
beautiful,6
disappointed,5
unusual,10
curious,1
hybrid,13
20-thousand,1
existing,2
benchmark,8
alert,2
shotgun,2
avid,2
affluent,3
overweight,2
obese,2
honest,11
67-year-old,5
11-year-old,6
flu-related,2
protective,5
island-wide,1
demobilized,3
port-au-prince,1
scarce,5
36-year-old,5
number-two,4
crippled,1
pre-marked,1
transparent,9
interceptor,1
stiff,11
mainstream,3
fresh-cut,1
anti-abortion,1
landmark,5
south-west,1
street-to-street,1
obvious,4
hurricane-damaged,2
syrian-backed,6
indoor,8
top-seeded,9
11-nation,1
fitting,4
italian-born,1
china-north,1
conducive,3
light-water,3
re-planted,1
spring-break,1
unaccounted,3
distinct,3
spinal,4
embryonic,2
unidentifiied,1
gruesome,1
large-caliber,1
spontaneous,2
power-sharing,18
five-decade,1
never-before-seen,1
high-definition,1
magnetic,2
solitary,4
month-old,1
post-tsunami,2
hard-hit,9
upbeat,3
sanctuary,1
al-hadhar,1
nonproliferation,1
fingerprinting,1
lawless,8
fiery,3
inside,5
unabated,4
ordinary,9
istanbul-based,1
cuban-born,1
stringent,3
275-member,6
bright,3
indigenous,26
inaugural,4
year-long,6
republican-proposed,1
simple,14
himalayan,13
sino-tibetan,1
trans-atlantic,2
middle-income,4
medium-term,2
indebted,1
crisis-related,1
ill-fated,1
exclusive,13
favourite,2
lonely,2
sharm-el-sheik,1
respected,3
hardest-hit,10
execution-style,6
49-year-old,4
three-set,5
sudan-chad,1
weeklong,3
straight-set,3
tall,5
triple,9
73rd,1
anti-chinese,1
morale-boosting,1
limited-overs,1
tried,1
wide-ranging,5
dried,1
classic,3
coordinated,15
unreasonable,4
drunken,3
earth-moving,1
forced,9
overland,2
career-best,1
second-ranking,1
chinese-sanctioned,1
offensive,13
tamil-majority,1
failed,24
universal,9
snow-shortened,1
super-giant,1
c-130,1
widely-used,2
iraqi-born,2
beheaded,2
intellectual,4
meat-cutting,1
tsunami-ravaged,2
greek,2
undercover,1
head-on,4
streptococcus,1
inaccurate,2
hemorrhagic,6
anti-u.s.,7
rainy,1
logical,3
round-trip,1
guided,1
costumed,1
evil,5
frightening,1
make-believe,1
secure,9
government-owned,2
mammoth,3
vulnerable,25
dual,10
soviet-dominated,1
one-party,7
issa-dominated,1
improper,5
smooth,4
unique,14
lip,3
long-handled,1
ear,1
gullible,1
inoperable,3
long-denied,1
amharic-language,1
premature,3
asia-europe,2
populist,3
front-runner,1
commanding,8
run-off,8
vote,3
enormous,5
anti-insurgent,5
written,7
half-english,1
gaza-bound,5
unaffected,2
heightened,10
misguided,2
two-million,2
working-level,2
moderating,1
equate,1
81-year-old,5
72-year-old,1
laughable,1
well-planned,1
orchestrated,1
paris-based,13
tp,1
shi'ite-dominated,7
anti-constitution,1
200-kilometer,1
caspian,1
eu-backed,1
viable,2
uneven,5
quake-stricken,1
phony,2
ninth-century,2
unexploded,4
controlled,6
well-trained,1
spider-man,2
web-slinging,1
irresistable,1
animated,4
broken,6
four-hour,3
legitimate,16
bengali-speaking,2
indian-pakistani,1
season-opening,1
satisfactory,4
land-based,1
64-year-old,6
flood-ravaged,3
uniformed,5
unprofessional,2
submachine,1
ex-wife,1
34-year-old,4
eu-latin,1
mock,2
u.s.-held,1
provisional,16
passive,1
intercepted,3
fedora-wearing,1
supporting,3
military-to-military,2
diverse,11
24-year-old,7
formidable,2
encouraging,4
unhappy,4
hive,1
sacred,5
brute,1
dare,1
silly,1
touching,2
al-aqsa,3
hooded,4
sardinian,1
clean,20
storm-damaged,1
flood-stricken,2
patrol,4
227-kilogram,1
jobless,7
three-member,4
tidal,6
khartoum-backed,2
theme-park-like,1
intoxicating,1
five-month-long,1
sunni-backed,1
cross-sectarian,1
open-ended,2
163-seat,1
anti-fraud,3
congratulatory,2
satisfied,4
embassy,13
side-by-side,3
prepared,5
inter-american,1
anti-bush,2
southern-based,1
anglo-spanish,1
moscow-led,1
ex-soviet,1
decades-long,8
maritime,3
18-year-old,4
21-year-old,6
low-ranking,1
bankrupt,3
two-and-a-half-year,2
amicable,1
animist,1
muslim-dominated,8
intact,3
dovish,1
ultra-orthodox,6
losing,1
defeated,3
450-seat,3
suspect,9
35-member,4
non-aligned,5
european-iranian,1
non-proliferation,4
supervised,2
much-publicized,1
three-hour,3
running,1
disarmed,2
non-muslims,1
black-market,2
elite,5
government-sponsored,5
resolute,1
cardiac,1
umbrella-like,1
countless,2
tsunami-producing,1
first-class,1
gritty,1
complimentary,2
pro-business,4
adult,5
mysterious,4
28-year-old,8
well-documented,2
arab-islamic,1
brigadier-general,3
un-islamic,2
seminary,2
150-year-old,1
bulletproof,1
remodeled,1
syrian-born,1
dramatic,10
insurgency-related,2
accessible,2
non-oil,6
liquefied,1
three-year,2
continuous,4
outlying,1
landlocked,14
macroeconomic,15
unequal,4
ungrateful,1
systematic,5
clear-cut,1
pink,4
short-range,7
pro-socialist,1
post-election,15
fried,1
brisk,2
acute,7
frivolous,4
continual,1
ethical,8
corporate,11
israeli-based,1
anti-election,1
widely-expected,1
autoimmune,1
forthcoming,1
beset,1
unemployed,6
worried,5
once-a-decade,1
inexpensive,4
balkan,8
number-five,1
unseeded,5
contributing,1
unborn,2
out-of-competition,1
cross-country,6
blood-doping,1
loud,4
h1-b,2
doctorate,2
inseparable,3
week-long,3
lead-up,2
balmy,1
measurable,2
40-day,1
six-story,2
post-communist,3
lush,1
prize-winning,3
82-year-old,4
founding,5
dismayed,1
reliant,2
court-martial,4
docked,1
30-year-old,10
defiant,3
u.s.-russian,5
hateful,1
anonymous,5
80-page,1
brown,1
red,10
pelted,1
mosquito-infested,1
uncolonized,1
marxist,14
simultaneous,10
chaldean,1
contemporary,4
oriented,1
pakistan-based,9
smart-1,1
solar-electric,1
interplanetary,1
short-wave,1
52-year-old,4
murdered,1
two-hectare,2
unadorned,1
rigid,3
repeated,9
internationally-brokered,2
blank,4
lax,1
indian-controlled,4
loving,1
earthquake-ravaged,1
quake-hit,2
embedded,1
american-made,1
captive,5
pro-hezbollah,1
israel-hezbollah,1
nervous,11
portable,3
supportive,3
30-year-long,1
overdue,2
75-member,1
meaningful,3
heated,4
crossed,1
papal,3
radioactive,5
stated,2
biological,7
obtainable,1
radiological,1
convinced,1
clandestine,8
nuclear-capable,7
egyptian-sponsored,1
record-setting,1
groin,1
nuclear-whistle,1
outdoor,9
75-minute-long,1
ascendant,1
hijacked,5
636-type,1
shoot-down,1
eight-step,1
last-minute,9
seoul-based,1
europeanunion-russian,1
25-member,4
troubling,3
anti-tank,1
two-year-old,4
living,3
victorious,6
catholic,10
liquid,5
literary,3
hypothetical,3
presumed,2
12-point,1
plus,2
minus,2
non-member,1
five-man,1
denial,1
cash-strapped,2
low-priced,4
battery-operated,1
arab,1
malay,2
convoy,3
subsidized,4
sluggish,5
low-value-added,1
closed,14
centrally-planned,1
open-market,1
gray,4
inefficient,6
antiquated,1
thermal,3
high-grade,4
amended,2
fluctuating,1
dominate,1
pre-independence,1
agriculture-led,1
undeveloped,2
columbite-tantalite,1
base,1
unjust,2
imaginary,3
20-ton,2
human-rights,5
centuries-old,5
arab-african,1
saharan,1
embattled,9
rebel-,1
u.s.-owned,2
anticipated,3
certified,2
46-nation,1
aerial,7
5.7-kilometer,1
privileged,5
sino-american,1
cheap,6
midnight-to-dawn,1
deteriorating,6
cocoa-growing,1
precious,6
excess,5
eight-thousand,1
anti-oxidant,1
larger-scale,1
high-calorie,1
hurled,1
pivotal,1
free-lance,1
tent,6
17-year,6
mandatory,7
coal-fired,1
mixed-team,1
season-ending,2
20-year-old,10
occupying,2
inner,2
appointed,1
julian,2
gregorian,1
farewell,3
hasty,1
ranking,7
facial,2
anti-cholesterol,1
precision-guided,1
tangible,3
disturbing,2
circumvent,1
inconvenient,2
damascus-based,1
vigilant,2
european-brokered,2
shrapnel-packed,1
terrorist-related,2
unsuitable,1
fundamentalist,1
foreign-made,1
music,1
ethnic-chinese,2
somali-ethiopian,1
squalid,1
football-shaped,1
misanthropic,1
pretrial,2
15-year-old,13
technological,6
fifth-largest,5
oil-exporting,2
five-nation,2
gold,5
endurance-boosting,1
environmentally-friendly,1
efficient,6
irresponsible,11
installed,4
unconditional,4
war-time,1
two-week-long,1
israeli-egyptian,1
52-week,1
contentious,10
proportional,2
well-developed,6
boastful,1
dear,2
vain,1
flourishing,1
splendid,3
whispered,1
33-year-old,2
ecuadorean,9
doomed,2
southwest,7
reverse,3
one-child,1
complex,7
intermittent,3
dissident,9
israeli-lebanese,1
stray,3
u.s.-funded,9
sincere,7
conductive,1
tsunami-affected,2
225-seat,4
cooking,1
persona,1
state-sponsored,3
clan,6
3,200-strong,1
secondhand,2
smoke-free,1
disease-causing,1
earthquake-triggered,1
pointed,1
one-storey,1
baden-baden,1
ill,11
fourth-quarter,5
hourly,1
bullet-riddled,3
known,2
13-point,1
staunch,3
dubious,1
heavily-militarized,1
needing,1
inflated,3
indefinite,4
conceivable,1
hydroelectric,8
123-kilometer,1
british-run,1
subterranean,1
31-member,2
unforseeable,1
18-year,2
revealing,1
abducted,3
pointless,1
seven-hour,2
deliberate,6
post-saddam,2
degraded,1
paddy,1
37-a-share,1
pursuant,3
credit-driven,1
tame,1
un-organized,1
autonomy,1
hungry,6
yellow,3
hair-raising,1
alarmist,1
islamist-led,2
5-member,1
all-inclusive,1
second-round,1
surprising,2
1-0,4
african,1
stunning,2
french,1
01-jan,4
inauspicious,1
seven-time,2
muscle-building,1
restricted,8
performance-enhancing,2
oral,2
stormy,4
audiotape,2
merciful,1
consulate,1
18-years-old,1
operational,16
non-essential,4
disgruntled,3
one-meter,2
anti-india,2
teargas,1
anxious,5
invincible,1
siberian,4
wise,4
number-one,5
ankle,2
taleban-led,8
greek-led,2
sore,1
regular-season,1
all-star,2
yellow-shirted,1
perfect,6
ring-shaped,1
sensual,1
60,000-seat,1
sambadrome,1
11-style,1
wide-body,1
tanzania-based,1
anti-tutsi,1
archival,1
16-team,1
face-to-face,3
cedatos-gallup,1
anti-castro,3
spanish-language,2
long-delayed,1
beaten,2
57-member,3
baltic,5
promised,8
emaciated,1
unproven,1
dozen,1
pronounced,2
implicated,1
payable,1
n.j.-based,1
cosmetic,3
year-ago,2
anti-takeover,1
dutch-speaking,1
french-speaking,3
irrigated,1
ex-communist,1
learned,1
israeli-built,1
rock-throwing,1
barbed,1
60-day,1
cheerful,2
gradual,8
speculative,1
sovereign,16
occupy,2
pro-syria,1
pre-trial,2
small-scale,9
entrenched,3
dismantled,2
afraid,8
crushing,1
nasal,2
bless,1
timely,2
parlimentary,1
election-related,4
insurgent-plagued,1
four-year-old,3
devout,1
two-member,1
last-ditch,1
honorary,3
academic,5
32-million-barrel-a-day,1
antitrust,2
unjustified,5
encased,1
hiv-positive,8
gas-rich,2
outdated,4
iranian-made,1
aborted,1
susceptible,1
life-saving,3
absentee,1
driving,1
blizzard,2
snapped,1
al-rasul,1
cash-only,1
collective,4
sweet,1
five-time,2
15-kilometer,2
81-4,1
25-year,4
little-known,4
unverifiable,4
black-clad,1
reproductive,1
quake-damaged,1
unvarnished,1
mere,4
downsized,1
prudent,7
anti-independence,1
technology-intensive,1
mid-2006,1
oil-and-gas,1
remarkable,4
diversified,6
tuna,1
back,15
non-food,1
code-named,1
democratic-controlled,2
policy-setting,1
berth,1
two-run,2
pessimistic,5
twin,9
valuable,7
09-sep,1
21-year,3
21-month-old,2
would-be,8
anti-polio,1
17-year-old,2
unmarried,1
vice-presidential,2
teen,6
intermediate,1
uncalled,1
deciding,2
german,2
eritrean-backed,1
control,1
iranian-backed,2
energy-related,1
unauthenticated,1
accompanying,2
220-kilogram,1
pharmaceutical,11
cervical,6
cancerous,2
immune,3
counter,2
five-day,7
fatah-allied,1
fatah-led,2
two-lane,1
awesome,1
feminist,1
tearful,2
12.5-kilometer,1
man-made,3
non-environmental,1
well-timed,1
u.n.-brokered,2
top-secret,1
billion-dollar,1
hong-kong-based,1
preferred,8
retractable,1
free-enterprise,2
maximum,11
easy,7
nominal,4
export-oriented,3
well-educated,1
vigorous,4
centralized,3
jealous,2
unpleasant,1
accustomed,2
implacable,1
complicated,2
pathogenic,5
u.-s.-led,1
armor-piercing,1
anti-mine,1
29-member,1
slow-moving,5
nicotine,3
addictive,1
lslamic,1
79-year-old,4
non-muslim,3
hmong,2
midwestern,10
enhanced,4
49-year,1
hand-chosen,1
iraqi-americans,1
iranian-american,6
jordanian-american,1
prayerful,1
5.1-magnitude,1
seismological,1
across-the-board,2
first-half,1
nigerian-born,1
two-goal,2
soviet-built,1
flowing,1
p-50,1
northern-based,5
clean-up,2
drinkable,1
nonbinding,1
unfit,2
83rd,1
29-year-old,4
often-deadly,1
genital,1
no-win,2
military-installed,2
naturalized,2
afghan-nato,1
26-year-old,6
multi-national,1
deep-sea,2
12-country,1
27-member,1
gang-related,1
suburban,1
website,5
blindfolded,2
farm-raised,1
insufficient,10
197-page,1
seven-year-old,4
compelling,1
caracas-based,1
pro-opposition,3
65-to-22,1
six-carat,1
vivid,1
crystal,1
sarajevo-based,1
arable,2
tumultuous,1
tacit,1
inhabited,2
capitalist,2
16-year,3
highly-indebted,2
mortal,2
antipathy,1
court-approved,1
malicious,3
disgusting,2
nonexistent,1
uncontained,1
arch-rival,2
shi'ite-majority,1
others,1
low-intensity,1
pro-pakistani,1
constructive,8
800-meter-wide,1
six-wheeled,1
adolescent,1
sub-prime,2
high-altitude,3
togolese,3
south-central,3
gang-raped,1
contractual,1
liberian-flagged,1
triple-jump,1
american-born,1
circulatory,1
cardio-circulatory,1
urinary,1
wayward,1
e-mail,7
unreported,5
money-laundering,2
vibrant,1
decision-making,3
exchange-rate,1
14-thousand,1
pleased,4
constant,5
parish,1
30-kilometer,1
undesirable,1
anti-secession,8
non-peaceful,3
german-born,3
trilateral,1
nairobi-based,1
semi-permanent,1
44th,1
scoreless,1
half-time,1
02-jan,3
wonderful,2
74-year-old,6
doubtful,1
rebellious,2
principal,6
after-tax,2
composite,7
capital-intensive,1
stand-by,2
debt-restructuring,1
ineligible,1
debt-relief,1
public-private,2
expatriate,5
untaxed,1
mined,1
overstaffed,1
envisaged,1
autocratic,5
discounted,4
abusing,1
largely-muslim,1
war-induced,1
booby,1
sub-continent,1
unsanctioned,1
keen,2
anti-trust,3
luxembourg-based,2
inflammatory,2
re-scheduled,1
ultranationalist,3
hill-top,1
day-time,1
regrettable,3
03-feb,1
23rd,3
48th,1
islamic-rooted,1
solidify,1
nationalistic,1
russian-speaking,1
ukrainian-speaking,1
scattered,4
notable,2
match-fixing,2
malaria-fighting,1
ineffective,3
artemisian-based,1
mosquito-borne,2
ambiguous,2
275-seat,3
unconfirmed,4
iraqi-american,1
u.n.-protected,1
micro-miniature,1
one-point-three,1
mathematically-based,1
mundane,1
politically-motivated,3
fasting,1
11th-hour,1
700-billion,1
century-old,2
closed-circuit,1
100-year-old,1
half-hearted,1
ripe,1
water-borne,2
pretax,2
demographic,3
necessitate,1
reduced,11
attributable,3
neutral,9
state-orchestrated,1
rpf-led,1
post-genocide,1
well-to-do,3
comparative,1
sheep,2
non-eu,1
apt,2
machine-gun,1
passionate,1
hillside,1
listed,1
suppress,1
anti-pollution,1
80-meter,1
pre-election,7
161-seat,1
anti-free,1
aflame,1
opposite,2
compressed,1
liquified,1
stand-up,1
cnn-ibn,1
explosives-filled,2
antiviral,1
mutilated,4
25-meter-long,1
prehistoric,1
plant-eating,1
5,500-member,1
politically-dominant,1
stranded,5
worst-hit,6
al-anbar,5
15-year,5
60-kilometer,1
twice-weekly,1
miami-based,2
eight-man,1
third-round,1
high-resolution,1
precise,1
turkish-iraqi,1
well-supplied,2
anti-al-qaida,1
deceptive,1
05-apr,1
hid,3
cigarette-labeling,1
violence-plagued,2
weary,1
spare,6
highest-rated,2
extended,12
55-to-45,1
postwar,3
combat-related,1
per-capita,2
non-partisan,1
threefold,1
negar,1
seismic,3
dui-related,1
alternative-medicine,1
unconventional,1
baseless,7
53-country,1
iraq-style,1
defensible,1
albanian-led,2
mauritanian,5
changed,1
high-end,1
longest-serving,2
un-negotiated,1
delicate,3
non-traditional,1
defaulted,1
discouraged,1
lethal,17
uphill,1
environment-friendly,2
mineral-rich,1
ria-novosti,1
two-and-a-half,1
flu-like,1
4-0,2
lausanne-based,2
multimillion,1
systemic,3
athletic,1
staggering,1
69-43,1
120-seat,1
expected,2
re-appointed,1
out-of-work,1
ruined,2
u.n.-led,1
unimaginable,3
six-country,2
sandy,2
floating,3
gaza-based,2
pro-bush,1
patient,5
upward,3
accountable,7
non-ethnic,1
fundraising,1
consensual,4
corruption-related,2
sweeping,7
native-born,2
market-share,1
8-year-old,1
nations-funded,1
dirty,5
syria-based,1
daytime,1
10-year-old,4
war-related,2
contradictory,3
celebratory,2
separated,1
mistaken,1
over-the-counter,2
commodity-based,2
greek-speaking,1
protracted,2
euro-denominated,1
recurrent,6
bloated,3
earth-orbiting,1
celestial,1
astronomical,1
haitian-american,1
fowl,1
harmless,3
migratory,12
folded,1
peugeot-citroen,1
anti-iranian,1
stab,1
protestant,5
identical,1
win-loss,1
10-nation,2
promising,2
miliant,1
developmentaly-oriented,1
dictatorial,2
unanimous,6
25-years-old,1
four-year,12
tragic,3
storied,2
hefty,2
post-assassination,1
u.s.-european,1
speedy,2
self-defense,2
nile,1
six-to-11-year-old,1
sold-out,1
stalinist,2
nuclear-fuel,2
three-month,2
turkish-armenian,1
russia-backed,2
eight-year,2
animal,4
exponential,1
decentralized,1
taliban-led,5
shoulder-fired,2
nonessential,2
fist,1
uniform,1
wholesale,5
35-nation,3
year-earlier,2
start-up,1
midsized,2
larger-than-normal,1
free-market,5
corruption-free,1
aragonite,1
imprudent,1
thoughtful,1
hubble,1
mauritanian-algerian,1
illegally-built,1
communist-run,1
four-decade-long,1
visible,3
lucky,2
roasted,2
valiant,1
conflicting,5
overthrew,1
598-seat,1
democratically-elected,2
12-year-civil,1
precursor,1
defunct,2
needy,4
venezuelan-owned,1
unused,5
four-kilometer,1
co-called,1
rebel-backed,1
faultless,1
unlocked,1
18,000-strong,1
popularly,1
pricey,1
environment-themed,1
pre-islamic,1
post-invasion,1
deadlocked,2
279-a-ton,1
u.n.-congolese,4
foreign-backed,2
21-member,4
undated,1
300-million-dollar,1
ten-man,1
nicaraguan,1
broad-based,1
innovative,5
sight-seeing,1
run-through,1
self-declared,2
b-1,1
religion-based,2
narrow-minded,1
baked,2
46-year-old,3
pre-tax,1
jute,1
apparel-assembly,1
market-based,4
livestock,1
10-member,2
preferential,2
annoyed,2
content,3
sour,2
unwilling,2
oil-laden,1
cleaned,1
oily,1
waterborne,3
time-stamped,1
pet,1
recently-halted,1
often-stalled,1
long-time,7
60-member,1
malaysian-led,1
three-decade-old,1
often-fatal,1
grim,3
welded,1
psychiatric,4
smart,4
compassionate,2
floral,3
terror,1
mortar,3
05-jan,1
untapped,1
unconstitutional,8
uranium-enrichment,1
definite,1
photographic,1
maoist-led,1
two-week-old,1
muslim-inhabited,3
metropolitan,2
taliban-dominated,1
unaware,2
post-taleban,1
rifle,2
vested,2
turkic-speaking,2
point-blank,2
side,2
u.n.-chartered,3
el-maan,3
10-person,1
non-cooperation,1
operative,2
india-us,1
2.5-year,1
al-mustaqbal,1
all-spanish,1
four-sets,1
featured,2
conditional,2
industry-wide,1
bomb-making,6
wrongful,2
u.s.-built,2
murderous,2
aquatic,3
anti-maoist,1
newly-signed,1
civic,2
macro-economic,1
hamas-regulated,1
non-approved,1
300-km,1
hot,13
tumultous,1
hollow,1
heartless,1
convergent,1
lifestyle,1
oversold,1
inclusive,2
line-item,3
wasteful,2
sino-russian,1
once-bitter,1
uncensored,3
palestinian-owned,1
olive,4
hardcore,1
communist-era,3
conscious,1
15-second,1
married,3
andean,6
nonspecific,1
uncorroborated,1
host-country,1
super,1
anti-proliferation,1
nonrefundable,1
drawn-out,1
angeles-based,1
bloodthirsty,1
hated,1
provocative,6
six-month,2
anti-dumping,3
pirate-infested,1
melted,2
re-arming,1
eight-year-old,2
faction,1
hamas-dominated,2
225-kilometer-long,1
stripped-down,1
reformist,3
malaysian,1
scathing,1
commerical,1
untreated,1
earthquake-hit,1
untouched,2
visa-free,1
foreign-born,1
thin,4
force-feeding,1
interfaith,2
four-decade,4
unaffiliated,1
above-market,1
presidential-parliamentary,1
inefficiently-governed,1
single-most-important,1
soviet-era,7
insurgency-plagued,1
u.s.-iranian,1
judiciary,1
27-year-old,7
bomb-shaped,1
al-jazeera,3
british-born,3
abhorrent,2
thai-burmese,1
veteran,4
re-starting,1
odd,1
unlimited,1
totalitarian,1
ritual,4
farsi-language,1
student-led,2
manila-based,1
simulated,1
insurgent-related,1
experienced,4
twenty-one-year-old,1
tear-gas,1
india-controlled,1
pro-pakistan,1
western-backed,1
iranian-born,2
18-a-share,1
alluvial,2
one-to-one,1
anti-money-laundering,1
supranational,1
country-level,1
polish-lithuanian,1
overarching,1
protectorate,1
tentative,3
socioeconomic,2
rustic,1
semi-annual,1
asia-pacific,5
mid-level,2
100-year,1
ex-president,1
mounting,3
sunni-dominated,1
thousand-strong,1
government-subsidized,1
drought-stricken,2
italian-run,1
39-year-old,2
joyous,1
somber,2
10-percent,2
truck-mounted,1
one-ton,1
undemocratic,2
make-shift,1
fuel-making,1
92-years-old,1
exuberant,1
frigid,1
parisian,1
cell-phone,1
required,1
dedicated,2
162-page,1
legendary,6
70-year-old,1
pyramid,3
al-ghad,3
medically-induced,1
sedated,1
backcountry,1
god-king,1
u.n.-sponsored,4
food-borne,1
white-owned,2
pneumonia-like,2
disfigured,1
whoever,1
chemical-plant,1
foul,1
outed,1
sad,1
cross-strait,1
exploratory,3
hand-held,1
helpful,6
newly-released,1
u.s.-launched,1
sandbag-reinforced,1
rain-flooded,1
anti-militant,2
all-cash,1
whites-only,1
multi-racial,1
anc-led,1
apartheid-era,3
general-secretary,1
extractive,5
export-led,1
negotiated,2
dynastic,2
strongest-ever,1
single-party,3
minimal,4
agrarian,3
subsistence-based,1
tuareg,1
selfish,2
wrathful,1
tyrannical,1
life-and-death,1
de-furred,1
black-hearted,1
three-match,4
10-man,1
anti-whaling,1
textile,8
prompt,2
us-mexican,1
six-day,2
union-sponsored,1
al-qaim,1
opposition-aligned,2
over-the,1
precautionary,2
tireless,3
nazi,2
subprime,1
well-qualified,1
interrupted,3
2,633-meter,1
second-place,1
incomplete,1
burial,3
tainted,3
grouper,1
malachite,2
eve,1
predominantly,1
taiwanese-american,1
three-phased,1
68-year-old,1
all-race,1
reckless,4
tremendous,5
ulent,1
republican-led,2
over-pricing,1
11th,4
judgmental,1
mean,2
incessant,1
ex-boyfriend,1
mindful,3
renowed,1
accomplished,2
clan-based,2
heat-shielding,1
rigged,2
somali,1
laissez-faire,1
archaic,1
service-oriented,1
israeli-hizballah,1
18-month,4
exploitable,4
meteorological,5
bbl/day,1
27-year-long,1
fishery,1
british-ruled,1
round,2
useless,2
insensible,1
month-to-month,1
faltering,2
heavily-guarded,2
lost,2
mian,1
tectonic,2
unspoiled,1
pristine,1
five-year-old,4
dutch-born,2
insurgency-hit,1
well-equipped,1
shrank,1
80-percent,1
two-man,2
psychic,1
eight-legged,1
prone,5
garlicky,1
pre-launch,1
pacific,1
bird-flu,2
mediocre,1
unpublished,1
12-nation,1
shi'ite-led,4
symbolic,4
third-place,2
prolific,1
frayed,1
non-functional,1
million-selling,1
longest-running,2
most-successful,1
/,1
tamil-dominated,1
ethnically-tibetan,1
ludicrous,1
45-a-share,1
locally-controlled,1
gaming-related,1
macau-made,1
tariff-free,2
multi-sector,1
high-income,2
value-added,2
patagonian,3
unregulated,1
antarctic,4
dynamic,5
olden,1
brilliant,2
indolent,2
dull,1
industrious,1
tabulated,1
vanquished,3
a-quarrelling,1
41-year-old,4
pre-paid,2
fixed-line,1
westerly,1
insured,1
2-0,1
inconsistent,3
iron-ore,1
exaggerated,1
once-popular,1
comic,3
wide-opened,1
unwanted,4
abused,1
pakistani-afghan,1
two-wheeled,1
one-meter-long,1
tricky,1
warrantless,1
non-opec,1
muslim-croat,1
top-level,3
grass-court,1
pre-2007,1
elevated,1
injure,1
stand-in,2
87-run,1
high-value,1
transatlantic,1
u.s.-iraqi,4
porous,1
iraqi-syrian,1
thunderous,1
71-year-old,4
beloved,1
four-million,1
boiled,1
80-kilometer-long,1
cancer-causing,5
pakistani,2
pakistan-bound,1
geological,1
12-minute,1
most-watched,1
single-day,2
non-combat,4
pyongyang,1
anti-pyongyang,1
three-thousand,1
gracious,1
arsenic,1
commandeered,1
4,410-kilogram,1
3,587-kilogram,1
51-year-old,3
asset-valuation,1
post-recession,1
un-sponsored,3
un-cambodian,1
antagonist,1
tailless,1
effects-laden,1
frustrated,3
pedophile,2
compatible,2
volt,1
uncalculated,1
costa,2
manual,1
fortified,1
rain-interrupted,1
record-tying,1
16th,2
defenseless,2
first-time,3
captain,1
easy-paced,1
extravagant,3
three-and-one-half,1
rocket-launched,1
non-smoking,1
anti-smoking,1
tortured,1
full-page,1
low-income,3
cold-weather,1
14-kilometer-long,1
voluntary,3
unwarranted,2
qualifying-round,1
second-leg,1
predominately,2
russian-georgian,1
slippery,1
blizzard-like,1
climate-friendly,1
ruling-party,2
suicidal,1
hiv-aids,1
peacekeeping,1
muslim-christian,2
missionary,1
non-islamic,1
then-director,1
fixed-price,1
sugar-based,1
trillion-dollar,1
noticeable,1
debilitating,1
opposition-led,2
al-hayat,2
pan-arab,2
bahrainian,1
orchestrate,1
flood-damaged,1
five-star,1
two-thirds,2
thai,1
incendiary,1
unpredictable,3
u.s.-controlled,2
single-worst,1
al-qaida-in-iraq,1
spying,2
nationalist,1
jumbo,2
jagged,1
spiral,1
sunni-led,1
recipient,1
flight,1
02-feb,1
competent,3
ethnically-divided,1
seceded,1
disadvantaged,3
processed,2
on-scene,1
festive,1
cool,2
brazilian-made,1
cost-cutting,4
acid,1
booming,10
karshi-khanabad,1
decisive,4
150-member,1
industry-backed,1
in-store,2
tourism-driven,1
second-most,2
stricter,1
lofty,2
tempting,1
obscene,1
non-government,1
saudi-syrian,1
unfastened,1
russian-born,1
nation-wide,2
sci-fi,1
eating,4
syndicated,1
second-biggest,2
refugee,1
nations-hosted,1
60-to-36,1
anti-iraqi,1
singapore-flagged,1
devoted,1
50-1,1
three-test,1
three-and-a-half,1
2.3-million-strong,1
firing,1
american,3
fuel-powered,1
economical,1
ultra-nationalist,1
anti-western,1
non-nuclear,1
yearlong,2
biblical,3
mexican-american,1
unchallenged,3
ceramic,1
four-month-old,1
crested,1
fourth-seed,1
inter-korean,2
558-page,1
cash-flow,1
imperial,7
post-soviet,2
semi-authoritarian,1
dual-island,1
enclave-type,1
bedding,1
institutional,2
abject,1
8.7-magnitude,1
government-allied,2
pro-reform,2
stun,1
insurmountable,2
pro-chavez,2
once-a-day,2
single-dose,1
bittersweet,1
left-of-center,1
painted,1
4,000-year-old,1
second-in-command,1
idle,2
foreign-run,1
50-year-old,4
best-selling,1
undefeated,2
eight-time,2
oppressive,3
lenghty,1
al-hayam,1
developing,6
electorate,1
84-year,1
unsanitary,1
box-office,1
consitutional,1
long-awaited,3
reversible,1
invasive,2
one-and-a-half,1
uterine,1
fibroid,2
deep-rooted,1
rapidly-growing,1
fixed-asset,1
much-maligned,1
pro-european,1
federally-mandated,1
sii-sii,1
8,000-strong,1
ambassador-designate,1
3-point,1
xenophobic,1
combative,1
securitate,1
concessional,1
3-year,1
60-40,1
nomadic,2
interethnic,1
uninterred,1
monstrous,1
long-lasting,2
posthumous,1
degenerative,1
twin-rotor,1
grenade,2
aegean,1
parched,1
privately-run,1
maoist-called,1
fifteen-year,1
turbulent,5
definitive,3
sexy,1
nasty,1
anti-piracy,6
one-sentence,1
justified,6
quake-ravaged,1
chant,1
patriotic,1
backed,1
seventh-seeded,2
burn,1
densely-populated,1
tightly-packed,1
recently-completed,1
two-state,3
cross-ethnic,1
water-dropping,1
firefighting,1
arid,2
blasphemy,1
punishable,3
grammy-winning,1
incomprehensible,3
hopeless,1
four-day-long,1
gift-giving,1
mythical,1
g-20,1
risky,1
25-million,1
high-seas,1
europrean,1
cnn-turk,1
anti-gang,1
oscar-winning,1
acquisition-minded,1
seattle-based,1
87-store,1
upper-middle,1
tourism-related,1
amortizing,1
erratic,4
oil-backed,1
slumping,1
uneasy,2
near-term,1
knowledge-based,1
zero-interest,1
prized,1
annexed,1
imported,1
sorry,3
nice,2
sickened,1
transferable,1
sixth-seed,1
43rd-ranked,1
sunrise-to-sunset,1
thirteenth,1
grueling,1
able-bodied,1
ancestral,2
g-eight,1
anti-military,1
anti-nuclear,1
pro-reunification,1
discouraging,3
half-a-percent,1
settler,1
struggling,2
second-wicket,1
175-run,1
117-ball,1
slowly-implemented,1
seven-point,1
orbital,1
six-and-a-half,1
pro-tibet,2
explicit,1
central-leftist,1
pro-aristide,2
10-week,1
alienated,1
imperative,1
oblivious,1
three-meter,1
crushed,1
post-monsoon,1
supplemental,1
severed,1
uncover,1
qaida-linked,2
long-suffering,1
pig-borne,1
mid-january,1
communist-style,1
three-crown,1
hereditary,1
nepal-united,1
pressing,4
indentured,1
ethnocultural,1
socialist-oriented,1
abrupt,3
flag-draped,4
germany-based,1
illegally-copied,1
watchful,1
one-man,1
nations-mediated,1
ethic,1
inter-parliamentary,1
uzbek,3
543-member,1
wintery,1
over-crowded,1
non-military,2
anti-crime,2
record-breaking,3
prosecutor-general,1
highly-enriched,1
far-left,2
left-,1
sensible,2
hurling,1
anti-torture,2
permissible,1
trans-afghan,1
2,400-kilometer,1
interstate,1
green-card,1
nitrate,1
federated,1
car-free,1
recycled,2
organic,1
unfriendly,2
still-untitled,1
feature-length,1
36-36,1
rabinnical,1
undisturbed,1
anti-smuggling,1
iranian-sponsored,1
sunni-ruled,1
exorbitant,2
mich.-based,1
representative,3
strengthening,2
sea-level,1
governmental,3
km-wide,1
anti-ethiopian,1
immersed,1
soviet-led,1
unto,1
helpless,3
sino-japanese,1
179-run,1
triangular,2
170-meter,1
28-member,1
cosmopolitan,1
multi-sport,1
inalienable,1
u.s.-coalition,1
independently,1
left-leaning,2
wealth-sharing,2
largest-ever,1
80-kilometer,1
defining,1
nosedive,1
holiday-shortened,1
u.s.-imposed,1
sail,1
barcoded,1
indian-born,3
sacrilegious,1
profane,1
majority-muslim,1
ultrasound,1
rocket-powered,1
dreaded,1
afghan-pakistan,1
disparate,1
high-rise,1
self-named,1
blond-haired,1
exiled,8
fourth-place,1
ultra-conservative,2
high-flying,1
unsecured,2
de-facto,3
non-budgetary,1
lay,1
deep-seated,2
non-indigenous,1
pro-market,1
near-poor,1
no-fly,1
93rd,1
unfiltered,2
non-controversial,1
unverified,1
strife-torn,4
risque,1
conical,1
stockholm-based,1
non-farm,1
tax-relief,1
near-continuous,1
combatant,1
u.s.-born,1
rain-swollen,1
outer,3
far-fetched,1
small-,1
medium-sized,3
small-and,1
self-sustainable,1
worst-case,1
established,2
midestern,1
neutralized,1
low-key,2
relieved,1
plenary,3
suggested,1
integral,2
fractured,1
multiethnic,1
unleashed,1
powersharing,1
uninhabited,6
nautical,1
argentinean,1
seven-nation,2
irawaddy,1
half-a-degree,1
norway-based,2
chinese-language,1
palestinian-ruled,1
pro-tamil,1
best-known,3
protected,3
downtown,1
disrespectful,1
inspirational,1
unnerved,1
counter-attack,1
near-empty,1
insurgent-hit,1
one-meter-tall,1
disbanded,3
vsv-30,1
under-funded,1
sa-18,1
iskander-e,1
16-stop,1
chrome,1
oversized,1
double-decker,3
rental,1
burned-out,1
banking,1
bank-funded,1
weight-loss,1
teenage,2
uncooperative,2
unnerve,1
38-year,1
stole,1
mask-wearing,1
cutthroat,1
tahitian,2
indo-fijian,1
civilian-led,1
islamic-oriented,1
famine-related,1
brawny,1
over-interpreted,1
google-based,1
pectoral,1
two-meter,1
coastline,1
exciting,2
convenient,1
theoretical,1
trim,1
three-person,1
dollar-denominated,1
expectant,1
umbilical,1
power-,1
rebel-linked,1
worn-out,1
egyptian-owned,2
greek-owned,4
classical,1
third-country,1
congestive,2
post-castro,1
cynical,1
pakistani-owned,1
unsure,2
jamal,2
8.8-magnitude,1
multi-million-dollar,2
anglo-leasing,1
1,600-kilometer,1
454-member,1
patient-specific,1
even-odd,1
buddhist,2
botched,3
unvetted,1
45,000-person,1
militaristic,1
horrific,2
al-qaida-inspired,2
astonished,1
visual,2
world-wide,1
shareholder-rights,1
load-shedding,1
35-year,1
marked,2
anglo-irish,1
yemeni,1
unfulfilled,1
twin-engine,2
u.s.-organized,1
onshore,1
unreleased,1
pneumonic,1
foot-and-mouth,1
first-trimester,1
cuban-engineered,1
iranian-cuban,1
destabilizing,2
prescribed,1
galaxy,1
fragmentary,1
eighty-eight,1
nourished,1
wine-making,1
self-ruled,2
elusive,2
500-kilogram,1
unsealed,1
14-year-old,4
extra-judicial,1
mixed-race,1
destructive,3
71-person,1
israeli-,1
prudential,1
anti-israel,4
turkmen,1
at-risk,1
interactive,3
genetic,3
400-meter,1
square-meter,1
smithsonian,1
grief,1
bawdy,1
61-year-old,2
five-night-a-week,1
french-canadian,1
4,100-seat,1
show-per-year,1
probable,1
10-years-ago,1
ambient,1
prison-like,2
unpremeditated,1
militant-appointed,1
taliban-appointed,1
parallel,2
u.n.-administered,2
#name?,1
riverside,1
uninterrupted,2
slave,1
unconcern,1
haitian,1
biennial,1
anti-narcotic,1
anti-poppy,1
12-story,1
mediterranean,3
inferior,1
opium-based,1
lebanese-syrian,1
core,2
visionary,1
oppressed,1
privately-held,1
housing-loan,1
chad-sudan,4
six-thousand,2
bel-air,1
broadband,1
frantic,1
erroneous,2
abrasive,1
sub-freezing,2
stone-throwing,3
recently-disbanded,1
re-established,1
68th,1
32nd,1
59th,1
longest-held,1
afghan-international,2
rechargeable,2
republic-central,1
compact,1
counter-cyclical,1
statist,2
private-sector-led,1
double-digit,4
investment-grade,1
flat-nosed,1
hairless,1
ill-featured,1
steroid,3
828-kilometer,1
jixi-nehe,1
cultivated,1
globalized,1
abductee,1
contrite,1
recoverable,1
texas-based,2
stronger,1
tsunami-devastated,3
afghan-pakistani,3
semi-final,2
unwavering,1
easterly,1
somalian,1
properly-cooked,1
owner-occupied,1
five-point,3
english-speaking,1
rebel-controlled,1
moscow-leaning,1
dense,2
burmese-run,1
european-african,1
razor-wire,3
magnificent,1
humane,2
genocidal,1
receptive,1
then-democratic,1
long-dominant,1
seventeen-year-old,1
drug-trafficking,1
westernmost,1
tutsi-dominated,1
integrated,1
brokered,1
guileful,1
dutch-based,1
furious,1
age-old,1
khartoum-based,1
ex-mexican,1
xi'an,1
14-hour,1
loose,5
11-day,2
6-hour,1
53-minute,1
astronaut,1
5.5-hour,1
10-million,1
at-home,1
philosophical,2
64-page,1
unitary,1
first-born,2
decorated,1
silver,1
reform-minded,2
sixth-largest,1
abkhaz-controlled,1
widely-publicized,1
fractious,1
euro-mediterranean,1
absent,4
lightly-populated,1
three-stage,1
friendly-fire,1
unintentional,1
muscular,1
previously-scheduled,1
four-point,1
war-like,1
heavy-handed,1
exempt,1
displeased,1
senegalese-backed,1
faction-ridden,1
marxist-leninist,1
eu-25,1
cumulative,1
bank-arranged,1
squid,1
self-financing,1
200-mile,1
clawless,1
hemp,2
aisle,1
non-emergency,3
obsolete,1
worn,1
34-nation,1
disguised,1
four-time,1
under-age-20,1
80th-minute,1
canadian-born,1
2,200-kilometer,1
severance,1
jean-bertrand,1
aftenposten,1
terrorism-related,1
noneducational,1
high-quality,2
assorted,1
democrat-controlled,1
republican-controlled,4
pre-war,5
hamas-ruled,2
anti-flu,1
three-party,1
russian-iranian,1
multi-party,3
israel-palestinian,1
selected,1
aboriginal,1
popularly-elected,1
self,4
disaffected,1
pleasant,1
high-value-added,1
nonpolluting,1
tax-free,2
munificent,1
deceitful,1
insupportable,1
cheerless,1
unappreciated,1
incaudate,1
650-million,1
pluto-like,1
guerrilla-style,1
dormant,1
affiliated,2
hay,2
snow-crusted,1
six-to-three,1
almost-daily,1
abusive,5
petitioned,1
28-point,1
pro-american,1
unbiased,1
cost-sharing,1
9-percent,1
jordan-based,1
elaborate,2
carnival,2
nonassociated,1
non-energy,4
proved,1
qatar-bahrain,1
sugar-related,1
eaten,1
avaricious,1
envious,1
preparatory,1
viral,1
military-imposed,1
shoot-on-sight,1
u.n.-funded,1
military-run,2
russian-built,1
fast-track,1
german-syrian,1
26-member,1
pro-u.s.,1
unstoppable,1
pakistani-ruled,1
irreversible,1
less-visible,1
ubiquitous,1
36-year,1
blue-chip,1
downbeat,1
unprotected,1
five-seat,1
bleak,2
unhelpful,2
two-bomb,1
after-hours,1
anti-graft,1
collaborative,1
unsatisfactory,1
anti-inflationary,1
102-member,1
recently-unsealed,1
week-and-a-half,1
independent-minded,1
dubai-based,1
earth-penetrating,1
u.s.-proposed,1
249-seat,1
editorial,1
evangelical,1
european-owned,1
norwegian-owned,1
explosives-packed,2
car-bomb,1
extinct,1
non-party,1
inland,1
loosened,2
respectable,1
15-month,1
non-textile,1
superabundant,1
negligent,1
spit,1
fraught,1
10,000-strong,1
somali-based,1
53-year,1
yet-to-be-announced,1
gaunt,1
despondent,1
hierarchical,1
kremlin-driven,1
rooted,1
clogged,1
rude,1
20-minute,1
underfunded,1
unprepared,1
four-story,1
18-story,1
spotted,2
veto-wielding,3
nutritional,2
anti-kurd,1
typhoon-triggered,1
colder-than-normal,1
23-member,1
18-month-old,1
55th,1
22-kilometer,1
african-american,2
56-year-old,2
vascular,1
single-digit,1
standard-of-living,1
israeli-controlled,1
high-cost,1
earnest,1
hearty,2
unblotted,3
unsettling,1
pre-storm,2
inter-religious,1
pakistan-afghanistan,1
454-seat,1
undetected,1
srinagar-based,1
one-car,1
culpable,1
web,3
video-conferencing,1
touch-screen,1
ipad-like,1
linux-based,1
spectacular,1
self-proclaimed,3
rain-swept,1
minke,2
al-qaida-affiliated,1
satirical,1
15,000-ton,1
anesthetic,2
wal-mart,1
treacherous,1
ice-covered,1
40-car,1
stretched,1
iranian-trained,2
military-style,2
active-duty,1
military-police,1
involuntary,1
seam,1
divisive,2
unintended,1
liken,1
non-violence,2
mature,1
galactic,1
preventative,1
confessed,1
twice-serving,1
adamant,1
invalid,1
tripartite,1
noncolonial,1
notional,1
relentless,1
pakistani-sponsored,1
short-lived,2
anti-sandinista,1
pro-investment,1
antigovernment,1
march-may,1
polarized,2
buoyant,1
strange,1
foreign-owned,1
obscure,1
quran,1
divorced,1
tell-all,1
east-west,1
west-northwesterly,1
defamatory,2
ome,1
216-3,1
four-match,1
delta,1
unopposed,2
correct,2
bad-mouthing,1
articulated,1
quarter-point,1
worse-than-usual,1
450-member,2
recently-detained,1
300-kilometer,1
bribes-for-votes,2
favorite,4
sworn,2
instrumental,1
procedural,1
small-arms,1
long-ailing,1
86-year-old,1
serb,1
ostrich,1
badly-needed,1
lesser-known,1
attainable,1
twenty-eight-year-old,1
coal-producing,1
stupid,2
californian,1
social-conservative,1
diseased,2
rules-based,1
savage,1
cut,1
riverine,1
imf-recommended,1
60-thousand,1
10,000-square-kilometer,1
heat-trapping,1
bomb-mangled,1
ve,1
off-shore,1
3,400-meter-high,1
owned,1
42-year-old,3
anti-narcotics,1
actor-turned,1
then-minister,1
brain-wasting,2
variant,1
abu-hafs,1
al-masri,1
three-vehicle,2
late-morning,1
heavily-fortified,1
frontal,1
china-based,1
impassioned,1
internet,1
dissatisfied,1
225-member,2
pre-natal,1
anti-deby,1
miserable,1
corresponding,1
sledge,1
unsound,1
54-page,1
us-run,1
bumpy,1
sunni-dominant,1
40-member,1
al-hanifa,1
70-page,1
mine-affected,1
inspiring,1
freedom-loving,1
less-developed,1
welfare-dependent,1
longer-term,1
quota-driven,1
state-majority-owned,1
ninth-largest,1
needless,1
noted,1
alarming,1
priestly,1
warm-up,2
russian,1
razor-thin,1
well-cooked,1
highest-ever,1
17-month,2
flu-infected,1
reconstructive,2
glad,1
expansive,1
far,2
1,600-member,1
bluefin,1
ethnic-albanian,1
israeli-arab,2
then-yukos,1
unconscious,2
year-round,1
linguistic,2
euro,2
on-again,1
off-again,1
maoist-inspired,1
undisputed,1
laotian,1
15th,1
automated,2
farm-dependent,1
kilometer-long,1
domed,1
far-reaching,1
overloaded,1
afrikaner,1
bludgeoned,1
explosive-laden,4
fenced,1
generic,1
caucasian,1
violence-torn,1
harkat-ul-zihad,1
communal,2
then-prime,1
parliamentarian,1
acrimonious,1
heretic,1
noncompliant,1
anti-secessionist,1
8-year,1
45-day,2
12-percent,1
re-examining,1
partisan,1
44-yard,1
undrafted,1
one-yard,1
touchdown,2
seven-man,1
squid-fishing,1
u.s.-iraq,1
167-seat,1
hand-picked,1
not-guilty,1
paved,1
slimy,1
youthful,1
lighthearted,1
aids-prevention,1
three-phase,1
cleric-supported,1
coral,5
intercommunal,1
cypriot-occupied,1
perverse,1
34-member,1
near-by,1
ski,1
pre-olympic,1
four-person,1
haitian-born,1
tu-160,1
three-tenths,1
drone-fired,1
memorable,2
ill-informed,1
taiwan-grown,1
knife-wielding,1
180,000-employee,1
qualified,2
rightful,2
29-year,1
carry-on,1
over-rule,1
parliament-in-exile,1
inhumane,1
pilot-less,1
41-9,1
four-game,1
21-jul,1
wait-and-see,1
party-line,1
surging,2
provincal,1
crazy,1
insect,1
one-sided,1
southernmost,1
front-running,1
wireless,1
pro-secular,2
three-dimensional,2
full-length,1
feudal,2
titular,1
20-month,1
skillful,1
promissory,1
ant,1
crisp,1
17-member,1
army-led,1
renowned,1
peak,2
debt-ridden,1
dubai-owned,1
full-fledged,1
still-classified,1
two-dozen,1
indifferent,1
arab-controlled,1
bi-partisan,1
obesity-related,1
headless,1
car-bombing,1
165-seat,1
recently-appointed,1
intuitive,1
dismal,1
arab-dominated,1
shuttered,1
zurich-based,1
back-up,1
747-8,1
aslan,1
swearing-in,1
month-on-month,1
lowered,1
much-improved,1
vertical,1
horizontal,1
willful,1
funny,1
windy,1
charming,1
bald,2
embarrassed,1
besought,1
thoughtless,1
salivated,1
claimant,1
stocky,1
miraculous,1
unsolicited,1
al-faraa,1
african-inhabited,1
parental,1
world-renowned,1
balletic,1
acrobatic,1
al-ghazl,1
10-dec,1
drugged,1
22-nation,1
second-,1
now-retired,1
virus-sharing,1
diagnostic,1
irrelevant,1
kurd,1
1,500-meter,1
500-meter,2
1,000-meter,3
military-age,1
u.s.-allied,1
pro-reformist,2
nato-funded,1
2-million,1
unavoidable,1
anfal,1
fourth-busiest,1
oceanic,1
overran,1
anglo-egyptian,1
growing,2
abortive,1
lower-middle-income,1
mine,1
kurdish-majority,1
unregistered,2
iran-afghanistan,1
long-condemned,1
clinical,4
staggered,1
unleaded,1
bazian,1
quake-affected,1
anti-eritrean,1
aid-to-lebanon,1
computer-controlled,1
war-weary,1
7000-member,1
rubber-stamp,1
earthen,1
non-contracted,1
magnitude-7.0,1
earthquake-generated,1
baptist,1
pro-musharraf,1
jewish-owned,1
cavernous,1
300-member,1
8-billion,1
north-central,2
eritrean-based,1
anglican,1
inhuman,2
degrading,1
annualized,1
nine-point-two,1
stepping,1
long-successful,1
regulated,1
statutory,1
standby,1
middle-aged,2
zealous,1
dazzling,1
boisterous,1
one-week,1
a-h1n1,1
enroute,1
unsavory,1
workable,1
aggravated,1
storm-ravaged,1
weakened,1
aceh-based,1
sculpted,1
much-needed,2
re-start,1
yemen-based,1
hezbollah-operated,1
assemble,1
community-owned,1
prosecutorial,1
pornographic,1
pre-arranged,1
intercept,1
24-meter,2
2,000-years-old,1
unsaturated,1
artistic,1
domestically-produced,1
co-defendant,2
war-ravaged,3
self-employed,1
chipaque,1
2.5-trillion,1
chinese-u.s.,1
19-nation,2
unfunded,1
tightly-guarded,1
government-linked,1
anti-monarchy,1
passport-forging,1
austere,1
alongside,1
u.s.-israeli,1
anti-cocaine,1
drug-fueled,1
pastoral,1
sedentary,1
pearl,1
literate,1
1-to-1,1
audacious,1
geothermal,1
two-decade,1
equivalent,2
resource-poor,2
ethnic-based,1
ever-changing,1
bare,1
organizational,1
togolese-flagged,1
vent,1
west-leaning,1
lukewarm,1
recently-repaired,1
realistic,2
turkish-ruled,1
20-percent,1
intelligent,2
tsunami-warning,1
ugly,1
syrian-dominated,1
taliban-allied,1
mighty,1
despicable,1
biographical,1
left-handed,1
297-for,1
intermediary,1
palestinian-israeli,1
low-paying,1
islamophobic,1
underdocumented,1
underreported,1
pre-katrina,1
cremated,1
hard-living,1
10-jan,1
amateur,1
assumed,1
burdensome,1
business-friendly,1
concessionary,1
debt-driven,1
inflationary,1
foolish,3
unmonitored,1
unpaid,2
chlorine,1
millionaire,1
85-years-old,1
exotic,3
immense,2
social-christian,1
unguarded,1
counterfeit,1
83-year-old,1
olive-green,1
palestinian-claimed,1
fully-loaded,1
katyusha-type,1
25-meter-high,1
150-meter-long,1
storm-related,1
archaeologist,1
local-level,1
edible,1
non-electrical,1
policy-making,1
canadian-donated,1
pro-junta,1
chanted,1
self-inflicted,1
stillborn,1
late-stage,1
small-cell,1
life-prolonging,1
highly-competitive,1
more-profitable,1
budget-price,1
non-export,1
mid-2008,1
lackluster,2
production-sharing,1
baku-tbilisi-ceyhan,1
nagorno-karabakh,1
non-representative,1
interreligious,1
financially-troubled,1
illustrious,1
meaningless,1
dormitory,1
10-story,1
take-off,1
unforgivable,2
chilled,1
high-speed,1
afro-beat,1
zanu-pf,1
smuggled,3
government-in-exile,1
monk-led,1
semiarid,1
anatolian,1
10-point,1
neo-liberal,1
korean-flagged,1
libyan-owned,1
recommended,1
patriarchal,1
70-year,1
one-million,1
conclusive,1
unprovoked,1
pro-freedom,1
four-man,1
4x5-kilometer,1
immoral,1
computer-related,1
lower-level,1
terrestrial-life,1
dollar-based,1
6,500-strong,1
70-member,1
intra-palestinian,1
al-azhar,2
27th,1
14th-century,1
supporting-actress,1
supporting-actor,1
quirky,1
road-trip,1
non-aggression,1
315-member,1
26,000-member,1
number-eight,1
teenager,1
opposition-controlled,1
deeply-flawed,1
gas-guzzling,1
13-member,1
induced,1
french-egyptian,1
inflammable,1
post-civil,1
developing-world,1
forgivable,1
duekoue,1
kyoto-style,1
thrifty,1
handmade,1
lower-priced,1
poverty-ridden,1
undersecretary-general,2
hijacking,1
insurgent-held,1
annexing,1
80-year,1
unclaimed,1
u.s.-nigerian,1
six-point,1
unhindered,1
pre-conflict,1
al-arabiya,1
narcotic,1
two-month-long,1
72-hour,1
undersecretary,1
normalized,1
unsubstantiated,1
polio-free,1
disturbed,1
footprint-shaped,1
dollar-priced,1
oil-importing,1
billion-member,1
some-500,1
22-member,1
non-local,1
shabab-held,1
electricial,1
life-long,1
easternmost,1
zoological,1
perilous,1
subordinate,1
overaggressive,1
intimidated,1
insidious,1
fanatic,1
nightly,1
remote-control,1
attorney-general,3
worthless,1
newly-appointed,1
colder-than-usual,1
25-point,1
sideways,1
circular,1
128-member,1
meter-long,1
at-large,1
cartoonist,1
40-man,1
pro-india,1
public-opinion,1
five-percent,1
anti-settlement,1
four-thousand,1
somalia-linked,1
assassinated,1
impervious,1
three-day,1
400-kilometer,1
soviet-imposed,1
two-term,1
leveraged,1
internationalized,1
bicameral,1
manganese,1
off-budget,1
14-month,1
good-natured,1
axe,1
agitated,1
20-kilometer,1
gratuitous,1
instructional,1
sexually-suggestive,1
newly-declassified,1
menstrual,1
unidentifed,1
600-meter-long,1
european-north,1
pakistani-based,1
60-hour,1
eastward,1
military-political,1
american-run,1
stored,1
saudi-owned,1
u.n.-mediated,1
people-to-people,1
6,000-meter,1
peace-loving,1
jamaican-born,1
anti-taleban,1
state-of-the-union,1
mid-day,1
vague,1
senegal-based,1
album-release,1
architectural,1
profound,2
contra,1
shameful,2
oil-giant,1
late-night,2
middle-level,1
beneficial,1
celtic,1
mortgage-backed,1
gas-based,1
unlucky,1
gorgeous,1
perth-based,2
commercially-available,1
india-u.s.,1
energy-starved,1
43nd,1
anti-genetic,1
glacial,2
fifth-seeded,1
czech,1
17th,2
senate,1
22-month,1
world-number-one,1
excited,1
dietary,1
anti-china,1
50-meter,1
one-in-75,1
glorious,1
white-clad,1
8956-kilometer,1
earth-bound,1
acidic,1
500-million,1
unocal-chevron,1
taliban-style,1
augment,1
information-sharing,1
pro-al-sadr,1
perverted,1
edict,1
fuel-pump,1
re-elected,1
indian-based,1
undergo,1
raided,1
snow-packed,1
iconic,1
sight-impaired,1
re-measured,1
brand-new,1
mummified,1
bronze,1
earthenware,1
well-preserved,1
open-air,1
03-jan,1
minibus,1
slavic,1
reconstituted,1
three-fifths,1
barren,1
sub-antarctic,1
aids-causing,1
pan-african,1
mudslide-prone,1
five-million,1
earth-like,1
late-year,1
pre-famine,1
rented,1
posh,1
deluxe,1
thailand-flagged,1
cia-military,2
teenaged,1
signed,1
inter-faith,1
dignified,1
hindi-language,1
10-to-eight,1
reservoir,1
frank,1
academy,1
israeli-american,1
rose-tinted,1
c-295,1
conscientious,1
lame,1
hardfought,1
opium-producing,1
heroic,1
sandinista,1
e-mailed,1
18-million,1
fourth-highest,1
57-year-old,1
400-page,1
keynote,1
complementary,1
flood-swamped,1
pull-out,2
palestinian,1
non-manufacturing,1
irreconcilable,1
22-month-old,1
second-straight,1
four-point-five,1
pro-immigrant,1
baptismal,1
cardinal,1
anti-capitalist,1
wide-scale,1
oceanographic,1
discrete,1
ecologic,1
wily,1
upside-down,1
sodomy,1
venomous,1
15-nation,1
newly-constructed,1
inanimate,1
then-tiny,1
worthwhile,1
league-wide,1
enlarged,1
heart-related,1
irregular,1
coveted,1
spanish-chinese,1
powerless,1
anti-syria,1
norway-brokered,1
fortunate,1
lunchtime,1
second-lowest,1
43-year-old,1
bullet-ridden,1
capsized,1
59-year-old,1
three-million,1
185-million,1
anti-aids,1
geophysical,1
sparse,1
7-billion,1
64-year,1
ac-130,1
football-related,1
anti-inflammatory,1
hurricane-,1
herbal,1
blasting,1
high-voltage,1
unprincipled,1
four-star,1
indicative,1