3,2
218,1
900,1
non-proliferation,1
v-6,1
simple,1
life,1
morning,1
america,1
mirror,1
de,5
gaulle,1
international,2
airport,3
of,7
tennis,1
professionals,1
tour,1
house,2
rose,1
garden,1
street,2
species,1
act,4
space,5
station,5
wire,1
declaration,2
handelsblad,1
constitution,1
us,1
icon,1
the,1
hotel,1
today,1
news,2
american,1
free,1
trade,2
agreement,3
&,1
lies,1
him,1
daily,1
dome,1
journal,1
2a,1
store,1
herald,1
geoscience,1
angeles,2
times,2
best,1
damn,1
thing,1
jones,1
industrial,1
average,1
france,1
glory,1
x,1
prize,3
post,2
737-800,1
787s,1
fuge,1
war,2
museum,1
your,1
eyes,1
only,1
initiative,1
for,2
human,2
development,1
petronio,1
light,1
's,3
mustard,1
seyni,1
telescope,2
one,2
contemporary,1
art,1
center,1
marshall,1
fund,1
mars,1
lander,2
campbell,1
english,1
roses,1
david,4
zoo,2
air,1
base,1
law,2
weddings,1
and,2
a,6
funeral,1
hill,2
actually,1
stadium,2
vinci,1
code,1
xp,1
home,1
edition,1
n,1
arms,1
reduction,1
treaty,1
i,2
flowers,2
with,1
7.00e+07,1
dreamliner,2
semlow,1
peace,2
doctor,1
found,1
amar,1
son,1
guerraas,1
en,1
fukuoko,1
on,1
accord,2
saturday,1
guest,1
notice,1
image,1
award,3
together,1
magazine,1
was,1
-,1
time,1
is,1
lady,1
queen,1
n't,2
that,3
shame,1
pound,1
got,1
brand,1
new,1
bag,1
by,1
madonna,1
rights,1
establishment,1
wildlife,1
refuge,1
canal,1
monument,2
a.u.,1
representative,1
somalia,1
section,1
we,1
left,2
earth,1
:,1
nasa,1
missions,1
music,1
dokie,1
stomp,1
dandy,1
creole,1
inheritance,1
loss,1
d'or,1
political,1
child,1
behind,1
gaelic,1
ghraib,3
city,1
usa,1
al,1
balah,1
condominium,1
et,1
orbi,1
male,1
singer,1
colombo,1
3d,1
isle,1
hilton,1
minister,1
ahronoth,1
yi,1
colombia,1
like,1
teen,1
spirit,1
enzo,1
speedway,1
brother,1
a380,1
royce,1
trent,1
dame,1
cathedral,1
phoenix,1
aqsa,2
world,1
food,1
program,1
ii,1
young,1
day,1
minutes,1
triomphe,1
maru,1
no.,1
asia,1