225,1
626,1
park,10
state,16
delta,2
arab,20
west,19
frontier,12
province,24
waziristan,79
wam,1
darfur,19
states,1256
bank,13
jose,5
rica,12
city,144
strip,196
jersey,11
ocean,88
lanka,35
europe,26
emirates,2
arabia,62
aviv,7
new,3
guinea,8
east,181
bay,61
younis,6
zone,7
afar,2
channu,1
america,85
jihad,15
mohanna,1
khabarovsk,1
afghanistan,114
salvatrucha,1
muslim,22
baghdad,33
river,46
island,42
u.s.,6
reconstruction,4
aceh,3
of,184
aden,18
ruz,6
barbara,3
hussein,15
union,120
view,1
korea,477
york,185
angeles,35
sudan,30
valley,28
sea,46
maria,1
di,2
collemaggio,1
basilica,1
republic,115
coast,108
mexico,39
homeland,1
tiger,13
gulf,61
islands,35
hood,3
muslims,8
catholics,2
asian,12
cuba,3
kush,1
kitts,4
caledonia,4
simone,1
san,43
suu,38
kyi,39
win,1
de,17
janeiro,11
assembly,12
india,11
andhra,1
pradesh,11
kong,96
java,11
asia,79
africa,177
faso,9
rhine-westphalia,1
uzbekistan,5
league,11
daily,5
affairs,1
villaraigosa,1
hampshire,3
pacific,10
guam,1
france,6
ghraib,16
london,1
eastern,12
congo,55
al-sheikh,3
jerusalem,27
old,1
maarib,1
yemen,4
gansu,1
middle,6
delhi,65
boldak,2
pakistan,30
international,18
space,18
station,20
south,13
netherlands,35
national,8
kurdish,4
omar,2
blocks,2
akre-bijeel,1
block,3
shaikan,1
rovi,1
oman,2
peninsula,18
pigs,1
del,10
sol,1
al-sharjee,1
hit,1
anbar,5
iraq,59
settlement,1
al-hakim,2
zealand,38
air,4
base,8
hanoun,3
-,31
embassy,4
farms,2
democrats,5
burma,1
county,9
hungary,1
carolina,26
hartford,1
sydney,3
andreev,1
moscow,1
ahmadinejad,4
adumin,2
keys,6
ababa,9
orleans,75
mongolia,3
ali,6
embargo,1
florida,3
club,7
heaven,1
bosnia-herzegovina,1
spain,3
california,11
ysidro,1
diego,5
somalia,3
juba,1
al-fitr,1
islamic,4
retailing,1
haidari,1
lama,21
adumim,4
buddhist,1
vanunu,2
canal,4
f.,2
kennedy,2
airport,27
maduro,1
kurd,1
pakhtunkhwa,1
dir,3
borneo,1
philippines,6
salvador,16
khakrez,1
tasalouti,1
kunar,4
naval,3
harcourt,5
olympics,17
forces,3
mosque,2
cross,18
north,12
ismail,3
khan,4
organization,1
chad,9
juarez,6
china,22
uganda,1
elgon,1
verde,8
treaty,3
waitangi,1
watni,1
khalilzad,5
iran,7
antonio,5
sam,2
houston,1
ossetia,19
christians,7
yorkers,2
year,2
pyongyang,1
laredo,9
kivu,10
armstrong,1
helmand,2
caribbean,8
great,1
kashmir,25
paktia,1
rodham,1
clinton,1
anderson,1
bengal,16
democratic,3
red,5
el-sheikh,8
participation,1
front,1
petersburg,12
poland,4
massaua,1
palazzo,1
citta,1
franco,2
andres,11
chavez,2
morales,1
kirchner,1
ahafo,1
paris,1
gah,5
square,10
turkey,5
santo,2
plains,1
nahrawan,1
flores,3
mehlis,2
guiana,2
egypt,1
party,26
treasury,2
islam,3
pilgrimage,2
kot,4
development,1
srinagar,2
wazirstan,2
shah,6
khel,4
gaza,13
germany,7
abdel-al,1
holiday,1
itzik,1
mountains,1
ireland,15
airtour,1
abbas,3
everest,6
canaveral,6
d',1
oise,1
haniyeh,1
ford,1
sharia,1
caucasus,3
abeto,2
al-muadham,1
tokyo,2
zoo,2
lumpur,6
sundhage,1
chacahua,1
cardenas,2
corrientes,1
tabasco,1
chiapas,1
street,4
teesta,1
al-zawahiri,1
djibouti,1
nahr,2
el-bared,3
ordaz,3
arabian,3
johanns,1
christi,3
texas,4
hoa,2
radio,3
noriega,1
observatory,1
saydiyah,1
talaeng,1
imad,1
moustapha,2
the,5
georgia,4
capitol,2
marine,5
charles,4
karlovic,1
06-apr,1
slam,1
organizing,1
israel,7
spector,2
chee-hwa,1
yunis,1
gardena,1
al-yousifi,1
kingdom,6
mid-1990s,1
gandhi,2
hemisphere,4
bahamas,1
razuri,1
qala,7
jiaotong,1
al-basra,1
dagestan,1
lankan,3
township,2
shan,1
fawaz,1
refineria,1
antilles,5
golan,1
heights,9
ranch,3
chronicle,1
plata,7
paktika,2
seng,6
marcos,3
ramona,2
x-ray,1
us,1
african,17
udhampur,1
fort,2
strait,7
kirkuk,2
khormato,1
samarra,1
karbala,1
helsinki,1
issac,1
picasso,1
gallery,1
excellence,1
wat,1
bangladesh,1
cayman,2
enrich,2
guards,3
al-adha,5
central,2
diyala,1
leone,11
orange,1
el-sheik,2
lawn,1
post-abc,4
news,5
mbeki,1
commando,1
francisco,8
gleneagles,1
envoy,1
ibrahim,1
gambari,1
lancet,1
neurology,1
prospekt,2
al-ghoul,1
mogadishu,1
mcpherson,1
kabul,2
chauvin,1
hotspur,1
indies,4
yugoslavia,1
kanyabayonga,1
/,2
solidarity,1
campaign,1
uk,1
suef,2
repubblica,1
leon,1
herat,2
center,3
d'ivoire,3
farah,2
uruzgan,3
land,3
elizabeth,3
christmas,2
eve,6
church,6
alexy,2
owen,1
rico,6
baru,1
cauca,1
khata,1
bajaur,1
finland,1
kandahar,6
neshin,1
esquisabel,1
urtuzaga,1
beirut,3
kadar,1
islamabad,1
quan,1
kostelic,1
mlyn,1
hong,3
son,1
virginia,4
secretary-general,3
kofi,1
al-qadi,1
herald,3
bible,1
nile,1
placid,1
midwest,2
redskins,1
widom,1
gumuz,1
nasr,2
spear,1
canyon,2
scotia,2
pul,1
savic,1
bosnia,1
shell,2
mau,2
wales,2
diana,1
al-muteiry,1
seychelles,1
lynn,1
rival,1
united,2
timor,9
olo,1
road,1
tube,1
yellow,1
relations,1
reconnaissance,2
crater,1
fincher,2
khost,3
light,1
lebanon,10
bragg,2
alternative,1
abalo,1
francisco-based,1
nigeria,3
marino,13
federation,1
senegal,1
sanctuary,1
mount,4
gazeta,1
atagi,2
luka,2
marines,8
gerhard,1
schroeder,1
qada,1
douchevina,1
eastbourne,1
wells,1
mai,1
sur,1
harbor,5
verdasco,1
masters,1
ibom,1
lodge,3
monica,1
maghreb,6
see,1
balkans,4
bet,1
noire,1
catalina,1
netzarim,1
darom,1
alliance,1
empire,2
turkmenistan,1
thailand,5
maref,1
parish,1
syria,3
louisiana,1
horn,2
ninh,1
southern,1
microsystems,1
illit,1
castle,1
al-asad,1
ataturk,1
mauritania,1
agrio,1
mitterndorf,1
khyber,1
earth,1
;,5
shanghai,1
johannesburg,1
hamburg,1
qasim,1
lendu,2
al-sunna,1
chi,1
minh,1
dakota,3
earthquake,1
customs,1
growth,2
act,2
anh,1
tay,1
duong,1
long,1
safarova,1
ul-islam,1
is-saheeh,1
yoon-jeong,1
garhi,1
hawo,1
blair,1
district,1
restaurant,1
nangarhar,2
meadows,1
conference,1
beach,6
wielgus,1
william,1
ayatollah,2
al-sistani,1
films,1
rajoelina,2
maritime,1
bureau,2
self-defense,2
force,3
colombia,7
lahiya,3
maracaibo,1
mgalobishvili,1
atenco,2
leopoldo,1
bravo,1
aires,4
mercantile,2
exchange,3
karimov,1
jones,2
industrial,1
average,2
capital,1
gymnasium,1
sola,1
wayne,2
gerais,2
valadares,1
lauderdale,3
gini,1
confederation,1
hague,5
led-invasion,1
fatah,1
lakes,4
cairo,3
dikweneh,1
mosul,1
baladiyat,1
hospital,2
meteorological,1
pendleton,2
orbiter,1
louis,3
town,8
hope,1
route,1
shogunate,1
ntini,1
eichmann,1
los,2
andes,1
kleinkirchheim,2
es,3
salaam,3
public,2
vegas,3
recording,1
academy,1
blues,1
weyn,1
mayen,1
britain,7
al-mabhouh,1
nuristan,1
paulo,7
americas,2
northwestern,1
cuvette,1
prix,1
abu,1
musab,1
valle,1
statistics,1
akihito,2
chopan,3
ethiopia,1
bunia,1
bralo,1
bosch,1
david,1
singnaghi,1
marmaraout,1
noormohammadi,1
polyclinic,1
kurdistan,2
talabani,1
pontchartrain,1
yokota,1
candy,1
austria,1
peace,1
accords,1
electricity,1
corporation,4
prison,2
kosovo,1
george,1
territory,1
delanoe,1
haifa,1
england,1
suburb,1
grenadines,1
highlands,2
ishac,1
diwan,1
balkan,1
tuzla,1
benedetti,1
cropper,3
alps,1
rouge,2
christ,2
arcega,1
alvarez,1
sidr,1
peru,1
d.c.,7
tanvir,1
albert,1
golovin,1
regency,1
al-zubeidi,1
machar,1
moin,2
wali,1
zahri,1
massoud,1
saifullah,1
cetin,1
dzvairo,1
maclellan,1
holding,1
surrey,1
meridian,1
wadajir,1
malisse,1
mayer,1
kohlschreiber,1
remote,1
surkhet,1
director,2
claus,1
jessen-petersen,1
cyprus,5
issawiya,1
coordinator,1
foundation,2
hiriart,1
democrat,1
jude,1
children,1
chepas,2
sinai,1
autonomy,1
ban,1
ki-moon,1
ashura,1
ivchenko,1
rostock,1
cheonan,1
nath,1
khanal,1
rhodesia,1
goth,1
haziri,1
municipal,1
village,1
admhaiyah,1
nasheed,1
mall,3
petroleum,2
valdivia,1
thani,1
hotel,3
bacar,1
law,2
washington,2
vazquez,1
boluk,1
bugti,3
revolution,2
saint-paul,1
amsterdam,1
kibaki,1
islets,1
fm,1
zalmay,3
kyoto,1
opinion,1
monitor,1
krajicek,1
italy,1
lntelligence,1
al-assad,1
paralympic,1
bombings,1
ramirez,1
cristobal,1
las,1
casas,1
commonwealth,1
micronesia,2
sovereign,3
area,3
zedong,1
alaska,1
smigun,1
jabalya,1
orissa,2
o'higgins,1
palace,3
granda,1
tal,2
ekmeleddin,1
ihsanoglu,1
indonesia,1
gran,1
andrews,1
agreement,1
abyan,1
prefecture,1
way,1
magellanic,1
cloud,1
thousands,1
wheeler,1
ouattara,1
monument,1
galan,3
al-islam,3
trans-saharan,1
counter-terrorism,1
initiative,2
malta,1
jong-il,1
il-sung,1
stock,2
mezni,1
zabul,1
choudhury,1
pass,2
vincent,1
ruegen,1
maharastra,1
marra,3
moun,1
booker,1
srebrenica,1
macchiavello,1
nations-run,1
gras,2
gazette,1
shafi,1
kyrgyzstan,1
nightclub,2
mohmand,1
pierre,1
benin,1
kerekou,1
filsi,1
memorial,3
panhandle,1
miami,2
coral,1
convention,1
taiwo,1
esteban,1
al-arian,1
siad,1
barre,1
olympia,1
maryland,1
horizons,1
hassas,1
khela,1
ossetian,1
bouyeri,1
subway,3
menezes,3
nevzlin,2
basin,1
ghazi,1
krakow,1
amerindians,1
torsello,1
darkazanli,1
roberts,1
binalshibh,1
pak,1
obote,1
tunisia,1
tyrone,1
kenjic,1
movement,2
siberia,1
jarrah,1
paz,5
bakhit,1
val,1
grace,1
belt,1
glacieres,1
avenue,1
canals,1
atlantic,2
retail,1
mutharika,2
hakimi,1
garden,3
al-bared,3
tomohito,1
mikasa,1
silva,1
supreme,1
istanbul,1
lion,2
fox,1
leyva,1
ahmad,1
hawks,2
ripley,1
botanic,1
archbishop,1
desmond,1
tutu,2
pago,1
shimbun,1
buehring,1
russia,3
said,1
djinnit,1
amur,1
domingo,3
women,1
mediterranean,1
sibneft,1
hebrides,2
salerno,1
zhejiang,1
abdullah,1
julian,1
epiphany,1
sinn,1
jalal,2
chiefs,1
30-oct,1
mile,1
cozumel,1
peoples,1
league-n,1
tshabalala,1
museum,3
hussain,1
shakeri,1
duma,1
bailey,1
schops,1
progress,1
sadeh,1
lions,1
bears,1
d'urgell,1
macedonia,3
reinhardt,2
yorker,1
ituri,1
luong,1
mass,1
line,1
guillermo,1
partnership,1
sumatra,1
kolok,1
carrasquero,1
moines,1
danilovich,1
helena,2
da,1
cunha,1
berra,1
magazzeni,1
ghosn,1
tutsi,1
hilton,1
croix,1
santander,1
oil,1
gabla,1
mesa,1
naser,1
cup,1
relais,1
jaquet,1
holocaust,1
shaleyste,1
telegraph,1
strips,1
slavonia,1
japan,2
tadic,1
argentina,1
elizondo,1
1-0,1
registry,1
sahara,3
qaida,1
milan,1
hopkins,1
lubiani,1
bani,1
saad,1
kor,1
reed,1
list,1
campo,1
yung-woo,1
tb,1
maharashtra,1
catholic,1
alkhanov,1
atoll,2
nwr,1
circle,1
cruz,3
awards,1
gajdosova,1
newseum,1
micronesians,1
gilbert,1
nazis,1
forlan,1
karo,1
ferrari,1
f-430,1
spider,1
deputies,1
m'bazaa,1
nicholas,1
dicaprio,1
stanisic,1
lubero,1
kofoworola,1
quist,1
socialist,1
venezuela,2
governor,1
life,1
al-mansur,1
dmitrivev,1
prestwick,1
pharma,1
mohammad,1
osmani,1
lankans,1
kocyigit,1
al-tahreer,1
lake,1
asghari,1
haiti,1
fazlullah,1
emperor,1
saharan,1
kordofan,1
barco,1
askar,1
channel,1
shams,1
hermosa,1
march,1
naeem,1
mayon,1
airways,1
kiev,1
rod,1
martin,1
kiir,1
pinas,1
alabang,1
express,2
uyuni,1
murillo,1
ging,1
tour,1
murcia,1
dodik,1
extradite,1
leonid,1
merapi,2
kerguelen,1
american,1
mohammed,1
sadat,1
warsaw,1
herzegovina,1