war,720
withdrawal,154
country,1926
conflict,244
number,460
terrorist,26
parliament,446
rally,92
protest,124
eve,22
conference,242
seaside,3
resort,63
party,500
participation,33
deployment,51
march,22
today,3
day,406
resumption,18
uranium,172
conversion,21
week,1319
process,233
plant,104
access,123
surveillance,51
system,264
step,67
facility,114
capacity,53
backing,18
treaty,61
fuel,216
program,551
insult,6
nation,338
oil,1085
raid,135
boat,62
region,852
official,484
firm,75
supply,72
field,56
sub-contractor,1
job,76
bulk,14
petroleum,37
mortar,39
palace,14
president,869
attack,927
news,652
compound,62
government,3079
reconciliation,46
city,961
offensive,140
province,915
north,170
stronghold,59
violence,741
soldier,250
patrol,117
opposition,558
runoff,42
spokesman,722
attempt,141
punishment,13
strength,39
total,68
candidate,174
majority,194
round,141
voting,75
allegiance,7
law,271
correctness,2
morality,1
police,700
behavior,20
coalition,477
assembly,65
bill,150
vote,395
governor,109
formality,3
force,336
entertainment,7
measure,118
rule,139
man,384
suicide,419
bomber,214
demonstration,40
publication,17
parole,5
investigation,243
cap,3
belt,10
offender,1
cause,65
concern,150
prison,284
year,1501
sentence,68
drug,198
dealing,1
minister,625
leader,871
vehicle,190
area,490
driver,80
elder,13
one,71
responsibility,258
ambush,33
commander,169
army,335
refuge,21
chapter,6
proliferation,11
scientist,22
sale,54
background,8
briefing,12
group,1210
clandestine,1
network,136
technology,95
market,226
house,204
arrest,183
father,73
bomb,683
dollar,95
contract,54
company,402
support,344
list,112
communication,18
military,636
work,211
money,214
re-bidding,1
chance,50
report,732
summit,224
energy,277
security,1203
climate,55
change,97
investment,157
economist,13
role,188
thing,11
business,168
leadership,79
trade,326
facilitation,2
sector,206
body,151
perspective,4
range,55
need,67
efficiency,11
conservation,10
cooperation,143
bit,15
quarantine,8
shop,14
immigration,58
certainty,2
dialogue,66
meeting,471
same,8
cease-fire,78
decision,263
truce,67
head,285
rebel,229
village,159
aid,455
relief,189
connection,114
island,259
headquarters,78
series,259
counter-terrorism,23
death,500
extremist,39
bombmaker,4
month,1047
nun,5
bodyguard,17
hospital,234
shooting,68
muslim,36
anger,23
school,121
class,24
suspect,88
event,103
pope,99
motive,22
offense,8
century,29
emperor,7
evil,6
world,750
northwest,33
helicopter,110
checkpoint,79
counter-attack,2
border,610
fighting,248
militant,113
peacekeeping,79
mission,227
bloodshed,13
wave,54
weather,94
toll,151
emergency,193
exposure,13
hypothermia,1
agency,586
minus,3
power,516
rationing,1
effect,77
health,362
strain,201
bird,498
flu,560
virus,352
home,393
person,136
influenza,19
clash,99
fire,312
movement,124
negotiator,44
document,70
progress,131
peace,571
accord,76
hope,59
deal,317
office,288
agreement,395
miracle,3
room,23
resignation,81
statement,717
post,119
chief,346
staff,97
request,106
replacement,14
end,140
coordinator,7
conduct,18
research,63
institute,7
reactor,41
plutonium,12
satellite,46
construction,150
site,211
district,224
spokeswoman,95
presence,91
disease,192
blindness,2
kidney,15
failure,69
rate,140
amputation,1
approach,21
assassination,129
place,361
state,861
extradition,36
youth,21
rocket,134
launcher,8
strike,200
teenager,24
plan,367
exchange,118
pullout,38
infighting,12
automaker,11
engine,13
startup,1
auto,14
industry,160
jury,30
maker,21
heart,68
painkiller,1
stress,5
worker,65
plaintiff,1
claim,83
study,59
risk,72
verdict,19
second,19
case,238
widow,11
user,1
interviewer,5
co-star,2
tv,23
pregnancy,4
boyfriend,1
band,23
plea,23
influence,42
jail,64
driving,7
way,231
adult,7
interview,149
figure,62
debate,45
term,184
chairman,77
handling,27
retirement,36
seat,46
fight,70
control,271
secretary,66
senator,28
tsunami,129
damage,111
fishing,83
loss,75
source,76
food,287
estimate,18
infrastructure,100
disaster,87
recovery,79
outbreak,177
victim,53
girl,74
town,514
woman,187
ministry,251
family,194
backyard,3
contact,90
poultry,108
form,76
mutation,3
pandemic,31
photo,11
evidence,136
south,193
proof,15
insurgency,121
consulate,27
part,638
bid,58
downplaying,2
capital,722
manner,11
counterpart,67
history,86
cost,61
design,11
waste,18
carbon,20
transportation,34
percent,668
stage,34
host,34
budget,110
committee,114
financing,12
wild,4
panda,10
attention,55
defense,258
crash,91
aircraft,163
radar,13
indication,17
enemy,39
action,194
threat,168
stability,92
reconstruction,67
development,243
journalist,118
restaurant,19
board,104
member,254
columnist,3
newspaper,336
supporter,14
lake,9
gunshot,6
killing,140
kidnapping,51
trial,240
invasion,78
mass,99
base,210
genocide,87
humanity,44
treatment,104
condition,107
organization,186
oil-for-food,24
smuggling,23
corruption,187
start,67
television,269
station,182
lot,16
confusion,3
hostage,67
riot,44
living,24
airplane,10
time,444
plane,111
airline,30
airport,79
flight,51
service,193
unemployment,109
average,26
hour,88
increase,118
labor,108
bank,143
interest,117
inflation,74
obstacle,8
pawn,1
speech,121
camp,162
freedom,96
criticism,108
guise,3
counter,6
religion,22
worship,2
embezzlement,9
wildlife,10
pardon,7
basis,37
clemency,4
disarmament,28
demobilization,4
uncertainty,10
immunity,8
prosecution,36
tennis,55
player,47
warmup,4
star,46
opening,59
match,85
exhibition,17
tournament,78
record,197
break,20
win,39
ace,1
ankle,3
problem,64
season,88
surface,27
moon,30
information,268
space,132
probe,127
drainage,3
type,16
liquid,5
spacecraft,17
planet,27
bail,39
judge,144
detention,129
gas,302
release,209
exile,51
election,572
tribunal,73
terrorism,232
rape,39
care,90
passage,21
insurance,46
legislation,100
inaction,2
issue,148
option,21
reform,117
controversy,18
coverage,24
debt,139
move,173
pledge,43
many,118
dust,6
holiday,68
amount,41
particulate,1
air,209
sandstorm,4
land,161
soil,47
greenery,1
crowd,68
beachfront,4
nightclub,5
club,16
carnage,2
bombing,133
calm,20
launch,49
center,162
coast,158
project,91
proximity,8
equator,2
subway,37
metro,4
life,150
fund,37
accomplice,7
refugee,85
rest,52
return,103
teacher,13
murder,99
scene,73
knife,1
cleric,79
flag,18
residency,4
campaign,215
outrage,17
message,91
use,114
charter,35
cover,11
charge,129
combination,12
dispute,146
shortage,27
electricity,96
cabinet,124
republic,56
breakdown,3
unit,93
alliance,123
visit,315
signature,13
ex-president,2
son,81
citizenship,35
squad,24
ruler,16
embassy,128
public,35
consular,2
visa,24
plot,72
travel,67
turban,8
other,70
coal,40
mining,65
accident,84
miner,4
mine,88
explosion,225
owner,21
safety,95
focus,31
course,29
reduction,24
proposal,128
level,102
comment,77
car,392
blast,334
operation,237
suburb,18
enrichment,119
council,81
constitution,268
precursor,2
faith,18
address,104
hypertension,2
stroke,35
crisis,255
absence,13
critic,24
pressure,125
administration,265
clinton-era,1
counselor,2
announcement,146
window,15
manufacturer,10
appointment,20
re-election,38
officer,155
massacre,34
prosecutor,65
suspicion,38
haven,17
court,479
workload,1
building,169
stone,11
community,150
altar,2
discovery,34
environment,48
period,81
expert,18
incident,272
ruin,2
turmoil,22
barrier,20
dead,65
offshoot,2
mainstream,3
sweep,15
instability,32
task,18
cell,52
suspension,41
advisor,27
team,243
justice,84
uprising,53
ceasefire,53
web,24
past,65
addition,61
character,11
face,58
judge-and-jury,1
appeal,69
terror,130
hunger,44
landmine,15
regime,89
hit,26
hall,23
alcohol,12
while,14
activist,30
politician,39
activity,130
curfew,20
ban,142
roadside,234
crackdown,100
halt,26
mob,10
water,222
deterioration,4
situation,185
minority,65
appointee,1
vacancy,3
position,70
shi'ite,1
deputy,72
economy,582
high,45
jobless,2
productivity,13
shrinking,2
employee,22
education,103
cache,19
rubble,27
debris,24
suicide-bomber,1
inquiry,31
operative,14
airliner,15
lack,95
extremism,20
society,31
image,27
broadcast,53
printing,5
distribution,42
hate,9
material,55
audio,16
video,121
militancy,8
ship,103
passenger,44
authority,62
touch,7
illness,37
spread,55
slaying,4
name,101
core,10
ca.,1
independence,264
breakup,6
status,69
%,432
population,139
spring,9
growth,337
poverty,98
hemisphere,6
production,222
fee,10
surplus,16
recession,74
commodity,13
autonomy,62
student,36
unrest,56
monarch,12
democracy,145
prevalence,5
sugar,33
emancipation,9
manpower,4
importation,3
cocoa,21
export,84
processing,22
tourism,101
expansion,46
rise,40
crime,76
goatherd,2
flock,13
pasture,3
eventide,1
own,10
night,16
herd,2
feeding,5
fold,4
thaw,4
ingratitude,1
storm,205
reason,53
yesterday,1
impunity,5
physician,10
bedside,3
patient,7
noise,5
cat,9
mouse,8
beast,4
lady,14
door,14
misery,4
stimulant,6
nutrient,1
friend,24
boy,60
nursery,2
rhymes,1
shrink,1
fixation,1
cow,10
fate,44
warship,5
vessel,53
piracy,14
medicine,23
profit,23
mercy,6
vault,6
seed,29
archipelago,15
environmentalist,1
mountain,28
repository,2
crop,19
diversity,4
right,92
dozen,48
relative,8
convoy,142
academy,7
bystander,6
injury,43
policeman,50
airstrike,34
evening,14
draft,70
consideration,17
de-radicalization,1
jirga,4
fleet,22
training,99
morning,14
territory,190
pilot,27
error,13
rescue,86
wreckage,21
airfield,4
examination,6
ground,77
arrival,25
frigate,4
port,53
news-agency,2
yankee,1
navy,25
lease,2
membership,89
front,64
mosque,103
version,21
missile,166
generation,13
kilogram,1
payload,2
ammunition,28
scope,9
store,19
street,55
gang,34
organizer,5
pollution,22
hygiene,3
management,32
nutrition,8
apologize,2
obscenity,3
word,49
language,26
remark,15
rival,32
idiot,1
drunkard,1
lamppost,2
procession,12
shrine,32
grandson,6
spate,6
gold,69
winning,4
ticket,10
lottery,1
oath,14
quote,2
device,40
general,80
ruling,195
nothing,4
test,110
act,38
defiance,6
declaration,33
valley,21
flow,27
assistance,111
drugmaker,2
batch,10
medication,12
epidemic,15
timing,11
severity,1
disapora,1
one-third,21
product,14
signing,28
price,167
asset,5
target,50
pace,26
shape,8
cargo,41
daughter,45
bureau,19
floor,14
landslide,23
point,71
earthquake,147
map,26
survey,52
ocean,20
ridge,2
mud,10
seawater,1
warning,78
congressman,17
lawmaker,47
distraction,2
lobbyist,4
fraud,132
tax,135
evasion,24
wrongdoing,21
representative,35
finance,39
scandal,56
transport,43
citizen,44
chaos,28
set,44
order,160
danger,28
river,47
downstream,4
effort,227
flooding,61
flood,20
audit,11
inspector,11
compensation,30
dictator,67
disappearance,9
custody,123
indictment,27
ex-dictator,2
bloc,61
protectionist,2
panic,11
magnitude,46
quake,90
radio,158
funding,55
crossing,3
abuse,95
guard,35
defeat,40
side,71
bus,119
northeast,38
brother,75
presiding,1
warming,36
sea,68
ice,45
greenhouse,18
bear,8
habitat,3
delegation,99
matter,56
refusal,26
surprise,25
bakery,5
neighborhood,57
national,23
abduction,22
ransom,60
payment,25
wealth,34
poor,27
permit,5
portion,26
torch,32
relay,28
obesity,5
exercise,25
stalemate,13
vice,57
intervention,17
upsurge,21
residence,26
first,40
goal,63
winter,52
surge,34
reversal,5
policy,191
distasteful,1
captivity,14
several,17
wildfire,4
dense,1
fog,5
blaze,15
evacuation,21
aide,41
execution,27
tape,47
sound,14
hanging,3
phone,47
camera,7
footage,19
opponent,21
hometown,13
tikrit,1
guerrilla,24
administrator,15
cellist,2
conductor,1
frail,1
hospitalization,4
cancer,56
honoring,1
music,57
wife,76
soprano,1
response,145
persecution,12
fall,48
internet,50
giant,43
sun,13
search,75
complex,29
meter,7
example,15
referendum,157
next,1
winner,71
involvement,116
commission,149
fundraising,4
invitation,15
speculation,34
presidency,84
nomination,51
director,95
fundraiser,2
husband,40
lakeside,1
prize,24
laureate,13
gunfight,12
hideout,30
reward,22
capture,34
livestock,23
verification,3
pontiff,51
college,24
dormitory,1
conscience,2
collapse,46
remnant,1
reunification,18
ex-chancellor,1
gathering,31
difficulty,10
wheelchair,4
close,35
communism,4
wall,31
divide,6
audience,20
anniversary,68
sovereignty,62
tense,5
standoff,30
value,55
krona,1
calamity,2
loan,26
factor,17
deadliness,1
cigarette,5
smoking,18
tuberculosis,11
malaria,19
sleep,3
satisfaction,3
integrity,16
enclave,25
mock,1
funeral,53
coffin,13
picture,23
park,9
effigy,2
ambassador,123
sentiment,11
approval,102
downplay,1
wartime,14
help,91
aging,5
f-5,2
fighter,49
trouble,26
gesture,17
onslaught,2
landfall,17
preparation,14
hurricane,99
west-northwest,3
southeast,58
gunman,24
tourist,50
computer,39
software,18
billionaire,13
privilege,2
spaceflight,1
gourmet,2
dinner,21
crew,91
implementation,19
road,124
vision,10
separatist,25
stadium,17
centerpiece,2
concert,23
lead,58
singer,41
offstage,1
song,20
guitarist,6
bronchitis,1
show,46
album,15
legislature,33
textile,21
hardship,3
quota,17
clothing,22
pipeline,71
homeland,33
east,54
discrimination,24
deputy-leader,1
animal,22
sunburn,1
advocacy,13
shutdown,5
closure,32
explanation,11
martial,4
venue,8
prisoner,49
condemnation,12
diplomat,76
broker,10
disarm,4
practice,35
importance,26
opium,28
cultivation,12
assistant,6
third,35
producer,57
ingredient,9
heroin,21
videotape,44
victory,107
decade,23
humiliation,2
resistance,34
string,31
profile,6
shadow,15
blood,56
intolerance,5
infringe,1
separation,11
church,67
letter,92
mention,3
reverence,2
means,8
mistake,26
objection,4
opportunity,39
trip,181
installation,8
daily,8
gun,34
tycoon,14
conviction,21
retaliation,27
underway,7
delay,40
innocence,5
refinery,28
militia,84
theft,11
equipment,77
institution,8
allotment,1
voice,39
result,70
boycott,40
ranch,25
rationale,2
panel,75
intelligence,223
success,35
resolution,122
strategy,53
testimony,29
timetable,28
possession,21
plantation,6
farm,96
much,100
eruption,9
gdp,169
spending,112
wake,37
manganese,2
copper,17
output,56
machinery,13
improvement,14
banking,51
availability,4
hydropower,9
component,3
location,36
transit,32
code,19
enforcement,21
downturn,29
decline,55
borrowing,6
regulation,3
privatization,23
liberalization,5
path,26
agriculture,78
forestry,9
mainstay,8
one-fourth,3
apparel,8
termination,5
deforestation,3
erosion,4
firewood,2
drop,40
colony,33
agitation,3
share,88
mankind,2
earth,15
vengeance,1
warfare,10
protection,58
henceforth,2
minibus,15
insurgent,12
gunfire,38
tent,4
axe,7
rendition,2
charisma,1
race,74
sensation,1
confinement,7
lawyer,63
amnesty,22
half,100
requirement,4
reporter,44
date,83
photographs,1
website,38
identification,11
registry,4
globe,10
facilitator,2
bullhorn,1
exit,15
slum,11
assault,57
pistol,6
entrance,17
state-media,1
guidance,8
respect,18
interference,18
harassment,10
opinion,62
poll,117
rating,19
low,19
gasoline,65
disapprove,5
handing,2
margin,22
grandmother,4
hopeful,4
kitchen,6
roof,22
mother,41
pride,8
run,34
step-grandmother,1
birthday,13
harare,1
unity,58
train,73
derailment,2
inside,4
marshy,1
clad,1
laboratory,39
sister,17
sibling,1
cholera,15
infection,28
dehydration,7
rainy,4
profiling,3
stand,15
shootout,32
executive,53
federation,11
sport,11
disrepute,1
fine,9
sewage,8
build-up,4
transfer,30
property,31
leak,6
identity,27
agent,34
creation,37
royalist,6
salute,1
clampdown,5
provision,11
oversight,11
deregulation,1
nominee,33
drilling,15
teenage,10
pop,19
bedroom,1
accuser,3
teen,4
entertainer,5
wine,3
jet,34
liquor,5
back,12
ally,51
burden,22
healthcare,5
housing,79
austerity,9
tram,1
print,4
freeze,20
pay,30
continent,55
one-quarter,5
competition,39
beef,21
confirmation,38
envoy,90
career,40
volunteer,3
hearing,51
extortion,3
proclamation,7
milestone,8
relationship,37
consumer,85
pact,43
mayor,46
speaker,43
fear,20
stockpile,6
bastion,2
planning,19
airspace,21
subject,11
article,27
authenticity,12
hand,52
offer,81
lord,1
ring,25
twin,3
farmhouse,2
rock,29
fiancee,2
toxicology,3
examiner,1
bathroom,7
monoxide,2
poisoning,9
memorial,22
west,51
grass,6
drought,35
stop,37
run-off,24
front-runner,5
hike,19
liter,11
supplier,11
bankruptcy,12
motion,27
parent,6
load,10
surgery,55
fluid,2
scar,1
tissue,5
left,7
chest,11
cavity,1
complication,2
lung,7
quadruple,1
bypass,3
playing,7
charity,31
golf,2
shortness,1
breath,4
variety,22
migrating,3
flamingo,3
variant,3
ward,3
liaoning,1
sentencing,6
phase,20
guilty,6
conspiracy,30
leash,3
neck,8
ringleader,5
bargain,7
reaction,19
plastic,11
sign,41
battle,84
argument,11
altercation,2
weapon,42
strife,11
harvest,10
rainfall,10
statehood,7
breathing,5
detail,6
protester,5
track,31
compromise,17
struggle,56
inauguration,23
veto,17
magazine,38
mourning,14
screen,9
destruction,66
wheel,1
hotel,51
dna,11
credit,50
count,24
isolation,23
junta,32
tribute,10
combat,58
wreath,6
motorcycle,23
parade,23
downtown,14
occassion,1
recess,6
takeover,16
turnover,1
attorney,36
entrapment,1
tree,19
lighting,4
undercover,7
fairness,4
cornerstone,3
future,93
commonwealth,3
grouping,8
purpose,16
seminary,2
attacker,34
mark,10
resilience,2
courage,10
optimism,8
tribesman,3
champion,57
hockey,4
game,54
sailing,8
drill,9
reconnaissance,10
transmit,1
command,34
supreme,2
call,83
sermon,4
expense,12
forum,19
ayatollah,4
rightist,6
shipping,16
revenue,62
telecommunications,15
account,36
impact,52
employment,30
middle,16
age,67
strengthening,6
gentry,1
formation,22
union,75
shock,7
therapy,5
underclass,1
transformation,7
maritime,15
dependence,20
welfare,16
income,86
exporter,27
balance,22
manufacturing,48
upswing,6
boom,16
slowdown,25
demand,176
confidence,60
ratio,7
deficit,81
krone,1
euro,43
secessionist,5
revolt,15
protectorate,13
self-government,4
malfeasance,1
rebuilding,16
olive-tree,1
fig-tree,3
shower,1
snow,45
olive,1
foliage,1
weight,18
beauty,9
editor,33
purity,2
enterprise,5
fearlessness,1
paper,45
secret,14
prosperity,11
spaceship,3
advance,18
crushing,2
modernity,1
cubanization,1
apartment,32
stab,1
landmark,16
ballot,20
density,3
shantytown,2
shopping,22
author,10
book,31
smarter,1
insight,5
astrology,1
grip,8
cement,4
violation,34
restraint,11
weakness,1
xdr-tb,1
find,6
resistant,1
commitment,48
rogue,5
principle,14
grave,31
mujahedin,4
dominance,8
minute,26
turbo,1
charger,1
malfunction,2
file,8
permission,34
square,22
by-election,4
block,13
steel,14
mill,7
consortium,9
son-in-law,3
inception,1
trash,7
can,2
vacation,12
sprain,1
racquetball,1
memorandum,8
understanding,20
promotion,11
avoidance,1
taxation,6
guest,10
honor,20
stay,11
ranking,5
succession,17
deadline,65
extension,28
rubber,10
causality,1
grenade,46
pro-opposition,1
channel,26
asylum,38
warrant,22
dealership,2
scheme,6
silence,19
broadcaster,14
colleague,8
press,70
wing,29
pretext,4
hostility,5
platform,19
section,30
editor-in-chief,1
transparency,12
miscommunication,1
line,76
baby,11
truck,82
summer,5
stay-order,1
broadcasting,7
negligence,8
outcome,14
counter-proposal,1
installment,4
disappointment,6
analysis,9
fence,23
warehouse,9
slain,15
resource,11
holder,3
moment,26
wedding,6
injured,21
recognition,25
rear,2
shuttle,44
tank,23
metal,15
hydrogen,2
next-to-last,1
voter,28
coup,96
airlift,2
defection,2
delivery,60
barrel,106
trading,103
gain,22
gallon,4
troop,32
chief-of-staff,1
outcry,6
elephant,6
ivory,4
cameraman,12
gunbattle,29
freelance,2
bullet,7
sniper,9
militarization,1
weaponization,1
confrontation,17
blockade,32
hydrocarbon,2
trawler,1
shipment,11
seizure,22
stock,72
goodwill,12
capability,11
cluster,8
desert,14
beginning,30
structure,25
purchase,17
ceremony,107
session,84
reputation,9
integration,25
discontent,6
substance,10
cholesterol,3
cooling,2
tower,6
denuclearization,2
leverage,2
slump,9
glut,1
reading,14
mortgage,12
stake,19
siege,14
performance,32
fortune,4
assessment,14
addendum,1
knowledge,15
debriefing,1
solidarity,20
determination,9
tolerance,11
commuter,9
accused,1
agony,2
correspondent,21
photographer,12
accreditation,5
dining,5
punk,2
sex,26
jazz,6
legend,6
lifetime,7
achievement,6
award,35
partner,45
recording,16
museum,29
fowl,5
chicken,19
crater,4
harm,3
settler,9
defendant,18
zone,51
rifle,10
chancellor,15
text,11
federalism,16
casualty,13
merger,32
reality,9
lifting,7
ownership,18
auction,16
aggression,14
diarrhea,10
household,10
bleach,1
re-run,7
cheating,2
polling,28
football,57
counting,10
armor,9
resolve,5
shortfall,5
subsistence,25
gardening,1
cash,55
passion,3
fruit,6
honey,4
coconut,1
cream,4
emigration,5
typhoon,24
transition,34
mismanagement,11
empire,23
kingpin,5
recipient,2
prodemocracy,1
buddhist,6
homeless,14
tragedy,23
nutmeg,2
contraction,14
countryman,6
nest,2
goose,12
egg,5
yellow,2
glittering,1
trick,3
delight,2
greedy,1
greed,3
doe,2
misfortune,2
cliff,6
eye,17
wolf,14
shepherd,13
watch,15
guardian,1
plotter,1
occasion,13
dial,1
tone,7
gravity,3
pen,1
underwater,5
glass,11
pencil,2
alternative,10
route,38
rail,14
rent,4
tally,7
breakthrough,10
solution,31
tour,89
table,14
consul-general,1
descent,16
reporting,14
journalism,9
prefecture,4
aftershock,6
possibility,41
kingdom,43
restoration,9
prevention,11
king,47
monarchy,45
cyclone,13
rice,32
story,40
staple,5
cricket,25
baseball,18
pitch,3
lesson,4
bat,1
captain,15
batsman,5
expertise,4
anti-government,3
promise,23
rebellion,22
quarter,32
blockage,1
hero,9
hague,1
closing,11
card,16
equity,3
advantage,27
trap,6
portrait,3
prince,10
successor,31
omission,1
appearance,34
firing,12
occupation,31
manifesto,1
sanitation,14
dissent,6
challenger,14
edge,5
balloting,23
selection,13
foundation,19
secretary-general,15
fifth,12
trafficking,44
mandate,29
duty,19
mudslide,7
highway,41
university,28
jewelry,6
retreat,9
mortality,4
coach,14
tuneup,1
ball,9
monopoly,14
sake,7
vote-rigging,3
venture,14
amendment,27
signal,8
repeat,11
minster,4
favor,41
title,36
walkout,6
commute,1
wage,18
pension,17
traffic,42
model,11
awareness,18
brutality,7
ambulance,2
artillery,39
barrage,7
lawlessness,7
founder,21
glimpse,5
boost,17
tech,2
chipmaker,2
artemisinin,1
falciparum,1
currency,70
origin,14
bio-terrorism,1
co-founder,4
penalty,32
conservative,5
registration,15
make-up,1
diving,2
amateur,1
joy,5
swimming,3
pool,12
spy,26
departure,14
schedule,28
arthritis,2
hold,30
papal,2
handover,10
settlement,82
bar,11
dawn,8
note,15
divine,1
stampede,10
flour,5
crush,2
suffocation,5
theater,14
petition,18
government-in-exile,3
pilgrimage,2
quo,2
observer,7
liaison,2
none,28
photograph,10
media,5
backlash,5
scale,23
cyber,5
offline,1
blog,3
networking,4
outage,5
bridge,22
reasoning,1
apple,1
pie,1
expression,15
common,2
complaint,16
behalf,21
foot,27
draw,14
spin,3
bowler,9
innings,11
light,19
play,14
score,11
absentia,10
jailbreak,1
escape,17
cleaning,3
drinking,25
engineering,11
admiral,3
chorus,3
look,5
cleanup,6
sabotage,11
alert,34
lawyer-activist,1
soul,4
repeal,3
sailor,3
taxpayer,3
trucking,3
subcommittee,4
contracting,5
burial,6
car-bomb,4
bicycle,13
mineral,11
peninsula,37
coffee,17
launching,4
treasure,3
iron,12
revolution,21
migration,5
palm,3
extent,10
capita,32
turbine,1
bilateral,7
self-reliance,2
check,7
propaganda,20
objective,6
unification,14
misallocation,1
centenary,2
birth,31
banner,6
accession,11
digit,1
quarter-on-quarter,1
procurement,4
bull,4
might,3
stall,1
calf,1
hut,1
haunch,1
mutton,1
clamor,1
nigh,1
yard,7
dog,16
crapping,1
semi,1
pet,6
cardboard,1
agenda,41
guarantor,2
hardware,6
broadband,2
tunnel,27
diameter,1
turkey,13
short,5
coordination,15
meantime,2
child,74
burning,15
worldwide,31
convenience,1
department,47
acquisition,8
retailer,8
affiliate,4
brokerage,2
luxury,20
vandalism,4
blackout,9
racism,10
malnutrition,5
desire,21
bioterrorism,1
chemical,67
director-general,6
testing,25
kind,23
transmission,17
watchdog,15
legislator,10
apology,15
drive,14
handwriting,1
atmosphere,23
judiciary,12
guaranteeing,1
dissident,8
brain,25
surgeon,3
interrogation,26
tension,18
entry,34
manhunt,6
raise,3
allowance,4
rand,3
jungle,10
cocaine,24
coca,13
cloud,5
chairmanship,9
portfolio,4
bed,4
pain,15
discomfort,3
blueprint,3
aim,18
culture,19
disagreement,9
introduction,6
mediator,12
banditry,3
headdress,1
detector,3
experience,23
screening,6
deportation,13
picking,1
sponsor,5
sect,7
ouster,22
documentary,10
showing,7
technician,6
treason,17
arsenal,10
reference,14
shift,12
laundering,16
gorge,5
curve,4
mountainside,2
wreck,3
salt,4
ditch,1
plunge,3
aftermath,22
stance,16
free,1
catastrophe,13
wound,6
refining,18
contribution,12
clause,3
arm,16
tracking,1
removal,12
constituency,5
inspection,13
leg,27
shrapnel,4
garrison,3
factory,39
reach,7
drone,34
imposition,3
diplomacy,18
devil,4
chamber,11
procedure,23
deadlock,13
size,35
imbalance,8
film,59
loyalty,4
vaccination,12
accordance,10
resettlement,6
waiver,1
contractor,21
crude,25
forgiveness,5
renegade,9
push,30
establishment,16
clearance,3
seige,1
orientation,3
disturbance,4
investigator,16
neutrality,9
whole,6
standard,13
capitalism,3
ore,6
midst,11
consumption,16
profitability,5
rebound,6
hare,18
tortoise,10
wind,16
assertion,8
fox,26
wayside,3
fatigue,4
owl,3
wisdom,4
acorn,1
mistletoe,1
poison,11
bird-lime,2
flax,1
archer,1
credence,1
hence,1
advice,9
solitude,1
folly,1
hotline,2
shortwave,3
frequency,5
blow,21
miliatry,1
marathon,6
emission,1
choice,22
tabulation,1
architect,7
candidacy,17
statesman,3
unionist,1
repression,16
circle,3
splinter,4
top,18
postcard,2
phrase,3
lineup,5
nephew,10
faction,42
torture,71
runner-up,2
imprisonment,13
camouflage,2
delta,8
rematch,1
sprinter,3
distance,14
demarcation,6
borderline,1
recruiting,16
cart,1
basketball,9
feat,3
bronze,12
medal,17
kilometer,14
incursion,19
mediation,10
rapporteur,1
contention,3
revenge,10
pro-democracy,2
hub,11
edition,13
toilet,8
gymnast,3
rotator,1
cuff,1
spot,21
dome,2
smoke,15
haze,2
lit,1
question,27
ex-girlfriend,2
technique,4
actress,16
alpine,1
skier,6
downhill,15
slalom,12
gate,11
finish,6
podium,3
super-combi,1
airbase,7
jurist,2
playoff,1
coltan,1
cassiterite,1
hatred,12
slaughter,14
accuracy,4
interpreter,17
translator,11
recount,4
circulation,5
peso,3
cowboy,2
style,9
surf,1
alphabet,3
turf,2
rain,62
mainland,22
tributary,2
explosive,1
secularist,1
tribe,8
half-page,1
notice,16
cousin,10
fugitive,3
doomsday,1
lunch,12
heritage,3
review,56
ink,2
stamp,12
state-of-the-nation,1
duress,2
turnout,11
significance,2
intimidation,8
revote,1
consensus,15
cut,19
nonproliferation,3
whiskey,1
influnce,1
homily,2
negation,1
topic,3
marriage,20
confidentiality,3
reliance,11
sky,7
customer,6
tractor,6
founding,10
campaigning,10
landing,23
clinic,13
meters-deep,1
mastermind,13
marijuana,7
parking,8
frustration,6
outpouring,2
emotion,1
swine,16
diversification,7
exploration,28
petrochemical,6
civilization,2
circa,1
dynasty,7
contributor,4
sand,3
gravel,1
fish,39
catch,2
exploitation,9
compact,9
colonial,8
dominion,3
socialism,6
application,9
standby-agreement,1
ruble,1
negotiation,3
lion,38
cub,8
lioness,1
whelp,2
wild-boar,1
distress,5
petrol,1
destination,16
vaccine,37
mosquito,4
donation,5
cremation,2
slide,6
groundwork,2
tumor,4
tip,14
turk,1
swede,2
lid,2
liberation,8
peshmerga,1
rioting,9
desecration,6
intersection,3
drawdown,2
czar,2
movie,36
instance,2
say,4
mailbox,1
mistreatment,10
monitoring,20
fatality,10
salary,10
minimum,8
collaboration,8
sort,6
courtroom,13
notion,1
degree,8
horror,4
speed,22
fix,2
neighbor,23
farmer,16
boundary,4
present,4
judgment,8
four-at-a-time,1
taxi,11
safeguard,4
firefight,19
machine,20
motorcade,13
uncovered,2
flurry,5
data,4
reserve,11
brigadier,4
dereliction,6
colonel,3
uniform,12
beach,9
partnership,28
faint,2
manifest,1
southwest,17
willingness,15
espionage,12
adviser,17
tampering,2
breakaway,20
infantry,4
division,21
commando,6
mouthpiece,3
sadness,4
idea,27
fragmentation,1
crossfire,5
cruiser,1
destroyer,5
tanker,24
freight,2
module,4
robot,5
lab,18
xenophobia,1
anti-semitism,2
incitement,4
overthrow,11
conversation,13
witness,27
primary,3
package,57
suggestion,8
toss,3
row,11
medalist,11
campaigner,1
speedskater,3
investor,16
interceptor,4
appreciation,5
obsession,1
songwriter,6
doctor,24
donor,32
peacekeeper,10
nationality,17
inclusion,7
line-of-control,1
veteran,12
spectrum,3
ratification,11
litigation,2
businessman,22
partition,4
moving,1
midterm,2
snap,2
percentage,23
discussion,16
direction,17
warlord,7
financial,2
horticulture,1
bauxite,5
alumina,4
/,8
underemployment,5
servicing,4
ability,36
prospect,5
discipline,11
import,16
openness,6
overdependence,3
method,7
restructuring,20
disgrace,2
emphasis,2
standstill,3
stoppage,8
oppression,3
joblessness,1
terrain,4
interior,13
reformist,4
worth,28
revision,6
professor,13
commissioner,11
motorbike,3
flare,2
anti-piracy,1
railroad,3
depot,6
artist,15
archive,2
literature,7
art,24
hermitage,1
curator,3
silver,13
cross,9
ladle,1
tube,6
stomach,9
gastrostomy,1
coma,12
shelter,40
pattern,7
carmaker,5
detainee,22
caution,6
eavesdropping,3
information-collecting,1
spying,6
wiretapping,4
privacy,7
precinct,3
malpractice,4
celebration,17
inspiration,4
flame,9
journey,12
cauldron,3
cave-in,2
chute,2
suffering,13
flash,16
anti-terrorism,12
patron,1
feasibility,3
lander,3
icy,11
pole,4
elite,3
indignation,1
depression,14
pack,2
sperm,1
pound,9
ton,12
function,2
hemorrhage,5
re-vote,5
denial,4
ancestry,3
dictatorship,14
bumper,2
yuan,5
marketplace,5
beta,9
south-southeast,2
overtime,2
bye,3
will,22
gas-separation,1
credibility,13
scam,3
hoax,6
deception,2
jump,11
operating,15
analyst,7
fact,12
recommendation,15
arbitration,8
ghost,2
payroll,3
accounting,9
remainder,8
display,13
affection,4
actor,16
propriety,1
contest,12
vow,6
priority,24
category,8
confederacy,1
slave,4
span,5
desolate,1
whaling,6
seal,6
dormant,1
volcano,13
arrangement,11
km,5
caretaker,12
contrast,4
monsoon,21
reply,2
festival,38
complicity,8
downfall,1
directive,3
depletion,5
heat,18
adoption,11
patrolling,1
publisher,7
parliamentarian,4
contingent,7
toy,6
recall,6
piece,22
branch,17
typhoid,1
famine,16
regret,10
automobile,5
ex-diplomat,1
tenure,5
disdain,1
epicenter,9
polio,30
stricken,2
skirmish,3
expulsion,11
estate,20
telegram,3
love,9
link,23
relations,1
prophet,13
spokesperson,6
license,22
tradition,26
depiction,4
idolatry,1
renunciation,2
interpretation,2
belief,5
exhaustion,4
telephone,39
lull,9
follower,2
backpack,3
restriction,1
justification,5
hindrance,1
moratorium,11
whale,6
hunting,11
extinct,1
meat,21
bidding,6
key,8
comptroller,1
levee,7
swap,8
advertising,8
gaming,5
bag,10
corporation,7
view,14
index,46
mistrust,1
reminder,1
tunisian,1
trench,5
scenario,5
dug,1
human,5
hearse,1
rigging,1
reinstatement,3
cut-off,2
gift,4
bleeding,6
apartheid,10
yen,9
gap,30
slick,12
dam,21
benzene,11
bolt,1
lightning,5
gloom,1
basket,2
mullah,1
symbol,12
emergence,3
anchor,1
fertilizer,14
mobster,1
hangout,1
condominum,1
certificate,4
authentication,1
joint,4
episode,1
competitor,2
jurisdiction,14
freighter,3
fraction,7
sphere,4
normalization,4
velvet,1
divorce,6
aka,2
politic,1
year-end,1
cotton,15
phosphate,7
completion,11
underinvestment,1
timber,12
wood-processing,1
impediment,3
vitality,1
softening,3
peg,3
maximum,13
camel,3
meekness,1
gentleness,1
temper,1
spirit,11
boldness,1
bridle,1
mouth,15
dread,1
anti-corruption,4
bribery,6
congress,13
van,13
fault,7
oil-drilling,1
disruption,7
spike,7
imam,5
tribal,13
tin,1
inductee,1
slot,6
catalog,1
induction,1
hole,10
defect,3
aneurysm,2
septum,1
migrant,3
representation,15
beating,10
softball,4
polo,1
squash,1
rugby,1
roller,1
fashion,12
theme,5
diamond,12
royalty,2
dance,7
happiness,2
longevity,3
luck,7
curriculum,3
sanctuary,5
couple,30
dedication,1
lodge,2
disengagement,3
cereal,3
temperature,5
colder,1
tolerant,1
acidity,1
salinity,1
preview,3
slam,1
compatriot,6
hip,5
drafting,5
sheet,3
journal,6
glacier,6
melting,2
plume,1
ash,6
steam,2
melt,1
update,5
stretch,6
discharge,2
waterworks,1
spill,18
hospice,1
radiotherapy,1
consciousness,5
daytime,1
robbery,9
aviation,22
runway,11
fuselage,1
ahead,5
cruise,6
distinction,1
port-au-prince,8
sit-in,2
backer,5
booster,3
ultimatum,5
pair,14
shield,15
outline,2
domination,6
forklift,2
operator,5
porcelain,1
pop-rock,1
elevator,3
sauna,1
garage,2
science,19
overthrew,1
shaft,5
gambling,7
compliance,12
rig,12
mistrial,2
marginalization,1
nickel,7
outlook,7
backbone,2
biodiversity,2
ecotourism,2
bureaucracy,6
net,13
fame,6
conquest,5
steppe,1
ex-communist,1
turnaround,3
averaging,2
tariff,4
eradication,7
disbursement,2
bread,3
hart,5
chase,6
vine,4
haste,4
concealment,1
rustling,1
arrow,1
bow,2
fowler,2
partridge,2
master,10
recompense,1
scruple,1
hen,3
barley,1
receipt,7
clerk,5
transaction,8
jihad,7
infiltration,4
skepticism,4
adultery,2
blasphemy,2
content,10
secession,10
detonator,2
setback,9
conscription,1
cabin,1
prey,7
creator,2
conclusion,15
likelihood,4
islamist,24
netting,1
devastation,13
womb,1
zoo,5
creativity,2
admission,7
insistence,4
trio,6
kidnap,6
soccer,26
prep,1
shot,5
keeper,2
acid,5
impasse,10
farce,3
spiral,2
anonymity,12
tie,10
popularity,15
cord,4
initiative,34
archaeologist,5
cafe,9
kyat,1
clearing,7
vacuum,8
start-up,3
throne,16
lieutenant,7
rotation,2
uncle,5
wish,5
regiment,3
sacrifice,11
pad,2
storage,13
fun,5
frailty,1
libel,2
defamation,3
hardcourt,4
shoulder,9
sharing,13
ecology,1
farming,21
friction,4
royal,4
incwala,1
lifestyle,1
dock,3
swam,1
turn,15
pullback,4
indiscretion,1
manager,15
leave,10
shoplifting,1
quitting,1
tetanus,2
confession,8
cascade,2
poppy,11
lobbying,4
abstaining,1
protocol,11
semi-retirement,1
container,5
packaging,2
independent,2
middle-class,1
rejection,9
exporting,1
prison-break,1
oil-,1
potential,14
earner,4
cane,3
liquidity,2
inequality,7
disparity,2
damsel,1
bride,1
couch,2
nature,25
nurture,1
ox-stall,1
truss,2
hay,7
ford,1
chevy,1
hunter,17
quail,3
shotgun,2
companion,9
cheek,3
scuffle,2
renewal,5
rental,1
honesty,1
insider,1
endorsement,7
meltdown,2
coastline,8
vicinity,1
influx,3
processor,1
slaughterhouse,2
volatility,2
ravine,5
rhetoric,4
disarming,2
escalation,8
pick,3
produce,4
existence,16
abortion,20
terminal,5
compassion,7
atrocity,3
neighbourhood,1
cartel,25
knee,10
lateral,1
ligament,2
pass,8
collision,10
pm,2
governing,17
forecast,12
adjustment,3
grandfather,3
tarmac,2
friendship,9
six-nation,2
pounding,1
vegetation,2
bike,1
revelry,1
height,7
ferry,12
stem,9
crawl,1
standby,3
intention,25
tactic,5
roll,3
rehabilitation,12
rampage,10
guarantee,3
quadriplegic,1
outward,1
client,16
shareholder,7
retribution,2
leatherback,1
else,2
transmitter,2
clarification,4
delegate,2
detachment,3
resident,4
hail,3
seminar,4
writing,5
cable,17
expedition,3
barricade,3
roadblock,6
sympathy,4
mazlum-der,1
criminal,2
blackmail,3
half-century,1
power-sharing,5
vain,3
peace-keeping,2
embargo,41
opera,7
harmony,3
leveling,1
tobacco,16
wool,2
quantity,6
mercury,2
recapitalization,1
commerce,8
lobster,2
tuna,4
supplement,4
maintenance,16
encouragement,3
momentum,7
nm,2
aviary,1
profession,5
oak,2
wont,1
hawk,7
sight,7
peacock,1
nightingale,1
predecessor,17
traveller,3
collection,9
afar,1
crucifixion,3
attend,1
throat,8
devout,1
comfort,2
gala,2
re-establishment,1
swearing-in,2
pursuit,12
revolutionary,1
caste,2
merit,3
belligerence,2
grass-court,1
serve,1
centimeter,3
safehaven,1
flashpoint,2
infant,8
handgun,4
mansion,4
sheriff,5
detective,1
revolver,1
spector,1
holster,1
h5-type,1
flyway,1
county,12
supervisor,3
boss,7
villager,3
wait,1
impeachment,12
graft,8
crease,3
goodbye,1
rubella,1
autism,1
association,18
postponement,9
taboo,2
suitcase,4
feud,7
clan,4
disgust,2
hypocrisy,1
c-130,3
comeback,4
trafficker,3
good,3
stimulus,25
outpost,14
capitol,1
felony,5
immigrant,6
associate,10
workforce,12
tire,3
grocery,2
oxygen,2
acetylene,1
basement,1
tremor,2
rumbling,1
database,8
pedophile,2
brawl,5
pork,6
autocracy,4
maoist,6
fever,23
trace,3
consent,1
demagogue,2
advocate,7
pirate,7
filmmaker,11
publicity,4
humaneness,1
premier,3
raffle,3
airfare,1
governance,14
porch,1
candy,2
upshot,1
dusk,1
dependency,9
maize,4
distorting,1
nationalism,3
dissolution,9
transshipment,3
kite,6
cote,2
havoc,3
slew,1
remedy,1
onion,1
chili,1
beer,6
eggplant,1
trout,1
parmesan,1
spinach,1
avocado,1
grade,11
lipstick,2
mirror,3
principal,2
custodian,1
squeegee,1
believer,1
psychic,1
merriment,1
poke,1
nose,12
medium,1
patience,4
safehouse,2
doubt,18
patriot,2
fair,4
blacklist,2
stricter,1
trend,13
mule,4
stabilization,4
anthrax,1
translation,4
flotilla,9
lawsuit,23
skill,2
length,9
culling,4
extermination,5
affair,8
banker,4
validity,2
laptop,7
allegation,7
provocation,5
monitor,3
90-year-old,1
lunar,11
orbiter,2
rover,6
walk,4
electrocution,2
townspeople,2
manslaughter,5
canal,7
organizing,3
disposal,6
rang,3
sting,1
dismantling,3
demolition,4
ordinance,2
box,9
premiere,4
comedy,9
flare-up,3
laborer,2
proliferator,1
mix,4
circuit,6
teammate,4
overall,3
drunkenness,2
talk,6
horseback,4
battery,8
prediction,2
rap,5
ex-husband,2
fidelity,1
nationalization,10
pick-up,1
ventilation,1
fisherman,14
ride,2
adventurer,1
employer,2
banana,3
debt-to-gdp,2
lending,9
anticorruption,3
reign,3
post-election,2
remittance,3
abolition,5
slavery,11
referenda,3
charcoal-burner,1
fuller,2
housekeeping,1
charcoal,2
like,2
heifer,1
plow,1
yoke,1
smile,1
idleness,1
peasant,4
garden,6
apple-tree,2
harbor,8
hollow,2
honeycomb,1
stream,10
plank,2
reflection,6
grab,5
lip,2
butcher,2
ass,13
skin,7
fright,1
fool,2
engineer,15
approximation,2
physicist,4
mathematician,3
rope,3
speaking,12
looting,5
birthplace,4
gospel,2
synagogue,3
choir,2
molestation,8
standing,9
foreclosure,5
homeowner,1
disillusionment,1
president-elect,14
stir,1
half-sister,1
tractor-trailer,1
overheating,2
arbiter,3
theory,6
pariah,1
excuse,8
weeklong,2
bunker,5
worm,3
challenge,31
pluralism,2
cruelty,1
maltreatment,2
handful,11
rank,3
health-care,1
book-signing,1
autobiography,3
minister-designate,4
centrist,4
swearing,1
referral,14
individual,5
championship,13
homage,3
tracker,1
bootleg,1
democrat,2
tool,7
catheterization,1
catheter,1
designer,3
trophy,2
equivalent,3
musician,15
entourage,3
disorder,9
affray,1
lounge,3
whisky,1
disclosure,3
grant,12
center-left,1
congresswoman,2
nationalist,7
transplant,5
promoter,3
ski,8
mask,1
darul-uloom,1
deoband,1
concept,2
specially-built,1
law-and-order,1
ignorance,2
tonnage,1
siphoning,1
second-highest,1
legacy,5
drag,2
revitalization,1
deliverer,1
bundle,2
forest,12
pit,1
leisure,3
nostalgia,1
grammar,1
perfect,1
blacksmith,1
potato,4
sack,3
audits,1
breast,12
ribbon,1
consul,1
prime,4
chain,15
pizza,1
superpower,2
syndrome,2
campaign-finance,3
misuse,10
corn,6
wheat,14
hotbed,3
leukemia,2
bone,3
marrow,1
difference,6
busload,1
indicator,2
offering,5
diesel,12
displacement,3
unhurt,3
gender,7
tune,3
biathlon,5
doping,9
inability,9
fort,2
specialty,4
strait,2
clout,2
snowfall,5
snowman,1
visibility,4
backlog,1
visionary,1
thought,2
peak,13
summary,1
civilian,2
pro-government,3
hair,15
beard,1
mail,4
down-turn,1
carrier,20
manuscript,3
composer,2
buyer,5
library,2
piano,3
duet,3
quartet,7
crayon,1
rediscovery,1
reassessment,1
deaf,1
reluctance,3
cartoon,14
cartoonist,3
cockroach,1
foothold,1
mi,1
llion,1
thrift,4
zenith,2
latter,9
devolution,1
cooler,1
trawling,1
cacao,1
philosopher,2
shore,11
shipwreck,1
injustice,4
perchance,1
wand,1
recruitment,9
counter-terror,1
mind,9
artwork,4
innovation,5
clay,3
crown,7
plain,3
propulsion,1
craft,5
orphanage,3
censorship,9
online,4
programming,10
temple,9
memory,8
holocaust,3
sudanese,2
male,6
daybreak,2
trust,15
obedience,1
scripture,1
generosity,1
island-nation,2
cold,7
writer,11
exhibit,6
mural,1
gunpoint,6
jamming,2
provider,4
infertility,2
paralysis,7
patent,2
keyboard,1
parallel,2
dioxin,4
contaminant,1
interregnum,1
conclave,1
dirty,6
multiple,1
consultant,3
demining,1
skater,1
superstar,3
muscle,6
groin,3
skiing,5
blower,1
bazaar,2
audiotape,6
al-qaeda,1
wreathlaying,1
kommersant,2
weaponry,9
missionary,3
hitch,2
paperwork,3
fleeing,1
precision,1
shelling,11
jailhouse,2
modernization,8
objectivity,3
chapel,1
negotiating,7
framework,12
precondition,3
occurrence,4
passing,8
condolence,3
cooking,4
chemistry,2
philanthropist,2
banquet,3
match-up,2
tomb,9
icon,3
lecturer,2
disabled,4
convention,9
seller,3
developing,1
illiteracy,2
underdevelopment,1
catalyst,4
perpetuity,1
livelihood,11
neglect,4
zinc,6
rite,1
topologist,1
cup,4
doughnut,1
capsule,2
scrutiny,11
cancellation,10
bondage,1
magnate,5
adversity,1
tramway,3
monastery,1
attraction,3
buildup,9
decree,18
censor,1
hiring,1
chocolate,9
stopover,2
takeoff,2
packing,1
heave,1
hungry,2
taste,2
motorway,2
railway,11
inmate,3
intermediary,1
makeshift,4
input,1
dismissal,13
dioxide,9
waterfowl,3
pull-out,6
impulse,1
hijacker,4
vulnerable,3
oil-rich,1
counsel,5
millennium,3
calendar,12
devotion,1
researcher,2
mini-stroke,1
disability,1
numbness,1
weakening,2
pump,1
instrument,4
alarm,5
wording,2
ceiling,3
brand,7
hairdresser,1
makeup,6
nulcear,1
survival,6
recorder,4
blizzard,2
bust,2
basilica,3
fresco,1
submission,2
sectarianism,1
discrepancy,1
roadway,1
widower,2
metathesis,1
stint,2
offseason,1
tendon,1
documentation,5
incompetence,3
nuclear,1
overhead,5
dividend,8
consulting,2
colonization,3
eurozone,1
principality,6
theocracy,1
bishop,6
threshold,2
mutiny,2
aegis,1
quarrel,3
horse,14
stag,4
saddle,1
spur,1
theirs,1
pomegranate,1
bramble,3
hedge,4
statistician,1
personality,4
accountant,2
gauge,3
junk,4
sedition,1
irishman,1
assignment,2
sail,2
hunt,9
sterilization,3
globalization,7
era,12
urgency,2
renovation,2
conditioning,1
rot,1
context,1
house-to-house,6
cycle,7
proportion,5
hijacking,6
turnabout,1
immunization,3
mastery,4
non,1
grata,1
misunderstanding,2
democratization,4
suppression,7
troop-reduction,1
asthma,3
candle,1
cordon,1
guide,2
responsiblity,1
resurgence,3
juncture,1
collusion,1
african-union,1
alertness,1
road-building,1
layer,2
glitch,2
headline,1
midday,1
no-confidence,4
skeleton,5
arbitrator,1
whistleblower,1
neutron,1
convert,6
outlet,3
self-defense,2
hide-out,3
shoot-out,4
caffeine,1
methamphetamine,5
exert,2
suit,18
magistrate,3
passport,10
tender,4
kuna,1
over-reliance,1
fortress,1
holding,4
linkup,1
casino,6
scenery,1
recreation,2
seashore,5
meadow,2
ate,2
contentment,1
element,6
groom,1
scoundrel,2
mustard,2
pitching,1
prayer,18
styling,1
gel,1
preparedness,2
commemoration,5
froce,1
consultation,3
frenzy,1
upset,3
loyal,1
faithful,13
defender,3
goalkeeper,1
striker,4
equalizer,1
midfield,1
kick,3
offside,1
bottom,6
hormone,3
radiation,2
sickness,1
calling,7
spree,5
sense,14
blame,3
object,5
shell,11
entirety,2
apprehension,1
gratitude,2
cathedral,4
feast,3
fitness,3
toe,2
vote-getter,1
telescope,4
universe,4
carnival,1
repentance,1
samba,4
eating,6
excess,2
squeeze,2
indulgence,1
fasting,3
ordeal,1
outburst,1
video-teleconference,1
showdown,4
delaying,4
filibuster,1
copy,5
transcript,1
choosing,1
inefficiency,1
assaulting,1
tribespeople,2
hill,3
desalinization,1
particular,3
redenomination,1
manat,1
bulwark,1
polyglot,2
frog,2
marsh,1
lame,1
gait,1
swallow,4
snake,2
chink,1
just,1
injunction,8
pitcher,8
disregard,2
non-proliferation,4
damper,2
anti-terrorist,1
segment,3
fencing,2
wire,4
land-grab,1
consolidation,5
pacifism,1
caller,1
arraignment,1
bias,5
emirate,2
meal,5
religious,1
archbishop,10
calorie,2
intake,1
armchair,1
applause,4
microphone,4
tracheotomy,1
supervision,7
bench,3
condom,3
mechanism,6
touchstone,1
manufacture,3
affluence,1
absentee,2
mayhem,1
utility,6
kilowatt,1
al-aadham,1
exemption,1
infringement,1
decision-making,6
bargaining,4
chip,2
freeskate,1
duel,2
half-pipe,1
skating,3
arson,7
runner,2
rumor,1
elderly,5
concentration,6
disinfectant,1
afternoon,1
penitentiary,3
upheaval,2
saga,1
publicist,8
truth,9
snuff,1
merchant,6
timor-leste,1
duchy,3
initiation,1
equality,10
raven,3
swan,13
plumage,2
color,6
washing,1
habit,2
nettle,2
silk,1
hurt,1
philosophy,2
mathematics,1
financier,3
keel,1
balloon,5
gassing,1
frame,3
uranium-enrichment,2
desk,4
reemergence,1
luge,3
presidium,1
stroll,2
remembrance,4
shofar,1
ram,3
horn,5
trek,2
assassin,3
impression,4
page,7
foreigner,6
staffer,3
sterility,2
spotlight,2
caption,3
mix-up,1
rockslide,2
limestone,1
rebate,4
soy,3
sunflower,1
grain,12
accusation,14
ridiculous,1
effective,1
watchlist,1
fundamentalism,6
separatism,3
plenty,2
repair,7
sprint,4
norwegian,2
cross-country,1
canyon,1
ecosystem,3
lever,1
sediment,3
skyscraper,1
superintendent,1
bulldozer,1
senate,4
french-spanish-swiss,1
stunt,2
spiraling,1
tutsis,8
hutus,3
organisation,1
logging,3
contempt,2
contempt-of-court,1
self-determination,1
placement,3
coupon,1
incorporation,2
franc,3
information-sharing,2
grey,4
brake,1
expenditure,1
float,2
confederation,5
crow,11
caw,2
cry,1
omen,1
smell,2
tan-yard,1
inconvenience,2
tow,2
tail,12
centre,1
grain-field,1
go,4
pond,2
pleasure,5
math,1
priest,17
blackboard,3
chalk,3
nicotine,4
smoker,1
gunship,4
airstrip,4
strip,7
attendance,6
plateau,3
substitute,2
loading,3
stand-off,7
oilrig,1
switch,1
importer,2
readiness,9
submarine,3
remorse,2
hashish,1
mutilation,2
circumcision,2
genitalia,1
hemorrhaging,1
sighting,5
crescent,3
sunset,2
warmest,2
chair,8
hiding,5
nato-afghan,1
morphine,1
ineffectiveness,3
filing,4
delinquency,1
subsidiary,13
colonial-era,1
authorization,7
undersea,4
uproar,2
relation,4
corps,1
surrender,7
refinement,1
racketeering,1
yacht,2
armada,1
dialysis,1
accumulation,2
half-brother,5
headfirst,1
snowbank,1
cast,9
combatant,2
biologist,3
detain,2
concession,3
exposition,1
homing,1
pigeon,3
price-per-carat,1
gemstone,1
carat,2
jeweler,3
boron,1
reinsurance,2
misrule,1
countryside,11
oversupply,1
euro-zone,1
limit,12
contagion,1
privatize,1
competitiveness,5
serpent,9
nook,1
windfall,2
domain,3
stranger,1
twelve,1
taint,1
liberty,6
electrician,2
publishing,8
demonstrator,2
affront,2
stakeholder,2
panorama,1
mystery,2
indefinite,1
deterrent,3
aggressor,1
u-2,2
full-range,1
contender,8
tract,3
serviceman,3
lamp,1
encounter,4
heating,13
fundamentalist,3
lender,2
re-deployment,1
answer,6
sergeant,4
ridicule,4
orphan,1
plight,5
briefly,1
annexation,3
scrap,3
split,13
studio,9
blessing,5
fledgling,3
actor-turned-musician,1
breach,8
managing,5
jew,1
mentality,1
professionalism,2
short-range,1
aluminum,4
feedstock,1
sponsorship,3
subsidy,3
bailout,8
furniture,2
occupier,1
anticipation,6
pretense,3
horseman,1
faculty,2
bucket,4
leap,1
sink,1
counterterrorism,5
triumph,2
builder,1
daylight,1
helm,3
printer,1
ceo,2
embarrassment,3
admiration,3
hostage-taking,1
landscape,1
waterway,2
payback,1
slate,8
roadmap,3
final,1
semifinal,7
loser,1
classical,2
pianist,2
firebrand,1
virtuosity,1
clergy,5
vocation,1
tabloid,2
bowl,1
mefloquine,1
imitation,2
ideology,7
homelessness,2
singles,6
doubles,3
disinformation,1
timeline,3
avalanche,8
high-technology,6
biotechnology,7
nano-technology,2
firebombing,2
rabbi,3
sunrise,2
fast,2
sundown,2
campus,3
pence,8
fertility,2
amounting,1
decrease,4
projection,1
annum,1
christianity,1
cession,1
outset,1
bent,3
rout,2
raising,3
spectacle,3
till,1
courtier,1
mischief,1
pocket,5
dancing,4
laughter,3
huntsman,2
longing,1
game-bag,1
thief,5
plunder,1
subpoena,1
frontrunner,3
singing,1
eyesight,2
brigade,3
junior,2
warm-up,2
stewardship,2
cleaner,4
ozone,1
landscaping,1
concrete,4
dump,2
ambition,3
bamboo,1
firebomb,1
seclusion,2
obligation,4
comic,2
drama,3
battleship,1
mess,1
root,8
respirator,2
inhumane,1
rift,4
bounty,9
undersecretary,3
anchorwoman,1
ploy,3
sick,1
finale,1
hard-court,1
photography,1
f-16,7
warplane,2
take-off,3
high-tech,1
spaceport,1
tar,1
aspect,1
courthouse,4
counterterrorist,1
model-turned-activist,1
contestant,1
limb,1
sleeve,1
prosthesis,1
underfoot,1
aquifer,3
scarcity,1
rehab,1
check-in,1
starvation,9
fallback,1
outlay,2
arriving,1
multiparty,1
stonemason,1
disqualification,2
dollarization,1
mutate,1
navigation,4
conserve,1
unveiling,1
desperation,3
stove,2
mind-set,1
protectionism,3
calmer,1
timeframe,2
acquittal,1
tiebreaker,2
scare,2
memo,10
downpour,1
bond,5
rush,4
gallbladder,3
regard,4
ethnicity,2
overture,1
dimension,1
priesthood,1
accountability,4
hierarchy,1
light-water,2
folk,4
motorist,3
greenback,3
incidence,3
diploma,1
fatwa,4
incubator,1
ingestion,1
urine,4
fallout,2
go-ahead,2
jeep,3
veracity,1
perjury,3
disc,1
creditor,1
onset,3
default,3
confine,1
copra,4
postage,3
souvenir,1
boon,1
extraction,7
citrus,4
tongue,2
editorial,6
barbarity,1
reader,2
wager,1
janitor,1
organist,1
observatory,1
grounding,2
origami,1
disadvantage,2
highlight,2
bilingual,1
farmland,5
photojournalist,5
trajectory,1
outdoor,1
relocation,3
relocate,1
cemetery,3
thigh,5
marathoner,1
fracture,1
parcel,3
anarchist,1
bride-to-be,1
tattoo,1
drum,1
bugle,1
pageant,1
shipyard,5
sustainability,5
electronics,2
adventure,3
plaza,1
ultranationalist,1
hilltop,3
viewership,1
record-holder,1
defeatism,1
mockery,1
pornography,4
marine,5
major-general,2
freezing,1
warring,1
candlelight,2
sleet,1
bout,1
hiv,1
presentation,4
chassis,3
motor-home,1
motor,3
sultanate,4
sultan,1
antigovernment,1
legalization,1
warden,5
mechanic,1
imprudence,1
straw,3
rage,5
slumber,1
pillar,1
mausoleum,3
sleeper,1
midwest,2
precipitation,2
exception,5
alternate,5
shoot,1
counter-terrorist,1
basin,2
ailment,4
notification,3
stabbing,1
label,2
discount,3
desolation,1
dune,1
rider,3
jersey,1
duck,6
air-dropping,1
jumper,1
safe,1
footlocker,1
halfway,2
ballad,1
download,2
kurdish-speaking,1
levy,1
beheading,2
dignitary,1
computer-chip,1
quality,8
pneumonia,5
culmination,2
presenter,1
culminate,1
autopsy,2
pathology,1
altitude,3
survivor,5
base-closing,1
betterment,2
tub,2
insurer,3
milling,2
canning,1
leather,2
herding,1
drawback,1
loosening,1
self-employment,1
licensing,6
jay,2
cheat,1
behaviour,1
seagull,1
gullet-bag,1
spendthrift,1
cloak,1
inch,5
skimming,1
hookup,1
containment,2
well,2
guesthouse,1
manifestation,1
juvenile,2
headscarf,3
crying,1
newscaster,1
spacewalk,13
orbiting,3
nitrogen,3
astronaut,8
froze,1
radicalism,3
elders,1
darkness,1
roaring,1
streak,4
firearm,2
co-conspirator,1
charm,1
facelift,1
makeover,2
vigilance,3
renounce,3
feeder,2
dark,2
repayment,3
betrayal,1
observation,2
naming,3
solemn,2
illusion,1
helmet,1
foreign,2
mishandling,3
supermarket,2
eviction,6
oncologist,1
counsel-general,1
email,1
acceptance,3
array,1
re-structuring,1
finding,5
foe,2
eritrea,1
compilation,1
credit-rating,1
flaming,1
gateway,2
description,3
homosexuality,4
sin,1
jubilee,1
gum,2
arabic,1
flesh,2
esteem,1
disguise,1
sum,3
sculptor,2
statue,4
messenger,1
nearer,1
faggot,1
wood,8
strand,1
pursuer,1
roar,2
skipper,1
thunder,1
antihistamine,1
spray,2
heredity,1
fireball,2
attitude,3
dialog,1
mad-cow,2
veal,3
taking,2
caravan,1
disclaimer,3
fiction,3
pipe,3
snowboarding,1
lift,3
deposit,1
monster,1
inquest,2
guilt,1
near-monoply,1
technocrat,1
al-adwa,1
vigil,3
anxiety,2
buy-back,1
finfish,1
krill,3
victor,2
nation-state,2
jute,1
sugarcane,4
susceptibility,2
brook,1
catering,2
sincerity,1
reprinting,2
stands,1
locker,1
triangle,3
humanitarian,1
casket,2
expletive,1
east-northeast,1
meddling,1
shah,1
avenue,1
congestion,1
underneath,1
conjunction,1
disrepair,1
gallery,2
reelection,4
crypt,3
divisiveness,1
canister,1
communist,11
gem-quality,1
coefficient,1
formula,4
evolution,5
phenomenon,3
norm,1
entity,6
exodus,2
delimitation,1
coil,1
ignorant,1
cook,2
self-promotion,1
pacifist,2
treasury,5
reinforcement,2
specter,1
planting,2
pepfar,1
wintry,1
female,5
incentive,2
choreographer,4
choreography,2
ablaze,2
nanny,2
lieu,1
soup,5
swindler,2
madoff,1
grandchild,2
anesthesia,1
dosage,1
unconsciousness,1
elimination,3
painting,4
gulf,2
waterborne,1
historian,5
atrophy,4
daring,1
interruption,1
revelation,1
diligence,1
record-low,1
mhz,2
khz,1
e-mail,6
orbit,7
embankment,2
abundance,3
liquidation,1
preference,2
spice,1
subjugation,1
promarket,1
pro-business,1
dukedom,1
sway,2
flowering,1
duration,1
manger,1
growling,1
league,3
lamb,4
panther,1
kid,3
tiger,8
amity,1
eagle,9
drinking-horn,1
thirst,4
draught,1
juror,1
gentleman,2
housecat,1
armistice,3
routine,3
bare,1
paint,3
land-for-peace,1
graveyard,1
rooting-out,1
humidity,2
jailing,1
good-bye,1
pursuing,1
bombardment,5
streetcar,1
robber,2
bribe,2
tornado,2
tore,3
think,3
co-director,1
green,2
monument,9
debut,5
turb,1
gauging,1
singer-songwriter,2
actress-singer,1
starlet,1
girlfriend,7
guitar,4
genre,1
praise,8
in-fighting,1
anarchy,3
mud-brick,1
compartment,1
bay,3
outside,1
disband,1
entrepot,1
ballooning,1
sectarian,1
bbl/day,1
kwanza,1
revival,3
rutile,1
armourer,1
wrath,4
burst,2
red,1
intent,5
gem,2
jade,2
jeopardy,2
legality,6
beaten,1
faultline,1
peat,2
bog,1
lynx,1
cohesion,2
destabilization,1
garment,6
inhuman,1
cosmonaut,1
deport,1
octopus,3
decadence,1
decay,2
perfection,1
creature,3
explorer,1
soyuz,1
kimchi,1
spicy,1
cabbage,1
dish,2
zero-gravity,1
bird-flu,4
bush,1
peril,1
essay,2
planner,4
memoir,3
polarize,1
falcon,2
intrusion,6
trumpet,2
toddler,1
luggage,3
pill,8
pataca,1
riskier,1
toothfish,3
bass,1
sideline,1
mercantile,1
wintertime,1
tee,1
neigh,1
poetry,1
compiler,1
hog,2
cocks,1
goeth,1
cock,3
hiding-place,1
corner,4
pep,1
spam,5
telecommunication,2
referee,4
stuff,3
reservoir,4
torrent,2
bassist,2
fellow,8
prostate,3
glory,2
acclaim,2
nationwide,3
racist,1
grief,3
demeanor,2
scooter,2
segway,2
upright,1
precedence,1
fake,2
qualifying,1
maneuver,3
blind,1
frenchman,3
countrywoman,2
reception,2
duffle,1
camaraderie,1
dynamite,2
pancreatic,1
tenor,1
celebrity,5
cutoff,2
upstream,3
sharia,3
crooner,1
talent,2
halftime,1
performer,1
costume,3
sporting,3
archeologist,1
township,2
dignity,3
diver,2
bite,1
treat,1
cent,2
self-sufficiency,1
semblance,2
normalcy,1
little,3
shame,2
deprivation,2
brush,1
box-office,1
thriller,2
gossip,2
oil-exporting,1
bolivar,3
co-chairman,3
volt,1
myth,5
feuding,1
statute,3
backdrop,4
breeding,3
dispatch,4
lbw,1
wrestler,4
diuretic,1
athlete,2
swimmer,1
steroid,1
suite,1
torchbearer,2
nepotism,1
musical,3
adolescence,1
sexuality,2
ad,3
donkey,2
chlorine,3
commonplace,1
baggage,1
ammonium,1
nitrate,1
anfo,1
staffing,1
undertaking,1
counter-radicalization,1
memento,1
sherpa,1
itinerary,1
snowstorm,4
subzero,1
exclusion,1
re-imposition,1
knit,2
underwear,2
detection,2
immorality,1
offending,1
hooliganism,3
natural-gas,1
amortization,1
wrangling,2
unwillingness,2
affluent,1
capitalization,1
enthusiasm,2
aux,1
etc,1
plaster,1
shirt,5
rowdy,1
classroom,3
breeze,1
flap,1
stapler,1
detriment,1
anti-terror,2
execution-style,1
semester,1
xinjiang,1
castoff,1
fourth,5
slideshow,1
evaluation,3
architecture,2
brick,1
edict,2
effectiveness,4
closeness,1
transfusion,1
downing,1
opener,4
midnight,3
aircraft-maker,1
embraer,1
sulphur,2
fast-food,2
widening,3
enactment,2
tenth,1
sprat,1
umpire,1
orchard,1
bunch,3
morsel,2
circle-k,1
drawer,2
register,2
clone,5
mood,3
tourniquet,1
recruiter,2
one-half,2
oldest,1
pre-condition,1
titan,1
mm,1
visitor,1
dancer,2
naturalization,1
all,1
rounder,1
line-up,2
needy,1
anorexia,1
gaunt,1
overhaul,1
vietnamese,1
nigerian,1
plaque,1
wicket,3
barge,1
brink,3
energy-producing,1
reforestation,1
neurosurgeon,1
precaution,6
brown,1
qua-ha,1
endeavor,1
observance,7
diocese,1
supper,1
liturgy,1
resurrection,2
coaltion,1
baseless,1
second-in-command,4
myna,2
playground,1
socialist,1
chef,1
hardest-hit,2
debenture,1
hegemony,1
glasnost,1
legitimacy,3
dislocation,1
lure,1
engagement,7
reengagement,1
ant,3
dove,3
bough,1
fowling-piece,1
pupil,1
lookout,1
cottage,3
babe,1
compliment,1
battlefield,4
homestead,1
proxy,2
jolt,1
inforamtion,1
replication,1
cure,2
mideast,3
hiker,1
servant,2
excavation,1
pyramid,1
scribe,1
rickshaw,1
enough,1
milk,3
collectivization,1
maternity,2
barbarism,1
composition,1
inflammation,1
government-run,1
simulation,1
followup,1
overpass,3
hostess-producer,1
golfer,1
spearker,1
togolese,1
embolization,1
hysterectomy,1
madrassa,3
arrogance,1
rapper,3
run-in,1
probation,2
counseling,1
rafah,2
schoolgirl,3
supremacy,1
working,1
bereavement,1
flexibility,6
underground,4
conflicting,1
disapproval,3
suzerainty,1
abdication,1
rescheduling,1
one-sixth,1
lark,1
crest,1
grave-hillock,1
lie,3
comedian,2
deft,1
nerve,4
seacoast,1
feed,3
smog,1
umbrella,5
subprime,1
catwalk,1
turboprop,2
question-and-answer,1
re-liberation,3
grebe,1
peregrine,1
transformer,1
positioning,1
think-tank,1
cleansing,3
workshop,3
carpentry,1
shoreline,2
percussionist,1
conga,1
grammy,1
salsa,1
rhythm,1
stranding,1
secular,1
bonus,4
beware,2
co-leader,1
basque,1
counterkidnapping,1
cinema,2
benefit,6
pre-independence,1
near-subsistence,1
rupee,1
downgrading,1
mixture,3
overstaffing,1
chronic,2
conformity,1
secrecy,4
double-taxation,1
behest,1
atoll,1
re-export,2
deep,1
calmness,1
sir,2
fury,1
answering,1
cd,2
producing,1
record-high,3
hostess,1
probability,2
substation,2
purification,1
stoning,2
jamarat,1
ritual,3
converge,1
communion,1
mistaken,1
cancelation,1
hinge,1
sell-off,1
acting,2
culprit,2
protein,5
staging,4
million,2
cost-reduction,1
double-century,1
knock,1
outing,1
columbus,1
smear,2
land-use,1
suspense,1
tom,1
distributor,1
penguin,2
heartland,2
airing,1
encampment,1
hospitality,4
firestorm,2
nickname,3
rupiah,2
write-off,2
drain,3
fluctuation,1
hosting,1
sinking,2
coat,2
populace,1
collectivity,1
assumption,3
promulgation,1
plurality,1
marxist-leninist,1
gridlock,1
reef,1
placard,2
shopkeeper,2
salesman,2
trauma,1
last,3
blockbuster,1
0.3,1
traffic-law,1
magnolia,1
reshuffle,6
encryption,2
warmer,3
yonhap,1
centrifuge,2
evangelist,2
childhood,6
definition,2
corridor,4
fingerprint,2
fingerprinting,1
trunk,2
overuse,3
contamination,7
quest,2
baking,1
ex-beatle,1
marketing,2
re-opening,2
merbau,1
designation,4
lashkar-e-islam,1
kph,2
severance,2
elevation,2
advent,1
heel,1
boar,2
fiercer,1
cave,2
majesty,1
tea,8
multiculturalism,1
imperialism,3
instructor,1
sulfur,1
afghan-coalition,1
conglomerate,1
sheikh,3
bidder,2
battleground,1
voyage,3
buffer,5
inventory,3
item,2
orange,2
main,1
outgoing,3
hid,2
rightwing,1
clot,4
immobility,1
communist-era,1
informer,3
apparatus,4
ramechhap,1
chess,2
magnet,1
finisher,2
reorganization,2
craze,1
bankruptcy-law,1
entrant,1
bursting,1
bubble,2
fascist,1
forefront,1
notch,1
continuity,1
ostrich,3
testament,1
tehran,2
land-to-ship,1
ship-to-ship,3
bachelor,1
doctorate,1
firecracker,1
rollout,1
reliability,1
ghad,1
tomorrow,1
forgery,2
bomb-sniffing,1
fining,1
classification,1
lax,1
current,2
ministerial,1
atom,4
bore,1
purple,1
feather,1
specialist,2
sodium,2
hydroxide,1
consequence,4
luncheon,3
warrior,1
fauna,1
slice,1
eligibility,3
latitude,3
lighthouse,2
dolphin,5
traitor,1
pig,2
rooting,1
solvent,2
drug-trafficking,2
queen,1
ordnance,1
filtering,2
regulating,1
celsius,2
liver,2
preacher,5
zero,2
playmaker,1
trade-in,1
cavalry,1
trooper,1
sham,4
native,2
gear,1
iskander-e,1
sa-18,1
sixth,3
velocity,1
horsepower,1
prototype,3
alleviation,1
borrower,2
fan,1
al-aqsa,1
tit-for-tat,1
bulldozing,1
comparison,3
pricing,5
vestige,2
outmigration,1
undertook,1
sprang,1
refrigerator,1
doorbell,1
villa,1
degradation,4
beachside,2
surfboard,1
kick-off,2
check-up,1
kissing,1
exterior,1
recycling,1
coastguard,1
snowboard,1
warhead,4
textbook,1
calculation,1
characterization,1
enlist,1
bowling,1
westernmost,1
robin,1
buying,2
cloning,1
misappropriation,1
veterinarian,1
bib,1
overpopulation,1
racing,3
candlelit,1
lantern,1
headcount-control,1
staff-reduction,1
cutback,1
middle-income,1
empowerment,1
guano,1
preserve,1
lowland,1
awoke,1
optimist,1
pessimist,1
crusader,1
misdemeanor,1
sobriety,1
u-turn,1
misdmeanor,1
cadmium,5
smelter,2
feminism,1
psychology,1
housewife,1
best-seller,1
year-and-a-half,1
plague,2
cannon,3
incest,1
obstruction,3
sludge,1
galaxy,2
academic,2
conflict-resolution,1
irrigation,2
rewrite,1
dairy,3
guerilla,3
run-up,4
landfill,3
sculpture,1
graduation,2
breaststroke,2
medley,1
freestyle,1
meningitis,1
compassionate,1
headliner,2
incessant,1
filter,1
commentary,4
din,1
underage,1
jockey,1
garbage,1
bind,1
pulp,2
quarry,1
customs,1
overgrazing,1
linen,1
tramp,2
superb,1
characteristic,1
genius,1
bark,1
birch-tree,1
v-for-victory,1
tankbuster,1
dengue,1
larvae,1
prostitution,2
sneak,1
powder,1
keg,1
spark,1
short-selling,4
trader,3
eighth,4
rich,1
hectare,1
witch-hunting,1
interest-rate,1
psychiatrist,1
continuation,3
cough,1
collateral,1
actor-comedian,1
demise,1
on-and-off,1
lecture,1
drop-in,1
parachute,1
chill,2
zydeco,1
blues,1
greatness,1
bullring,1
nativity,1
swing,4
homecoming,4
contrary,2
seafood,2
phase-out,1
cake,2
volume,2
ethanol,2
expiration,2
telecom,2
fossil,1
crunch,3
tenge,1
overreliance,1
geography,2
offspring,2
monkey,3
tenderness,2
laugh,1
morale,1
reparation,2
militarism,2
feel,1
g-7,2
binding,1
stumbling,2
solider,4
funk,1
prestige,1
receptionist,2
nandrolone,1
fiber,1
rebirth,1
favorite,2
ten,1
modification,1
stylist,1
silicon,1
outsourcing,1
interagency,1
novelist,2
novel,3
breadth,1
acuteness,1
granddaughter,1
extinction,1
auditorium,1
decontaminating,1
oilman,1
laser,1
political,1
harvesting,1
median,3
champ,1
three,1
leasing,1
anti-secession,1
messaging,1
script,1
eyebrow,1
feeling,2
recluse,1
disfigurement,1
papacy,6
fine-tuning,1
battalion,1
tyranny,1
illegitimate,1
fodder,3
soap,1
heir,2
teaching,1
bible,1
grassland,1
activist-journalist,1
bio-diesel,1
greener,1
marker,1
measuring,1
running,3
mate,3
rocket-launching,1
bandage,1
mogul,2
lawmakers-elect,1
goverment,1
sq,1
crab,1
outsider,1
eco-tourism,2
perch,1
envy,2
whir,2
fleece,1
saying,1
woodcutter,1
expedient,1
suitor,1
toothless,1
woodman,1
hemp,2
heed,1
vigilant,1
chariot,6
skyline,1
dismay,2
medic,1
aristide,1
reassurance,1
infomation,1
depth,3
hostile,1
redeployment,2
counter-proliferation,1
hurry,1
tipping,1
speeding,1
flagship,2
heist,2
discretion,2
auditing,1
sophistication,1
minivan,2
trailer,1
chieftain,1
tandem,1
reintegration,1
spilling,1
optician,1
patronage,1
languishing,1
kangaroo,1
pouch,1
zebra,2
desirous,1
wit,2
wag,2
resentment,1
fulness,1
chin,1
gratification,1
geology,1
checkpost,1
alias,1
responsibilty,1
annulment,2
death-row,1
injection,4
cover-up,1
stopper,1
chairwoman,2
white,1
controller,1
arc,1
captive,2
undergraduate,1
graduate,1
lunchtime,1
grower,1
eyewitness,1
excrement,2
motivation,2
geologist,1
self-rule,2
organize,1
rancher,2
causeway,1
avarice,1
neighbour,3
farmyard,3
spectator,1
mile,1
nursing,1
dominating,1
goaltender,1
shutout,1
back-up,1
well-being,2
behind,1
super-g,1
enlargement,1
entrepreneur,2
bacterium,1
intercourse,1
contingency,1
aid-distribution,1
verge,1
swastika,2
neon,1
heptathlon,1
cross-border,1
taka,1
caucasus,1
blogger,6
asking,1
14th,1
intensity,1
doctrine,3
refrain,2
infectiousness,1
inoculation,1
isle,1
simplification,1
slowing,1
melody,2
surety,1
coward,1
waist,1
stool,2
drunk,1
misconduct,3
barometer,2
lifeline,1
guideline,1
reprisal,2
angioplasty,1
handler,1
canine,1
sub-commander,3
selling,2
testy,1
ringtone,1
slope,1
near-capacity,1
comrade,1
infromation,2
gift-giving,1
bomb-making,3
chanting,1
damn,1
frontline,1
blanket,2
reassuring,1
radioactivity,1
vest,2
hip-hop,1
excursion,1
gall,1
bladder,1
yearend,1
easing,3
intifada,2
uptick,1
sling,2
orator,3
organ,2
common-sense,2
escutcheon,3
finger,1
scorn,2
whitewash,1
mortification,1
buyout,1
breakout,1
great-granddaughter,1
homicide,5
computing,2
browsing,2
video-conferencing,1
gadget,2
interception,1
crusade,1
detainment,3
tuition,1
supposition,1
callup,1
spinner,1
conception,1
mosaic,1
snapshot,1
clarity,1
heads-of-state,1
prescription,8
enroll,1
ex-priest,1
boarding,1
transparent,1
subsequent,1
experiment,1
manipulation,3
contra,1
grudge,1
woe,2
toil,1
carter,2
waggon,1
rut,1
exertion,1
tuba,1
pastor,3
lobby,3
vitamin,1
counterattack,1
oil-producing,2
emissary,1
cac-40,2
ounce,3
casting,1
counterfeit,2
convening,1
gamble,1
ultra-nationalist,1
splitting,1
gay,2
corrosion,1
mine-hunting,1
sticking,1
booth,1
hostage-taker,1
anti-opium,1
dinar,1
infusion,1
criminality,1
insecurity,5
semidesert,1
adherence,2
devaluation,1
breadfruit,2
booty,1
spoil,2
heap,2
kindness,1
counterinsurgency,2
conduit,1
assortment,1
turning,2
moviemaking,2
militarist,1
bovine,1
spongiform,1
encephalopathy,1
alienation,1
faulty,1
international,1
asylum-seeker,1
heater,2
sovereign,2
variation,3
methodology,2
attache,2
brother-in-law,1
splash,1
brilliance,1
rivalry,4
demographer,1
spouse,1
fetus,1
stun,2
passover,1
entitlement,1
facade,1
gardener,2
tile-maker,1
tilemaker,1
shine,1
breakfast,2
sugar-bowl,1
abstraction,1
pickle-fork,1
fork,1
lens,1
swamp,2
predator,1
chemist,2
adhesive,1
togetherness,1
monosodium,1
glue,1
empress,1
prejudice,1
furor,1
celibacy,1
sampling,2
sarin,1
informant,2
correspondence,1
hell,1
performace,1
literacy,1
refueling,1
sample,3
civility,2
pre-election,1
fabric,1
bookmaking,1
expectation,1
money-laundering,2
advertisement,1
commercial,1
dream,1
pepper,1
bluefin,3
sushi,1
deserter,2
shooter,1
initiating,1
fourth-largest,1
raiser,1
picnic,1
kickball,1
volleyball,1
archery,2
creek,1
roast,1
millennia,1
stagnation,1
curtailment,1
vice-president,1
put,2
conqueror,1
coho,1
hmong,1
preservation,1
clean-up,1
assailant,1
void,1
skull,7
hood,3
ornament,1
re-enactment,1
pontificate,1
supremacist,1
overpricing,1
limited-over,1
advisory,2
bell,1
poaching,2
imperialist,1
reverse,1
touchdown,4
quarterback,3
kicker,1
receiver,1
corpse,1
reopening,2
monk,3
sagaing,1
merchandise,3
dispenser,1
goo,1
disposition,2
leftwing,1
cushion,1
.tv,1
vulnerability,2
remoteness,2
impetus,1
meaning,1
flute,2
haul,2
goblet,1
signboard,2
zeal,1
benefactor,1
fly,2
outfield,1
reindeer,2
pinna,1
cylinder,2
spleen,1
concussion,2
squadron,1
symbolism,1
frontier,1
rebel-blockade,1
road-block,1
housekeeper,2
kinshasa,1
utmost,2
liner,1
intestine,1
videolink,1
caucus,3
panhandle,1
heroism,1
nobel,1
mother-to-child,2
leaflet,1
follow-up,2
scoring,1
buzzard,1
pest,1
infidel,1
ex-partner,1
ipad,2
tablet,3
demotion,1
filmmaking,1
physiology,1
nausea,2
co-principality,1
raft,2
chopper,1
locator,1
guy,1
dilemma,1
bossa,2
nova,2
solo,1
acronym,1
fragility,1
enrollment,1
confuse,1
razor,2
humane,1
dishonor,1
gag,1
salmonella,2
rash,2
reunion,1
talker,1
credit-card,1
earning,1
reinsurer,1
jetliner,1
a-380,1
superjumbo,3
eligible,1
low-income,1
expectancy,1
outreach,1
precipice,1
mane,1
wig,2
gust,1
foolish,1
billiard,1
wonder,1
woodchopper,1
deity,1
thorn,4
amphitheatre,1
swear,1
bathtub,2
query,1
utilization,1
interaction,1
server,1
al-yamoun,1
hamstrung,1
workhorse,1
rock-and-roll,1
rye,1
bluegrass,1
notoriety,1
fiery,2
liftoff,2
cycling,1
rowing,1
cult,2
diary,1
poster,1
reservist,1
ex-boyfriend,1
contry,1
transporation,1
overboard,1
house-by-house,1
melange,1
ak-47,1
lining,1
west-southwest,1
courier,1
wilderness,1
sudan,1
southernmost,1
rum,1
distilling,1
flea,4
hint,1
pugiliste,1
pall,1
diet,1
spite,2
refiner,1
disloyalty,1
adulthood,2
animosity,1
gunpowder,1
firework,1
torturing,1
gypsy,1
opposite,1
sequence,1
treasurer,1
timer,1
silo,1
far-right,1
vomit,1
saliva,1
trademark,2
resent,1
reconcilation,1
emigre,1
middleman,1
comprise,1
straw-yard,1
eater,1
halter,2
admirer,1
wounding,1
floodwater,1
marble,1
tombstone,1
gene,2
diabetes,2
insulin,1
glucose,1
obelisk,7
granite,2
structur,1
fat,1
f-4,1
seaport,1
policymaking,1
kwaito,1
derivative,1
ovation,2
roulette,1
l,1
asia,1
birdflu,1
sparrowhawk,1
jubilation,1
constructive,1
pachyderm,1
perception,1
favoritism,1
nomadism,1
indebtedness,1
purchasing,1
traveler,2
hire,1
yield,1
rainstorm,1
flannel,1
reformer,1
relegation,1
dividing,1
martyrdom,3
creationism,1
radius,2
chat,1
patriarch,2
wallet,1
learning,1
mid-september,1
hexaflouride,1
dad,1
dissenting,1
confiscation,2
gravesite,1
overexploitation,1
deepwater,1
ladder,1
parity,1
jar,1
banjo,1
millimeter,1
incarceration,1
walking,1
viewing,1
click,1
destiny,1
ex-far,1
karate,1
sportscar,1
brewing,1
bottler,1
brewer,1
perimeter,1
shuffle,1
disobedience,1
midair,1
corpsman,1
affirmation,1
countdown,1
kavkazcenter.com,1
drywall,1
accountable,1
helipad,1
bestseller,1
residue,1
repose,1
late-stage,1
cervix,1
downsizing,1
springboard,1
concordat,1
certain,1
primacy,1
profess,1
inhabitant,1
great-uncle,1
boyhood,1
quarter-million,1
al-alam,1
fiance,1
newsletter,1
jihadist,1
hyper-inflation,1
electorate,1
motivating,1
cardinal,1
gobe,1
sketch,1
kerosene,1
curtain,1
veil,1
third-in-command,1
brew,2
drink,2
methanol,1
chang'aa,1
hyperinflation,2
cessation,1
marine-,1
shellfish,1
gray-list,1
dip,1
footing,2
lamentation,1
fuss,1
run-chase,1
disbanding,1
byzantine,1
muhammad,1
portrayal,1
ensemble,1
midfielder,1
coercion,1
impropriety,1
sufferer,1
downriver,2
philanthropy,1
vomiting,3
ambassador-at-large,1
day-visit,1
inbalance,1
acknowledgment,1
vanilla,1
upturn,1
thrush,1
viper,3
swoon,1
unknown,1
hangar,1
knesset,1
subcontinent,1
partisan,1
unborn,1
lone,1
drug-making,1
soft-drink,1
pro-environment,1
header,1
al-hudaidah,1
onboard,1
subsurface,1
redistribution,1
kindergarten,3
symptom,1
invalid,1
interim,2
one-fifth,1
alderman,2
raccoon,2
hound,3
whence,1
lament,1
claus,3
renoun,1
nihilism,1
cone,1
foam,1
insulation,2
disintegration,1
format,1
questionnaire,1
curling,1
aluminum-maker,1
military-police,1
anguish,1
proficiency,1
oversaw,1
reliant,1
vampire,1
usage,2
leniency,1
rebuke,1
hindi-language,1
steward,1
confront,1
super-majority,1
buster,1
drift,1
risk-management,1
fluctuating,1
dainty,1
lap,2
jesting,1
joke,1
itar-tass,1
convincing,1
supertanker,1
re-training,1
surface-to-air,1
sakhalin-2,1
video-sharing,1
dye,1
ill-treatment,1
wastewater,1
neurological,1
knockout,1
dwelling,1
courtyard,1
annunciation,1
angel,1
virgin,1
non-interference,1
liberalize,1
storming,1
drug-combination,1
lamivudine,1
zidovudine,1
nevirapine,1
g-20,1
cot,1
self-exam,1
peace-broker,2
pedophilia,1
midway,1
thuggery,1
seven-car,1
passersby,1
industrialization,1
selfish,1
idol,2
pedestal,1
dukeness,1
liege,1
jewel,1
rabbit,1
hat,1
amusement,2
feature,2
outlaw,1
stopping,1
purge,1
motel,1
demonizing,1
asteroid,5
exhumation,1
arsenic,1
ceremon,1
asparagus,1
dirt,2
vapor,1
islam,1
single,2
blackwater,1
ire,1
serfdom,1
newsroom,1
madness,1
humor,1
knight,1
bylaw,1
tetrahydrogestrinone,1
measurer,1
nanotechnology,1
cybersecurity,1
grid,1
mummy,2
sarcophagus,2
sainthood,2
beatification,1
heal,1
vigilante,1
arena,1
locus,1
aie-coalition,1
heyday,1
crocodile,1
murderer,1
bosom,1
coldness,1
grin,1
guinea,1
dose,1
fist,1
snag,1
loophole,1
kilometers-per-hour,1
checkup,1
poet,1
flashlight,1
interrogator,1
headache,1
tagging,1
self,1
methane,3
blowtorch,1
shake-up,1
kidnapper,1
unite,1
vortex,3
polar,1
voltage,1
wellhead,1
mid-october,1
weird,1
lyricist,1
nexus,1
links,1
husbandry,1
upscale,2
entrepreneurship,1
lameness,1
healing,1
crane,3
pulse,1
mouthful,1
vexation,1
flagon,1
requital,1
pager,1
anesthetist,1
stethoscope,1
hander,1
excellence,1
predictor,1
groundhog,1
stump,1
carryover,1
genome,1
ar-rutbah,1
rocker,1
no-man,1
barracks,1
barber,1
millionaire,1
blackmailer,2
alimony,2
backup,1
interivew,1
guest-worker,1
portico,1
swept,1
bray,1
beak,1
stratagem,1
complexion,1
housedog,3
judo,1
repatriation,1
sodomy,1
cosmodrome,1
python,5
cage,1
venom,1
trial-taking,1
heartbeat,1
lithium,4
cyclist,2
carphedon,1
scourge,1
killer,1
border-crossing,1
low-pressure,1
measurement,1
compensatiion,1
evangelization,1
volcanologist,1
re-write,1
congratulation,1
flaring,1
waistcoat,1
hard-hit,1
take-over,1
drunkedness,1
advancement,1
merck,1
hardliner,1