london,254
iraq,1666
hyde,1
britain,314
brighton,1
rome,38
paris,104
madrid,19
vienna,53
isfahan,9
nigeria,154
delta,5
bayelsa,5
niger,5
somalia,247
mogadishu,91
mosul,105
sunni,63
kurdish,20
anbar,14
baghdad,713
alexandria,6
pakistan,733
north,533
afghanistan,825
bedford,1
south,519
kani,1
washington,456
islamabad,93
sydney,12
darfur,187
khartoum,31
labado,3
bali,21
java,15
indonesia,198
orakzai,19
kurram,5
uruzgan,33
paktika,19
mazar-e-sharif,1
moscow,170
russia,554
baltic,6
lithuania,16
latvia,24
estonia,15
vietnam,76
israel,891
west,105
lebanon,289
khushab,2
punjab,10
san,56
costa,13
cuba,221
panama,29
gaza,460
u.s.,3169
mexico,147
new,398
virginia,15
indian,53
maldives,4
sri,40
thailand,109
bekasi,2
jakarta,47
tangerang,4
malaysia,40
kelantan,1
shanghai,18
beijing,302
japan,334
china,908
sichuan,24
kandahar,134
colombo,19
lankan,1
egypt,168
asia,123
bishkek,12
western,105
united,1259
ecuador,57
sudan,187
uganda,33
melbourne,19
saturn,2
titan,1
germany,249
european,1
earth,44
kampala,4
africa,165
tehran,186
saudi,70
tel,7
ramallah,18
biak,1
papua,6
france,274
uji,1
europe,244
beirut,82
iran,1243
georgia,109
tokyo,83
peru,63
nairobi,40
middle,172
india,449
bangladesh,57
venezuela,319
shaanxi,4
kashmir,129
zimbabwe,47
d.c.,13
srebrenica,18
bijeljina,1
hague,22
nablus,19
horn,5
djibouti,20
juba,7
guantanamo,100
khan,8
green,7
tal,2
kirkuk,62
tarmiyah,1
judaidah,1
sadr,16
zalinge,1
al-qaim,1
mian,2
gilgit,1
rawalpindi,7
latin,41
trinidad,2
caribbean,48
tobago,2
spain,101
kenya,102
svalbard,1
irbil,3
dohuk,1
hilla,8
islamic,80
jabaliya,3
shahdi,1
kabul,84
far,5
crimea,6
sevastopol,4
ukraine,166
cairo,82
brotherhood,2
eastern,125
khost,25
arizona,20
mara,1
ms-13,2
colombia,202
shi'ite,29
karbala,23
america,53
iowa,15
kilju,1
euphrates,6
tamiflu,7
haiti,165
boston,6
miami,21
new~york,2
canada,89
bahamas,7
rangoon,33
sumatra,10
italy,103
ciampino,1
mississippi,19
illinois,9
central,51
brazil,137
bolivia,51
mercosur,4
aceh,21
banda,2
colorado,11
gulf,77
yemen,23
baquba,33
baiji,5
arak,1
balad,19
warri,3
greece,31
tibet,31
jerusalem,61
chakul,1
helmand,107
california,61
santa,13
saddam,24
moqtada,1
nuristan,10
soviet,34
mountain,1
jenin,11
florida,76
syria,275
los,36
hollywood,10
burma,295
peshawar,21
tanzania,26
eritrea,26
barka,1
tokar,2
red,28
l'aquilla,2
onna,1
abruzzo,1
berlin,24
democratic,71
reykjavik,1
abkhazia,25
seoul,29
louisiana,25
atlantic,42
jericho,15
kazakhstan,29
basque,11
tampa,1
tamil,17
jammu,10
diwaniyah,4
iranativu,1
tamils,1
persian,29
islam,56
solomon,6
gavutu,1
pacific,39
baidoa,17
ethiopia,90
fort,13
texas,77
maryland,14
basra,43
roman,3
catholics,1
parchin,10
turkey,202
second-in-command,2
van,6
henan,5
dengfeng,1
hegang,1
heilongjiang,6
free,3
hindu,8
chitral,3
crawford,8
st.,33
montserrat,2
azerbaijan,3
us,45
sirnak,4
ankara,38
baghlan,6
nina,1
aung,44
kyi,1
african,83
atlanta,15
haqqani,1
paktiya,1
rio,13
providencia,9
kogelo,1
chinhoyi,1
national,29
southern,231
veligonda,1
hong,96
east,97
guinea-bissau,6
burkina,9
guinea,8
liberia,39
mali,23
mauritania,29
senegal,20
darien,1
hebron,12
fatah,70
doha,8
qatar,12
ivory,66
u.n.,295
fergana,1
kyrgyzstan,29
tajikistan,12
arab,8
amman,10
athens,13
taiwan,169
state,3
poland,58
macedonia,29
kosovo,62
cameroon,9
hlinethaya,1
antonio,1
bush,57
arkansas,3
tolima,1
bogota,16
antioquia,1
oklahoma,11
australia,124
union,4
bangkok,14
abu,16
guerrero,1
fallujah,48
lesotho,2
swaziland,10
zambia,14
silverstone,1
arabic,2
congo,80
republic,78
brazzaville,4
madagascar,5
sharm,12
sinai,14
taba,3
karen,3
conakry,1
tomb,1
mirpur,1
dhaka,13
oregon,7
christmas,22
kiev,23
moldova,12
old,4
the,205
turin,10
qingdao,4
shandong,5
jinan,1
garmser,3
farc,8
putumayo,3
bougainville,1
ramsi,1
roswell,1
caracas,58
zulia,3
natanz,4
maywand,1
zabul,36
liuguantun,1
tangshan,1
hebei,7
xinhua,2
shengyou,1
sufa,1
karni,6
gauteng,1
johannesburg,14
kwazulu-natal,1
subaru,2
norway,43
finland,19
peugeot,2
mitsubishi,1
canary,10
croatia,62
serbia,40
belgrade,22
herat,12
oaxaca,6
zhouqu,1
northwest,32
karachi,46
jalawla,2
diyala,19
antalya,2
kooyong,1
madaen,1
shi'ites,3
www.gov.cn,1
quetta,23
baluchistan,37
kunar,29
spin,2
aswan,1
oakland,3
uzbekistan,21
turkmenistan,7
lahore,17
nino,1
portugal,17
virunga,2
ramadi,35
mala,1
shorish,1
sarta,1
dihok,1
switzerland,42
aegean,3
kos,1
astypaleia,1
sea,3
netherlands,38
korean,1
bay,7
pigs,1
izvestia,3
beslan,8
year,1
brussels,39
norton,1
bab,2
yousifiyah,1
of,32
fame,6
cleveland,13
ohio,7
siberia,8
novosibirsk,1
dubai,17
shiloh,1
abdul-aziz,2
al-anbar,12
gazprom,7
angola,31
uige,9
luanda,9
port-au-prince,18
manila,17
d-ohio,1
fy08/09,1
manas,3
beit,7
scotland,20
maliki,9
allawi,3
iraqiya,1
kuwait,33
qalqilya,3
tulkarem,14
qamdo,1
maoist,10
himalayan,13
maoists,3
myanmar,6
krajina,2
austria,38
zarqawi,14
havana,48
shebaa,2
dresden,3
merkel,4
christian,4
hanover,3
social,2
asadabad,4
guatemala,30
dawei,1
chequers,1
csongrad,1
southeastern,2
hungary,14
cary,1
morocco,41
nashville,2
tennessee,6
connecticut,9
ghana,29
argentina,63
uruguay,17
06-apr,3
06-feb,3
igor,1
andreev,1
armenia,15
azerbaijani,2
cambodia,32
bakara,3
hanoi,16
sub-saharan,5
blantyre,2
lilongwe,3
pyongyang,71
kyodo,2
crips,1
mahmoud,6
uribana,1
ottawa,5
suriname,6
parkinson,5
qalqiliya,4
bethlehem,15
maale,4
michoacan,3
mecca,5
omra,1
dujail,18
diyarbakir,3
hakkari,2
paraguay,8
bangalore,7
addis,10
banghazi,1
libya,36
srinagar,20
baotou,2
inner,3
mohmand,9
damascus,48
zahedan,2
sistan-baluchistan,1
mir,1
straits,1
korea,19
us-backed,1
rok,3
dprk,1
czech,1
gate,1
prison,1
foca,4
oviedo,1
catalonia,1
girona,1
barcelona,8
southeast,19
paktia,6
chad,89
kismayo,2
lower,4
mediterranean,11
chelyabinsk,2
eid,6
karnataka,5
kerala,3
bulgaria,25
millennium,3
belfort,1
lyon,4
ebola,9
ashraf,2
bosnia,39
novosti,1
romania,24
jeddah,12
oman,8
aswat,2
lima,5
amazon,1
janjaweed,5
taipei,23
dalai,21
mumbai,27
dharamsala,3
mid-september,2
nenbutsushu,2
dimona,3
mordechai,2
karzai,1
al-jazeera,3
pearl,9
gujarat,2
chernobyl,1
naqba,2
total,1
statoil,1
bp,1
kohlu,2
grenoble,2
nicaragua,35
honduras,16
dominican,13
john,7
nicolas,1
maduro,5
prijedor,4
chile,57
santiago,14
khyber,10
harare,4
kunduz,6
siirt,1
brunei,7
el,14
202-205-9942,1
pyrenees,1
txeroki,1
samarra,17
al,2
detroit,9
unites,1
montreal,3
cabinet,9
mohsen,1
wardak,7
pretoria,5
belgium,27
port,10
stockholm,9
cancun,12
seattle,6
xinjiang,10
space,1
rusafa,1
jalalabad,10
puebla,2
mosque,1
dera,8
pekanbara,1
wengen,2
alabama,5
indiana,5
walikale,3
tutsis,4
rwanda,29
strategic,1
ohrid,1
budapest,3
pristina,6
istanbul,24
kalma,2
bermuda,6
ciudad,6
juarez,4
el~paso,5
fuzhou,1
fujian,3
hanjiang,1
hubei,5
kel,1
thalia,1
interpol,11
ramstein,1
l'aquila,4
accra,5
brasilia,5
saudia,1
58th,1
swahili,1
bududa,1
mount,11
entebbe,1
cape,23
mauritius,6
anuradhapura,1
polonnaruwa,1
nz,2
minsk,12
geneina,3
denmark,27
copenhagen,1
sarajevo,9
parachinar,4
bucharest,4
koran,12
belarus,26
prague,5
guizhou,1
guangdong,17
wal-marts,1
abuja,10
chechnya,30
grozny,5
atomstroyexport,1
interfax,8
cheecha,1
multan,4
sipah-e-sahaba,1
karabilah,4
zalmay,2
khalilzad,3
ilam,2
kadima,10
ingushetia,5
nazran,1
ingush,1
orthodox,10
sapporo,2
hokkaido,1
vollsmose,1
odense,1
malakand,2
korangal,1
nuevo,10
musharraf,13
kabungulu,1
bukavu,2
dakar,5
bagram,6
ghazni,31
bosnia-herzegovina,31
portoroz,1
algiers,7
rostov-on-don,1
telesur,2
louis,1
dhangadi,1
nad,2
marjah,2
trincomalee,6
iskandariyah,6
tikrit,24
endeavouron,1
oslo,9
geneva,32
durban,4
tobasco,1
ofakim,1
perth,4
tajouri,1
polska,1
urdu,1
astana,3
a.u.,17
al-fasher,2
kashmiris,2
hillary,1
barack,1
danilo,1
sindh,6
interior,3
shanksville,2
pennsylvania,9
channel,3
guernsey,2
jamaica,9
clinton,2
bourgas,1
ghad,1
ahmadinejad,4
bakiyev,1
massachusetts,14
bahrain,10
rutshuru,1
kotkai,2
bajur,1
el~arish,1
slovakia,22
katowice,3
olympia,1
piazza,2
togo,29
hoping,2
mid-january,1
beruit,1
mars,26
baqubah,2
arctic,11
boulder,1
palace,1
kim,6
batticaloa,9
donetsk,1
francisco,9
chittagong,3
habila,1
bluefields,1
tarija,1
hugo,2
evo,1
nestor,1
chavez,4
alaska,7
tain,2
brong,1
northern,28
panabaj,1
schroeder,1
yucatan,4
cozumel,2
prachanda,2
dasain,1
taji,2
adhamiya,2
najaf,15
lashkar,6
martyrs,1
cesme,1
izmir,7
arabian,4
morelos,1
vanuatu,8
hawaii,9
lugansville,1
espiritu,1
chandpur,1
christ,1
darwin,1
tashkent,5
andijan,10
great,15
anatolia,3
adana,1
iceland,8
flores,5
detlev,2
hariri,10
abia,2
kourou,1
french,2
batumi,2
black,5
vatican,24
hiroshima,9
nagasaki,4
maariv,1
granma,6
ireland,14
ashura,9
kadhimiya,3
khabarovsk,6
songhua,9
jilin,3
arauca,4
tripura,3
dangabari,1
maharashtra,8
wainganga,1
bhandara,1
tirin,3
souray,1
lashkargah,1
ulsan,1
kearny,2
jersey,1
bushehr,13
economic,1
pulwama,3
miran,5
pai,1
rafah,8
cayman,2
czechoslovakia,7
nazi,10
ruthenia,1
nato,4
pattaya,2
mainichi,1
christianity,6
muslim,34
hitler,1
abdel-al,1
pingtung,1
wana,3
panjwayi,4
orenburg,1
olympics,7
namibia,12
dalia,1
idaho,1
antarctica,11
antarctic,9
hudson,1
gulfport,1
katrina,11
sancha,1
changqi,1
cyprus,11
canterbury,2
jihad,2
harithiya,1
mashhad,2
bandar,3
ballenas,1
al-sammarei,1
delmas,1
straw,1
blackburn,1
liverpool,5
torkham,2
yvelines,1
hauts-de-seine,1
seine-saint-denis,1
val,2
zheijiang,1
ningbo,2
ismail,1
gniljane,1
prizren,2
dallas,4
indus,1
bengalis,1
politics,1
waziristan,1
echeverria,3
adi,2
asmara,1
sinak,1
air,6
hachijo,1
nevada,5
sisli,1
swat,25
kuala,6
mandera,1
sweden,27
skelleftea,1
pia,1
yugoslavia,21
acapulco,3
lagunas,1
lazaro,2
cabo,1
veracruz,8
liaoning,3
shula,1
05-feb,1
group-b,1
labor,7
burundi,21
al-siddiq,1
farah,10
badakshan,2
ashkelon,3
isna,1
warsaw,9
ganges,1
bajaur,8
damadola,1
ayman,1
cuzco,1
guyana,2
tadjoura,1
tripoli,13
puerto,13
goss,4
yanbu,1
howlwadaag,1
riyadh,6
buddhist,6
zurich,2
lausanne,2
dushanbe,2
khujand,1
rasht,1
belize,5
u.n.-african,2
corpus,3
sandanista,1
bandung,2
thanh,2
laos,15
hainan,4
imam,2
roger,1
noriega,1
osnabrueck,1
vani,1
andaman,2
richter,3
weah,1
karradah,2
sulaimaniyah,2
lockerbie,2
city,9
jaffna,13
birmingham,2
manhattan,6
chihuahua,6
doi,1
burma-thailand,1
maaleh,2
abbas,2
ceyhan,1
philippines,25
tubigan,1
basilan,2
mindanao,4
zap,1
kapilvastu,2
kathmandu,27
-,2
morales,1
jabalya,1
ashdod,2
botswana,10
kumtor,1
falkland,6
grytviken,2
dome,2
jesus,5
bajura,1
accham,1
zinder,1
herzegovina,2
armistice,1
prussia,1
luxembourg,19
stanford,1
adre,3
prince,6
ivo,1
karlovic,3
07-jun,1
wimbledon,6
grand,10
tulkarm,1
batad,1
banaue,1
ifugao,1
legaspi,1
petra,1
holodomor,1
lhasa,9
auckland,5
eden,1
gulu,2
phil,2
gold,4
yuanshi,1
gedo,1
malawi,32
ganguly,1
tung,1
tigers,1
cologne,2
kiel,2
milan,5
liechtenstein,3
kapisa,3
minas,3
al-yousifi,2
csatia,1
metullah,1
miranshah,5
phoenix,4
helmund,1
muqdadiyah,2
bayji,4
mongolia,5
loveland,1
yevpatoria,2
saqlawiyah,1
nampo,1
hub,1
kojak,1
pashtun,3
indira,1
halloween,2
algeria,22
doosnoswair,1
merida,2
victoria,7
bc,1
treasury,1
youssifiyeh,1
jaime,1
razuri,3
arafat,6
musa,7
murghab,1
badghis,5
pangandaran,2
baku,5
mid-june,3
novo-filya,1
colchester,1
england,26
shabat,1
dagestan,5
khasavyurt,1
makhachkala,2
caucasus,3
longyan,1
jiangxi,3
mensehra,1
balakot,2
portland,3
yushchenko,8
kentung,1
mohammad,2
agartala,1
kamchatka,2
petropavlosk-kamchatskii,1
bonaire,1
aruba,2
isla,1
saadi,1
caqueta,1
chicago,12
druze,2
matara,1
neverland,4
mbeki,1
houston,17
jamahiriyah,1
mar,6
eindhoven,1
slovenia,16
adriatic,1
ekici,1
shkin,1
judaism,1
nebraska,4
one-china,1
mottaki,1
tucson,1
tymoshenko,2
nikkei,11
hang,6
sukhumi,1
missouri,9
mojave,1
heathrow,4
zapatista,3
subcomandante,2
comandante,2
zapatistas,2
chiapas,2
normandy,2
camp,10
federation,1
qatari,1
poonch,2
kupwara,4
qalat,2
duma,6
dora,2
petrocaribe,1
himalayas,3
snagovo,1
zvornik,3
sistan-baluchestan,1
lincoln,3
adelaide,1
06-mar,9
07-may,1
03-jun,1
06-jan,3
lake,9
balata,2
tuz,1
arbaeen,1
denver,1
sahara,3
allahabad,1
islamists,2
adraskan,1
bujumbura,2
hamdi,1
mazar-i-sharif,2
philadelphia,5
b,1
tabriz,1
helsinki,2
toronto,4
cartago,1
grenada,4
providence,2
pablo,1
o'keeffe,1
primimoda,1
carson,1
seville,1
zagreb,7
indian-controlled,7
sopore,1
lafoole,1
bristol,1
angor,1
memorial,1
surma,1
northeastern,2
sunamganj,1
kevljani,2
revolutionary,3
nicosia,3
muzaffarabad,5
guterres,1
golan,7
azamiyah,2
amiriyah,2
macrumors.com,1
patriotic,2
kurdistan,4
osh,5
sierra,11
agent,1
naama,1
pokhara,2
kalashnikov,1
nimroz,4
carmen,1
jolo,7
nobel,2
unisa,1
wardheer,1
ogaden,4
creole,1
albania,8
vlore,1
montenegro,16
federated,3
micronesia,1
international,14
ates,1
ouattara,2
thabo,1
taksim,2
strasbourg,12
kurds,4
n'djamena,4
siegouekou,1
karshi-khanabad,1
bekaa,7
bakassi,1
gleneagles,3
stirling,1
group-a,1
sochi,4
netanya,1
lancetand,1
keys,2
nevsky,2
barakat,1
honiara,3
tijuana,4
maine,5
pech,1
cagliari,1
sardinia,1
bologna,2
rotterdam,1
halabja,6
yves,1
chemistry,1
togolese,4
gnassingbe,4
premier,1
tottenham,2
barahona,1
magna,6
parliament,4
zeta,1
basutoland,1
manta,1
stockhlom,1
chengdu,2
islamist,7
israel-gaza,1
merka,1
mohamed,4
tigray,1
amhara,1
oromia,1
bilge,1
mardin,1
ntv,1
arbil,3
beni,3
la,7
rajouri,2
barranquilla,1
monterrey,1
bunji,1
dogharoun,1
salahaddin,1
zafaraniyah,1
martian,7
sensex,1
frankfurt,9
altenberg,1
vanunu,2
beersheba,1
mashaal,1
nawzad,1
tachileik,2
mekong,5
sangin,4
tabarre,1
slough,1
bow,1
cote,3
burkinabe,1
monaco,6
rochester,1
ny,1
ban,3
chiweshe,1
niamey,1
equatorial,1
gabon,10
bombay,7
davos,4
jabella,1
holy,3
queen,2
patriarch,2
yakutsk,2
julian,1
christians,3
cleric,2
thaksin,2
monrovia,5
priscilla,1
al-hashimi,1
zaraqawi,1
singh,1
sanjaya,1
alitalia,1
bormio,1
valle,1
communist,5
loi,1
rashakai,1
tang,1
nordic,1
kaliningrad,2
rivers,1
maysan,1
muthana,1
abijan,1
nicobari,1
chora,1
musayyib,2
toulouse,1
pedro,1
tegucigalpa,3
mehlis,2
tueni,1
wto,1
a.d.,1
janos,1
tunceli,6
kong,1
centraql,1
sulawesi,4
tomini,1
muslims,1
bethelehem,1
nativity,4
mardan,1
duluiyah,1
fed,1
anderson,2
domodedovo,2
balochistan,2
janica,1
spindleruv,1
kostelic,3
mae,1
minnesota,6
mhawesh,1
salerno,1
azahari,1
l'equipe,3
tigris,1
lashkar-e-jhangvi,2
abyan,2
zamfara,1
mullaittivu,1
komura,1
komuri,2
clipperton,1
pharaoh,1
elmendorf,1
holocaust,9
auschwitz,9
birkenau,1
malawai,1
laghman,4
cotecna,1
todd,1
benishangul,1
treasure,1
manshiyet,2
operation,1
qaim,4
karabila,2
gardasil,2
hpvs,2
everglades,2
ruhpolding,1
muzadi,1
york,1
daynunay,1
teheran,1
gikoro,1
bisengimina,1
luzon,1
un,1
jaji,1
kaduna,5
lisbon,2
nova,2
sari,1
omdurman,2
wisconsin,2
mujuru,1
zhaotong,1
singapore,5
shaktoi,2
soviet-era,1
rossendorf,1
momir,1
visegrad,2
savic,1
kitgum,1
zhari,2
ramadan,3
nyala,2
el~fasher,1
nangarhar,10
marseille,2
royal-dutch,1
shell,3
mau,2
economy,1
princess,1
amarah,2
manchester,1
turki,1
fuheid,1
khobar,1
mashruh,1
ningxia,2
zhongwei,1
michigan,3
garissa,1
lu,1
shan,2
edgware,1
saqiz,2
yellow,2
greenpeace,3
anchorage,1
silesia,1
ubangi-shari,1
makin,1
tarawa,1
kiribati,5
line,1
o,2
mahabad,3
litani,3
zirve,1
malatya,2
trabzon,1
leta,2
obudu,1
lagos,15
arabia,1
jordan,4
haditha,11
hit,4
bonny,2
biscaglia,1
naypyidaw,2
soku,1
mozambique,12
bolivarian,1
jalgaon,4
nandurbar,1
navapur,1
heihe,1
blagoveshchensk,1
river,1
angelus,1
daioyu,1
senkaku,1
japanto,1
1-0,3
02-jan,3
stuttgart,4
jean-paul,1
gisagara,1
arusha,2
oil-rich,2
jonathan,2
nauru,5
senegambia,1
batu,2
lukashenko,4
shanwei,1
who,1
sulaymaniya,3
temple,4
khogyani,1
castelgandolfo,1
nuremberg,1
leipzig,1
god,5
artemisia,1
plymouth,1
aleppo,2
novaya,1
egypt-gaza,1
starye,1
novye,1
faizabad,2
badakhshan,3
kohistan,2
banja,2
ayodhya,2
economics,1
respublika,1
marine,4
kabal,1
danzhou,1
chancellor,2
kigali,3
kinshasa,8
vera,1
pakistani,1
fortaleza,1
ituri,8
drc,5
mai,1
amiens,1
orleans,1
zamoanga,1
karrada,2
canberra,4
brisbane,5
eromanga,1
hutu,2
rajasthan,3
barmer,1
anjar,2
amritsar,3
wagah,1
fernando,1
verdasco,1
pale,3
sriharokota,2
bengal,1
comoros,1
mansur,1
akwa,1
hawija,1
kerman,1
torbat-e-heydariyeh,1
bam,4
utah,4
cirque,3
sundance,1
wonderland,1
promises,1
long,1
baja,2
pyinmana,2
gereshk,2
nouadhibou,1
marxism,1
baixinglou,1
chaoyang,1
onitsha,2
anambra,2
mannar,2
likud,11
kyoto,3
busan,3
koreas,5
ninewa,1
shin,1
erez,1
pointe,1
aab-e-ghum,1
soweto,2
toyota,1
rabiah,1
morag,1
kfar,1
turpan,2
balkh,1
mihtarlam,1
uri,2
rockford,1
ill.,2
ottoman,2
tokelau,3
khurasan,1
space.com,1
newcastle,1
narathiwat,8
xian,1
han,1
wuhan,1
yakaghund,1
northwestern,5
anhui,3
dangtu,1
iskandariya,1
sulaymaniyeh,1
emerli,1
ahmad,2
sacramento,1
quebec,3
margraten,1
cameron,1
kohat,1
tirah,2
kaesong,1
gdansk,3
close-ally,1
mansour,2
jews,3
kashmirs,1
milliyet,1
quand,1
nalchik,2
kabardino-balkaria,1
baghdadi,1
hadithah,1
menatep,2
kajaki,3
sun,4
beitar,1
efrat,1
smithsonian,1
dhusamareb,1
marergur,1
mainz,1
oshkosh,1
wis.,1
muscat,1
hafiz,1
alawite,1
hizballah,1
da'ra,1
manger,2
sirte,3
kemal,1
ghalawiya,1
o'hare,1
quito,5
lago,1
thanksgiving,4
disneyland,6
mitofsky,1
yar'adua,3
medellin,1
citgo,1
seychelles,5
granada,1
thessaloniki,1
pattani,8
yala,10
bouake,2
bad,3
planica,1
baylesa,1
starbucks,3
asia-pacific,1
live,1
sinjar,2
dakhil,1
nioka,2
ethnic,2
hillah,5
ansar,4
sajjad,1
ubaydi,3
yonhap,7
ho,1
banjul,2
chaman,1
ellsworth,2
democrat,1
daxing,1
xingning,1
basotho,1
sacu,2
opportunity,1
bhutan,7
thimphu,1
pensacola,1
tegua,1
johnson-sirleaf,2
tiananmen,7
bossaso,1
dong,1
ha,1
hai,1
vinh,1
mehrabpur,1
dvds,1
lucie,1
jam'iyyat,1
key,1
arboleda,1
inguri,1
tbilisi,10
cho,4
datta,3
shana,1
bula,1
tony,1
belfast,3
lodi,1
guangzhou,10
montevideo,5
iscuande,2
sulaimaniya,2
dublin,3
flushing,1
taifi,1
nanhai,1
chattisgarh,1
williams,1
duluth,1
ga.,1
shareman,1
pudong,1
alzheimer,3
vero,1
blackhawk,1
coahuila,1
charai,1
manama,1
vladivostok,1
stanislaw,1
britney,2
federline,1
sciri,1
norinco,1
miramax,2
love,1
andry,2
rajoelina,2
mombasa-based,1
seafarers,1
imb,1
hurriyah,2
guajira,2
gazan,1
grigol,1
bernama,2
al-qassim,1
charsadda,4
buenos,4
el-dabaa,2
newark,2
guiana,2
guadeloupe,3
martinique,1
mayotte,1
logar,6
al-assad,2
karimov,2
dow,1
palma,1
chilitepic,1
medan,1
okinawa,2
galle,3
gobernador,1
biloxi,1
bannu,4
gereida,1
guilin,1
tahab,1
hunan,8
tarin,1
purim,1
basilica,4
quezon,1
farsi,2
70.7,1
napoleonic,1
germanic,1
macau,13
aden,1
zaydi,1
tunisia,8
hangzhou,2
zhejiang,5
ninevah,3
deborah,1
palestinian,2
siniora,1
nsanje,1
maroua,1
eid-al-fitr,1
otunbayeva,1
ivanovo,1
teikovo,1
topol,1
downtown,2
broadway,2
non-sawang,1
vientiane,1
bratislava,4
sunnis,2
nour,1
hadassah,1
benin,12
heishan,1
guangxi,1
cayenne,1
suha,1
amur,3
harbin,10
hamdania,3
al-gomhouria,1
winfield,1
agha,1
good,1
tokugawa,1
formosa,1
sakhalin,1
manchuria,1
honshu,1
sahel,1
sadah,1
newlands,2
makhaya,1
ntini,1
mombasa,2
livingstone,1
lusaka,2
sheiria,1
menem,4
cotonou,2
adjarra,1
adolf,1
haifa,4
universidad,1
cartagena,4
phuket,1
yazoo,1
ngos,1
dar,3
malindi,3
rodrigues,2
rhode,2
vermont,3
copacabana,1
ipanema,1
bureau,2
dongzhou,3
savannah,3
casablanca,3
las,6
belet,1
latifiya,1
al-khalis,1
jan,1
opec,8
mossad,2
gambia,1
mansehra,1
sao,7
ruegen,4
maharastra,1
karliova,2
bingol,3
rospuda,1
augustow,1
fayoum,1
nansan,1
kokang,2
khalid,1
uttar,3
bihar,3
haisori,1
wayaobao,1
zichang,1
americas,1
asian,2
interlagos,1
ferrari,3
hispaniola,4
balkans,6
qinghai,9
yushu,1
norte,2
campo,1
shangla,1
delaware,5
dunkin,1
randolph,1
mass.,1
petronas,2
malay,1
uniosil,1
marjayoun,2
andhra,5
hyderabad,5
emperor,2
saipan,2
shanxi,6
dai,3
nurja,1
duluiya,1
khalis,3
guji,2
borena,2
shakiso,2
arero,2
yabello,2
ndjabu,1
lendu,2
miroslav,1
bralo,2
den,1
ljubotno,1
skopje,1
tarulovski,1
mavi,1
neuilly,1
akitani-bob,2
marja,1
kish,1
centurion,2
monaliza,1
husaybah,5
pakistani-controlled,3
maarib,1
modena,1
adaado,1
suichuan,1
jacksonville,1
jalal,2
baya,1
beiji,2
nineveh,2
megumi,1
yokota,1
hmawbi,1
bijbehera,1
bashir,1
buyat,1
bugojno,1
yerevan,1
alessandria,1
piemonte,1
stamford,1
conn.,2
indochina,1
ascension,2
dhekelia,3
ventanazul,1
gucci,1
balenciaga,1
puma,1
yuan,1
paynesville,1
congotown,1
drapchi,1
manipur,2
imphal,1
park,1
stavropol,1
bertrand,1
jowhar,1
artibonite,1
yichang,1
wanzhou,1
mujhava,1
ojedokun,1
maccabi,1
parisian,1
clichy-sous-bois,1
everest,1
yadana,2
kilinochchi,2
gagra,1
kansas,5
upper,1
abidjan,7
daklak,1
anguilla,5
herald,3
b'tselem,2
embassy,3
bursa,1
anyama,1
moinuddin,1
m.c.,1
fayyum,1
giza,1
haiphong,2
navarro,1
durango,1
armando,1
benedetti,1
pasadena,2
dayton,1
ghangzhou,1
nangjing,1
abbassid,1
baton,3
italian,1
hamburg,1
arghandab,2
mitrovica,3
lafayette,1
mil,1
nyasaland,1
memphis,3
graceland,3
bernando,1
vavuniya,1
allegra,1
cyclone,1
akhalkalaki,1
shurja,2
kolkata,2
sohail,1
vukovar,6
gwangju,1
mainstream,1
pakitka,1
zabol,1
easter,5
almaty,2
tatiana,1
ciamis,1
misno,1
e.u.,1
adel,1
hasbrouk,1
n.j.,1
antigua,2
barbuda,1
riek,1
machar,2
nyongwa,1
nias,1
bakool,2
tartus,1
doodipora,1
mostafa,2
ophelia,2
untied,1
saqqara,3
asfandyar,1
hello,1
09-feb,1
gemelli,1
sheik,1
minya,1
ghor,3
qilla,1
indianapolis,1
malta,5
haswa,1
gansu,2
hikmet,1
cetin,1
mashonaland,1
godfrey,1
naad,1
maskhadov,4
dubrovka,1
haden,1
toledo,1
ohio-based,1
wallachia,1
moldavia,1
transylvania,1
hodan,1
kusadasi,2
nouakchott,2
rheinland-pfalz,1
pittsburgh,1
kyiv,3
zhulyany,1
democracy,2
shenzhen,2
gabcikovo,1
xavier,1
florian,1
philipp,1
bheri,1
hrw,1
kuomintang,1
hafun,2
heart,1
soren,1
indian-,1
batasuna,1
kano,4
mersin,1
falklands,1
ocean,3
oecd,3
mururoa,1
neighborhood,1
rumbek,1
spector,1
tula,1
lucia,1
mina,1
wasit,1
edinburgh,1
chhattisgarh,1
jharkhand,1
dahab,1
shamsbari,1
doda,2
sidakan,1
bhutto,1
fox,2
disturbia,1
satan,1
taraba,1
orellana,1
sucumbios,1
pope,2
aids,1
oleksiy,1
doboj,2
shi'te,1
al-ahram,1
heiligendamm,1
rostok,1
uae,3
bara,1
calif.,1
warship,1
bartolomeo,1
jhala,1
pozarevac,2
balkan,3
beja,3
sohrab,1
lutfi,1
bargal,2
puntland,1
kwanzaa,1
qarabaugh,1
bar,1
parwan,1
robben,2
klebnikov,1
yunnan,2
nasariyah,1
lublin,3
nujoma,1
ghazaliyah,1
peoria,2
kalamazoo,1
nasheed,1
badme,1
frg,1
tamilnet,1
wyoming,2
lakhdaria,2
kerch,2
fallouj,1
kameshli,2
zamboanga,1
chevron,2
taitung,1
jaafari,1
sinaloa,1
mariam,1
glasgow,7
jaroslaw,1
uthai,1
petrovka,1
gongga,1
rabdhure,1
sharia,2
marriott,2
avon,1
anjouan,2
anjouanais,1
catholic,9
tallinn,1
chodo,3
crimean,1
maronite,3
diwali,2
pallipat,1
chennai,2
kifaya,1
al-jaafari,1
beijings,1
capitol,2
kochi,1
nasiriyah,2
carnival,1
tabare,1
vazquez,1
bala,1
sui,1
baluch,1
miyazaki,2
jaghato,1
orange,3
adijon,1
ile,2
adelie,1
mozambican,1
oresund,1
denmark-sweden,1
strait,3
gibraltar,1
morocco-spain,1
mwai,1
coral,1
willis,1
jeungsan,1
102.4,1
panmunjom,1
gedi,3
habbaniya,1
benghazi,1
tuo,1
talangama,1
michaella,1
juventus,4
suez,2
shajoy,1
feyzabad,1
imran,1
mansoor,1
mahendranagar,1
alcantara,2
altcantara,1
putin,1
bashar,1
paralympic,2
vancouver,4
anti-terrorism,1
panzhihua,1
nyange,1
pitcairn,3
akrotiri,4
mao,1
al-adamiya,1
calabar,2
varanasi,1
meerut,1
ontario,1
kristina,1
smigun,1
libertador,1
valparaiso,1
stratfor,1
intelcenter,1
bulandshahr,1
nottingham,2
lambeth,1
rodrigo,1
tianjin,2
wales,1
ganei,2
oic,1
tyre,2
motoyasu,1
janakpur,2
itahari,1
nahr,4
arafura,1
merauke,1
navassa,1
zone,1
chaco,4
hare,1
wellington,2
loder,1
bei,5
baishiyao,1
bolivar,3
margarita,1
naryn,1
changbei,1
tawilla,1
mindoro,2
albay,2
eugene,1
milky,1
small,1
malibu,1
samawa,2
quake-zone,1
chandipur,1
pune,1
wheeler,3
wilmington,1
alassane,1
omaha,1
doaba,1
hangu,1
bechuanaland,1
pemex,1
da,2
seismological,1
n'zerekore,1
yentai,1
conservative,1
lagham,1
carabobo,1
fujimori,1
kospi,1
noureddine,1
sinbad,3
wikipedia,3
abraham,1
minar-e-pakistan,1
yongbyong,1
malda,2
murshidabad,1
kula,1
greenville,1
n.c.,1
cincinnati,1
kazakhstani,1
gran,2
fataki,1
bunia,2
pradip,1
choudhury,3
japanese,2
bancoro,2
communist-led,1
station,1
jebel,3
mr.yushchenko,2
zadar,1
orissa,2
naxalites,1
welcometousa.gov,1
melilla,8
ceuta,7
man,2
booker,1
enclave,1
nasa,1
norfolk,1
ogun,2
torun,2
reno,1
best,1
narino,1
butheetaung,1
insein,1
nld,2
clearwater,2
hidalgo,1
guam,1
caspian,1
mideast,1
bezoti,1
kibo,2
luis,2
maud,1
mardi,2
oxford,1
poti,1
raleigh,1
charleston,3
sago,1
qeshm,1
yugansk,3
waziriyah,1
mohammed,2
calcutta,2
sii-sii,1
post-abc,1
gamma,2
limon,1
sirisia,1
kulyab,2
newfoundland,1
saint,7
dahomey,1
mathieu,1
tayr,1
hallandale,2
balikesir,1
emmen,1
doetinchem,1
taye,1
enrique,1
aristide,1
sami,1
al-arian,1
mohean,1
gali,1
somaliland,2
hargeisa,1
paksitan,1
ancient,1
stanishev,1
riga,1
fushun,2
sinuiju,1
badaun,1
brooklyn,1
eldawoody,3
airport,1
malegaon,2
jebaliya,1
annapolis,2
pluto,4
sarturday,1
shahidi,1
khawaza,1
belgaum,1
katsina,1
mazda,1
agadez,1
de,3
itv,1
monsanto,1
galveston,1
mobile,1
aurangabad,1
saad,1
leonid,1
sunda,1
naqoura,3
baalbek,1
madras,1
wood,1
geofizyka,1
sambadrome,1
unami,1
maastricht,1
taino,1
minustah,1
jupiter,2
roed-larsen,2
assad,1
gabriele,1
suleimaniya,1
mamoun,1
alcoa,1
santuario,1
ibaraki,2
ramzi,1
duekoue,2
qom,1
zaragoza,4
salman,1
khatami,1
shorja,1
milton,1
antananarivo,1
cookstown,1
co.,1
mladjen,1
vojkovici,1
kenjic,1
kiwayu,1
alec,1
krasnokamensk,1
chita,2
near,1
shaab,1
halfun,1
sheikh,1
coldplay,1
sangju,1
mexicali,1
marghzar,1
nigerla,1
el-maan,1
chaparhar,1
maruf,1
minia,1
medak,1
penjwin,1
tupamaros,1
blanco,1
hormuz,1
malacca,1
indonesia-malaysia,1
liliput,1
jos,5
haq,1
hafsa,1
malaria,1
haaretz,1
amona,1
mandela,5
sibal,1
bharti,2
wa,2
kandy,1
latifullah,1
hakimi,3
muqataa,1
shaaban,1
rose,1
medicare,6
mammy,1
maiduguri,4
zaidi,1
laxman,1
adhaim,1
sudharmono,4
golkar,1
brass,1
orinoco,1
tomohito,2
us-india,1
patriot,1
petrobras,2
sinopec,2
vitoria,2
espirito,1
catu,1
bahia,1
galan,1
mehsud,1
saroki,1
areva,1
prudhoe,1
gothenburg,1
scandinavia,1
gungoren,1
lion,1
danube,2
tuareg,2
zetas,1
beltran,1
victory,1
falluja,1
xianghe,1
salang,1
krasnoyarsk,1
cambridge,1
bollywood,1
al-shara,1
jabel,1
qater,1
llam-mi,1
kakdwip,2
gallup,2
maghazi,1
turkana,1
rongai,1
marigat,1
mogotio,1
firebase,1
bogra,1
kanan,1
aweil,1
archbishop,1
stronghold,1
azizi,1
pago,1
togoland,1
lashkar-e-toiba,4
pingdingshan,1
brook,1
hamarjajab,1
smolensk,1
kalmykia,1
palestine,3
santo,3
beyazit,1
sderot,1
shadi,2
deshu,1
shfaram,1
vedomosti,1
sibneft,1
macheke,1
philippine,1
moro,1
kowalski,1
aquino,3
ferdinand,1
numaniya,1
mall,2
cykla,1
mizarkhel,1
rashad,1
kaletra,1
king,1
neiva,1
itar-tass,1
mikhail,2
sinn,1
massouda,2
mandalay,1
hkamti,1
fifth,1
bandundu,2
three,1
paula,3
medina,1
buraydah,1
singur,1
tata,1
uttarakhand,1
turkish,1
baltimore,1
predazzo,1
belluno,1
cavalese,1
olympian,1
policharki,1
khaisor,1
siphiwe,1
soccer,1
forbidden,1
andijon,4
bbc,1
adwar,1
rabiyaa,1
hasib,1
sidon,2
ali,1
shakeri,1
hema,1
ilna,1
heidelberg,1
ignace,1
party,1
pe'at,1
nagano,1
hide-outs,1
madhya,1
zinjibar,2
aqaba,2
samsun,1
seu,1
hellenic,1
malays,1
home,1
django,2
club,1
midwestern,1
buhriz,1
taza,1
kosumi,1
babil,2
kien,1
rafsanjani,2
agriculture,1
dhahran,1
cerveny,1
mid-march,2
narthiwat,1
sungai,1
des,1
sofia,2
nad-e-ali,1
unita,1
tristan,1
nevis,2
british,1
mercury,1
yogi,2
ha'aretz,1
subhadra,1
group-e,1
gianni,1
magazzeni,1
rafidain,1
finsbury,1
suleimaniyah,1
carlos,1
interahamwe,2
minority,1
asou,1
jamuna,1
alyaty,1
copei,1
hanyuan,1
pokot,1
samburu,2
fiji,1
equatoria,2
mahdist,1
ruling,1
hacari,1
dahuk,1
jamaat-ud-dawa,1
guggenheim,1
es,1
bouna,1
otay,1
moken,1
sonora,1
bedouin,1
umm,1
raba,1
main,1
le,1
gilles,1
ibb,1
jibla,1
dusseldorf,1
lekki,1
acehnese,1
abdullahi,1
mostar,2
daily,1
jalbire,1
zanu-pf,1
alito,3
kalachen,1
xiamen,1
kaohsiung,1
boris,1
axum,4
mid-december,1
evangelina,1
konarak,1
batna,1
bouteflika,1
sittwe,1
rakhine,2
latifiyah,1
polisario,3
dominica,1
tartous,1
dalian,1
northeast,1
meishan,1
mosleshi,1
al-qaeda,1
herceptin,1
ac,1
lazio,1
fiorentina,1
fulani,1
urumqi,1
molucca,1
ternate,1
vivanews.com,1
mashona,1
toluca,1
nagpur,1
timergarah,1
sibbi,1
rouen,1
tindouf,1
mesopotamia,1
khagrachhari,2
bengali,2
baghaichhari,1
khanty-mansiisk,1
moor,1
al-qa'ida,1
halifax,2
alishar,1
kenedy,1
tsunami-devastated,1
faisalabad,1
hutus,1
budweiser,2
ovcara,1
srebotnik,2
francesca,1
yankham,1
kengtung,1
parthenon,1
walter,1
pepsico,2
coca-cola,2
konstanz,1
dortmund,1
koblenz,1
hycamtin,1
hina,1
jutarnji,1
papal,1
celma,1
slater,2
papillon,1
chun,1
graz,1
kivu,1
panyu,2
xtr,1
jalna,1
gumushane,1
lustiger,1
catholicism,1
nazarbayev,1
plateau,1
jamrud,1
baramullah,1
srinigar,1
indian-administered,1
bikaner,1
yambio,1
ramdi,1
bago,1
kyauk-ein-su,1
kanyutkwin,1
phyu,1
machakos,1
makutano,1
alu,1
alkhanov,3
palpa,1
midway,2
canal,2
mid-february,1
sucre,1
alias,1
oscar,1
u.s,1
izzariya,1
erzurum,1
qadis,1
jarmila,1
israeli,1
yomiuri,1
nanjing,1
haerbaling,1
tsholotsho,1
madero,1
khuzestan,1
guere,1
tuvalu,2
tongan,1
awantipora,1
jinnah,1
advani,1
yokosuka,1
jaunpur,1
patna,1
bavaria,1
lashkar-e-taiba,2
jamia,1
anti-americanism,1
shah,1
diego,2
shegag,1
maranello,1
verizon,1
binyamina,1
wabho,1
greenland,6
tunis,1
chamber,1
fouad,1
leonardo,1
mid-1999,1
baltim,1
kafr,1
zigazag,1
jovica,1
al-u'zayra,1
borjomi,1
jaca,1
salzburg,1
07-apr,1
pinerolo,1
matesi,3
kanyabayonga,1
oxfam,3
natasha,1
gamsakhurdia,2
hajan,1
awami,1
printemps,1
kharrazi,1
delhi,1
al-shabab,1
irrawady,1
jalula,1
amerli,1
tangier,1
rabat,1
shibis,1
sanaa,1
sonia,1
yongbyon,1
kuta,1
taormina,1
sicily,1
gaza-egypt,1
yingde,1
nazareth,3
siachen,1
kalikot,1
aurobindo,1
hiv,1
liempde,1
akhtar,1
trondheim,1
cross,1
hulya,1
managua,1
doghmush,2
amagasaki,1
osaka,1
askja,1
pattle,1
woody,1
badgesty,1
cheyenne,1
menoufia,1
colonia,1
cachet,1
baker,1
yudhoyono,1
sumatran,1
khalidiyah,1
bakwa,1
elham,1
asghari,5
nepal,1
kiffa,1
bamako,2
desert,1
maulana,1
fazlullah,1
benisede,3
mueller,1
fadhila,1
luton,1
mi-5,1
faro,1
mid-august,1
braille,1
habsburg,1
dniester,1
uk,1
nile,1
dragmulla,1
u.s.-sub,1
ghubaysh,1
kennedy,1
zardari,3
knesset,1
cali,1
carolina,1
pastrana,1
bogata,1
huygens,1
cassini,1
kisangani,1
makati,1
peninsula,1
ghorian,1
harardhere,1
ubt,1
mastung,1
naushki,1
cawthorne,1
ein,1
azhar,1
austin,2
mingora,1
vista,1
mid-october,1
madison,1
daylam,1
zapatero,1
newseum,1
tabinda,1
british-dutch,1
deauville,1
berkeley,1
padang,1
daraga,1
punxsutawney,1
copa,2
kufa,1
jazeera,1
andrhra,1
sufi,1
mykolaiv,1
rohingya,2
kabylie,2
surkh,1
nangahar,1
derg,1
colchis,1
kartli-iberia,1
salva,1
shali,1
copiapo,1
samara,1
cheonan,1
ahvaz,2
kayhan,1
ayala,1
venus,3
kandal,1
dharmsala,1
sonntag,1
salar,1
imad,1
issori,1
nicobar,1
badoosh,1
milorad,1
dodik,1
balasingham,1
nevzlin,2
wilma,1
zim,1
merapi,1
peace,1
baghran,2
thankot,1
bhairahawa,1
iles,1
reunion,1
anwar,1
legia,1
alamodome,1
palnoo,1
kulgam,1
bermel,1