2,1
5,1
685,1
1718,1
2005,1
party,204
atomic,85
energy,118
agency,220
union,440
security,312
council,364
berger,2
shell,8
qaida,9
in,2
iraq,2
brotherhood,24
majlis-e-amal,3
home,4
office,36
press,116
pacific,11
economic,46
cooperation,39
business,4
advisory,3
trade,4
organization,187
commission,94
nations,596
catholic,20
health,139
ministry,294
command,14
for,182
science,10
and,475
international,107
diabetes,3
association,57
of,491
american,31
states,106
news,74
charlotte,1
virginia,1
armed,23
services,10
committee,71
agricultural,4
delivery,1
authority,13
tiger,21
rights,97
watch,49
department,311
reserve,24
azur,2
airlines,25
labor,9
on,2
religious,3
freedom,6
house,309
's,310
resistance,32
army,102
criminal,28
court,208
space,20
representatives,45
bank,293
tv,10
quality,1
control,8
company,17
islamic,19
group,61
chiefs,8
staff,9
cumple,1
faith,1
pakistan,23
african,35
development,51
community,15
provincial,1
archaeological,1
research,11
institute,15
martyrs,31
',25
brigades,31
force,56
constitutional,6
committees,7
jihad,26
special,5
forces,30
human,41
disease,4
muslim,7
lashkar-e-jhangvi,1
muslims,14
democratic,53
musab,24
sea,22
project,5
times,66
alliance,7
south,16
america,21
salvador,6
solidaria,1
baghdad,3
adviser,1
zone,11
world,50
media,8
shwe,6
oo,1
network,11
bangkok,1
committee-chairman,1
administration,25
majority,6
leader,19
corps,22
engineers,9
guard,32
congress,53
pinochet,5
geological,16
survey,18
high,15
commissioner,20
refugees,9
saboor,1
farid,1
diplomat,2
government,14
treasury,14
olympic,5
obesity,1
task,2
vision,1
australia,3
york,79
enclaves,2
front,44
wall,15
curtain,4
monetary,34
fund,46
civil,9
liberties,7
defense,70
intelligence,48
information,18
act,19
kharrazi,1
peineta,1
who,2
state,106
animals,1
york-based,6
journalists,10
shabelle,4
ghraib,27
liberation,50
muhammad,27
/,17
aids,12
league,46
interior,19
valley,11
kehla,1
mottaki,3
foreign,60
relations,17
hills,1
volcano,2
railroad,1
,,88
madagascar,1
opportunity,2
workers,35
welle,1
idol,4
chicks,1
tabaldo,1
leslie,1
hunt,1
new,35
jersey,2
native,2
antonella,1
barba,1
democracy,27
food,50
program,38
center,46
missing,2
exploited,1
children,11
red,16
cross,41
affairs,33
provisions,1
news-washington,1
post,61
daily,9
nation,5
street,15
journal,15
peninsula,9
katif,1
federation,22
weightlifting,1
secretary-general,84
prosecutor,3
patrick,1
fitzgerald,1
plame,3
assembly,59
kibar,1
gyanendra,22
reuters,2
senate,51
aviv,13
sudan,3
people,30
paya,1
lebar,1
air,22
base,16
movement,49
motors,22
neftaly,1
platero,1
agriculture,24
condolezza,1
prix,2
formula,1
yorker,2
strip,46
ambassador,18
fayssal,1
mekdad,1
national,91
west,12
cemetery,5
commerce,13
advocates,2
independent,5
republic,5
assistance,27
mission,10
caucasus,1
nations-run,2
oz,2
primary,2
school,6
central,29
television,10
year,32
turkey,7
ante,5
gotovina,10
hague,29
ratko,6
mladic,11
boeing,3
quami,3
coast,22
united,16
china,7
anatolia,1
tennis,6
professionals,2
arabia,20
park,7
broadcasting,13
corporation,31
hotel,5
secrets,1
transport,1
supreme,32
communication,1
university,24
bureau,26
investigations,1
phoenix,1
sans,2
frontieres,2
the,11
conference,15
arab,24
emirates,16
kyrgyzstan,3
bacai,1
sanha,1
petroleum,31
exporting,25
countries,31
direct,1
without,11
borders,11
marwa,1
regional,5
oil,7
lankan,20
navy,18
lanka,10
geodynamic,1
guards,7
realtors,2
preaching,5
combat,7
connie,1
newman,1
telegraph,3
records,2
democrats,15
democrat,3
chancellor-designate,1
hussein,22
electoral,10
board,13
economist,3
ellen,3
johnson-sirleaf,3
elections,2
lauro,1
baja,1
banking,1
repeal,1
peace,34
prize,23
nargis,5
solidarity,5
ivan,1
aqsa,8
eight,24
asian,22
al-islam,7
jenin,1
ramallah,2
-,37
ophaswongse,1
college,4
boys,1
cricket,5
war,17
crimes,3
tribunal,13
non-muslims,1
jazeera,2
hamza,2
al-muhajer,2
declaration,3
non-proliferation,17
treaty,23
marine,14
rada,1
breeze,1
penh,5
newspapers,1
limited,4
alexeyenko,1
su,1
hon,1
christopher,4
hill,4
governor,11
arnold,4
schwarzenegger,4
ayatollah,8
ali,17
khamenei,8
hashemi,2
rafsanjani,2
service,45
oas,1
settlement,4
ariel,1
jowhar,1
eritrea,1
militant,11
hezbollah,5
statistics,3
de,28
venezuela,9
mengistu,1
tomb,1
eastern,4
ennals,1
foundation,9
representative,7
jong,1
un,1
dane,1
dom,1
accord,1
european,16
basque,1
la,3
palma,1
hekmatyar,3
patan,2
customs,10
enforcement,8
automobile,2
toward,4
socialism,4
yahya,4
holiday,3
eid,4
al-adha,2
jewish,2
situations,1
bengal,1
parliament,20
&,26
i,4
holdings,3
sogo,2
securities,2
cpj,1
hausa,1
nacion,1
los,3
angeles,12
rashid,2
aswat,1
emergency,14
relief,10
coordinator,5
servants,3
baba,2
gana,1
kingibe,1
coalition,7
transportation,2
commons,2
progressive,9
buddhist,3
summit,14
gaza,17
sheikh,4
mohammed,15
secretary,3
closing,1
bell,1
chevron,2
basin,1
accountability,2
mohammad,14
hassan,4
aboutorabi-fard,1
khin,3
maung,4
win,6
thein,5
thun,1
aye,1
spokesman,2
adam,1
ereli,1
robert,13
zoellick,10
general,69
augusto,2
spiegel,3
film,3
mercantile,5
exchange,23
inspector,3
wolfgang,3
schneiderhan,2
sultanate,1
islands,53
virgin,2
creole,2
aspiazu,1
rubina,2
associated,49
cerberus,1
capital,5
management,19
climate,1
change,9
protocol,7
soleil,2
society,6
besigye,1
courthouse,1
judge,6
katutsi,1
sadeq,1
mahsouli,1
somalia,3
crime,1
antonio,3
maria,1
costa,1
embassy,44
pretoria,1
davenport,1
propio,2
amnesty,1
ethiopia,4
jendayi,1
frazer,1
basketball,8
players,1
pact,5
militants,14
policy,6
abu,6
shaban,1
morning,2
newsweek,1
taleban,7
campaign,6
burma,6
gymnastics,1
horobets,1
andre,1
aamodt,1
norway,4
football,21
women,8
nba,1
federal,18
baseball,5
stadium,6
hib,2
dharmendra,1
rajaratnam,1
six,2
europe,1
ministers,1
river,11
kashmir,4
lawn,1
estefan,1
departments,2
duma,6
public,8
nour,1
gomaa,1
ghana,1
church,21
disasters,1
france,11
riza,1
technology,5
saudi,4
tigers,6
tamil,1
eelam,1
convention,8
anbar,5
marines,14
washington,39
postsays,2
pentagon,1
vyachorka,1
popular,2
afghanistan,6
reconstruction,6
authorization,1
fiscal,1
directorate,1
embargo,1
amaru,2
revolutionary,10
hearts,1
nominee,4
samuel,5
alito,6
mirror,2
shaukat,1
sultan,2
supply,5
shopping,1
centers,2
private,2
first,8
class,1
lynndie,1
england,6
line,1
kabungulu,1
kibembi,1
justice,42
enlargement,2
agreement,16
accords,3
jaap,8
hoop,9
scheffer,10
lumpur,2
aso,1
southeast,13
advisor,6
chabanenko,1
crescent,3
mosque,8
ban,11
ki-moon,10
rish,1
ashfaq,1
parvez,1
kayani,1
prison,9
institutional,1
action,11
manual,1
lopez,2
obrador,3
congressional,2
shia,1
darfur,5
umar,2
farooq,1
musharraf,20
tom,4
vilsack,1
dennis,1
kucinich,1
ohio,2
decision-making,1
anez,1
nunez,1
india,6
debt,2
standby,1
homeland,13
pakhtoonkhaw,1
kennedy,3
hadassah,1
hospital,6
abid,1
al-aalam,1
laurent,2
nkunda,1
corriere,1
della,1
sera,1
minority,5
mehsud,1
basescu,1
social,5
nancy,2
pelosi,2
election,15
tchangai-walla,1
environmental,7
protection,14
snow,1
ice,2
data,1
rehabilitation,1
chuprun,1
empire,15
sidr,2
steelers,1
jets,1
louis,2
diego,1
chargers,1
falcons,1
rams,1
seahawks,1
bowl,1
patriots,1
colts,2
eagles,1
afari,1
djan,1
patriotic,1
wales,4
district,8
provisional,1
instance,3
initiatives,1
hurricane,4
civic,1
depression,3
hasina,1
wajed,1
consumer,2
product,3
safety,3
kremlin,2
tsunami,3
warning,3
lords,2
guardian,2
kurdish,5
joel,1
simon,2
whaling,3
leumi,2
electric,4
michigan,3
see,4
scott,3
king,11
joseph,1
biden,2
tripura,2
gul,3
botanical,2
garden,4
mall,2
boldak,12
eagle,7
spring,1
aviation,4
reich,1
power,1
against,4
dictatorship,1
extended,1
credit,1
facility,8
mura,2
return,1
minerals,2
azizuddin,1
ian,1
blair,2
black,1
congressman,5
beiring,4
divas,1
diamond,1
lodge,3
wildlife,5
sanctuary,4
director-general,2
jacques,1
diouf,1
classic,4
dekalim,1
palestine,3
guardsmen,1
rezai,1
niaraki,1
gerhard,1
schroeder,1
delay,1
cathedral,1
canada,2
amendment,2
am,3
sonntag,1
secret,2
canterbury,1
rowan,1
williams,3
magazine,8
hamas,19
drafting,1
setabutr,1
coal,3
mine,3
land,3
rica,8
rican,1
indebted,8
poor,10
support,3
initiative,11
challenge,12
account,4
islamists,1
abizaid,1
societies,1
enclave,1
srebrenica,1
dragoljub,1
ojdanic,1
lazarevic,1
qadir,1
gilani,1
undersecretary,11
jose,2
brillantes,1
muttahida,1
back,1
geographic,2
saola,1
meteorological,2
nabi,4
gaddafi,1
sangakkara,1
samaraweera,1
paranavithana,1
eve,11
blasts,1
humanitarian,4
presse,1
mccain,5
senators,3
motor,4
pension,1
fund-global,1
kunar,1
al-shabab,1
gong,1
mengal,1
fahd,3
salem,1
al-sabah,1
animal,8
hispanic,1
population,1
brigade,9
shan,3
highness,1
prince,1
surkhanpha,2
euro,1
royals,1
regiment,2
commander,2
military,2
academy,3
urban,1
bolivia,1
mswati,2
observer,1
bethlehem,2
director,13
porter,2
goss,2
islam,4
leasing,1
goldenberg,1
superhighway,1
meat,2
nations-backed,2
hallmark,1
cow,1
stock,9
delhi,18
sandra,7
capitol,4
republican,7
abdul,6
qadeer,1
khan,5
soccer,2
galaxy,2
rose,2
michel,1
sulieman,1
bareli,1
stem,1
cell,1
hub,1
islamiyah,4
odinga,3
light,9
myanmar,9
rangoon,1
towns,1
nablus,1
dynamics,2
observatory,4
kony,1
arafat,12
oceanic,2
sayyaf,11
copei,2
parties,4
ansar,2
al-sunna,3
hashim,1
shameri,1
adumim,2
mount,1
ararat,1
official,2
catholics,3
week,1
rural,1
poland,2
unknown,1
soldier,1
one,1
cornwall,2
artois,1
roddick,1
tour,3
colin,15
powell,15
waruru,1
geneva,1
conventions,4
county,3
cobra,1
ganguly,2
upali,1
rajapakse,2
lund,1
svindal,1
medic,3
commercial,1
north,7
dogg,1
kong,1
milli,1
awami,1
secretariat,2
census,2
archbishop,2
desmond,2
tutu,3
nobel,2
oumar,3
konare,3
khantumani,1
country,2
moravia,1
omar,2
guelleh,1
afar,11
ramadi,2
seven,3
nicholas,4
burns,5
english,1
kemal,2
onal,1
publication,2
fatah,8
mosques,1
jabbar,1
kareem,1
investigation,12
al-mahdi,2
al-muntadar,2
opinion,1
abductees,1
syvkovych,1
livestock,1
veterinary,1
ui,1
chun,1
third,2
abi,1
haidar,1
dubai,2
melli,1
rally,4
championship,2
xsara,1
wrc,1
external,2
neighborhood,1
tycze,1
villepin,1
pictures,2
structural,1
adjustment,1
curacao,1
saadi,2
zaid,1
baptist,2
haradinaj,1
kosovo,5
sarrata,1
gonzalez,1
cup,37
ekici,1
gadhafi,3
administrative,4
ishaq,1
alako,1
attorney,6
rahmatullah,1
nazari,1
complaints,3
robinsons,1
sumatra,2
nias,1
abd,2
al-karim,1
pradesh,5
immunization,1
eddin,1
barakat,1
yarkas,1
keyser,2
call,1
thani,1
breast,1
cancer,2
awareness,1
month,1
roads,1
safe,1
fried,2
chicken,2
division,8
maoist,2
haiti,4
medical,6
holy,1
amer,1
nayef,1
sunni,3
kurds,2
contractors,1
raiders,1
serra,1
anti-doping,3
olympics,12
mughal,1
emperor,1
shah,1
jehan,1
omi,1
weather,11
skubiszewski,1
sakharov,1
specialist,1
megan,1
ambuhl,1
ahmad,2
al,4
zarqawi,1
airways,7
theological,1
seminary,1
aceh,8
financial,13
corp.,21
trustco,1
ltd.,3
kingdom,4
ireland,1
provinces,2
hemisphere,11
advanced,1
farda,4
omarska,1
keraterm,1
rahim,4
safavi,2
guterres,2
rawood,1
telecommunication,2
akayev,2
asia,8
california,5
gardens,4
latvia,1
storm,6
debby,1
karasu,1
member-states,1
jang,1
jae,1
gustav,2
ike,2
sweden,1
prizes,1
candidate,1
mohamed,5
disability,1
award,9
inc.,17
generalized,1
system,2
preferences,1
maurits,1
van,2
nassau,1
wars,2
guinea,6
industries,6
transparency,1
ouattara,1
revolution,14
dawa,1
intolerance,1
nanmadol,1
fighters,1
iftikhar,3
islamiah,1
bet,1
azhari,1
nangarhar,1
hariri,2
mcdonald,2
18,00,1
closure,1
realignment,1
khalis,1
ski,2
sciences,5
gnassingbe,1
eyadema,3
ac,1
milan,1
tin,6
caicos,1
commonwealth,3
a,8
yugoslavia,1
serbia,2
montenegro,4
lesotho,1
letsie,1
iii,2
dakota,1
frost,1
winner,2
harold,1
pinter,1
janeiro,3
yunis,1
surgeon,1
prevention,4
repubblica,1
francesco,1
sequi,1
zealand,13
constitution,2
compact,3
confederation,3
timessays,1
music,7
moshe,1
yaalon,1
bobsled,1
skeleton,1
karbala,1
environment,4
ecowas,1
almallah,2
dabas,3
s.p.a.,1
acquisition,6
n.v.,2
volta,1
sahara,2
morocco,2
burundi,2
egypt,6
g,3
africa,9
forum,11
distributors,1
tufail,1
matoo,1
political,6
all-star,2
veritas,1
to,5
bagram,1
youth,4
sports,2
rwanda,8
jerusalem,5
assets,1
alpine,2
orleans,12
ihsanoglu,3
alizai,1
drug,8
products,1
administered,2
tribal,2
areas,2
alternatives,1
ground,3
speaker,4
nabih,1
berri,2
himat,2
saqeb,1
nkrumah,2
p,3
jadoon,1
diplomacy,3
rangers,1
gran,1
canaria,3
fronta,1
dnes,1
advisors,2
danilo,1
anderson,1
competition,1
neelie,1
kroes,1
species,3
bugti,1
qaeda,1
khurmatu,3
baucus,1
montana,1
brothers,3
radio,9
naseem,1
naval,2
mohamad,2
top,2
open,4
grand,2
slam,1
komuri,1
hurriyat,3
restaurant,1
co.,9
cbs,1
aerospace,2
colonel,3
boroujerdi,1
winter,5
bhat,1
marlins,1
yankees,2
vashem,1
geneina,1
nigeria,3
british,2
cnn,1
beach,3
championships,5
al-sistani,4
saddam,1
web,1
restoration,2
ruphael,1
amen,1
chicago,1
tribune,1
william,6
brownfield,2
syrian,1
hermlin,1
gerd,1
uwe,1
book,2
raphael,1
poiree,1
nahdlatul,1
ulama,1
muzadi,1
bhumibol,2
adulyadej,2
president-elect,3
barack,4
abakar,1
yusuf,1
itno,1
dirk,1
kempthorne,1
canyon,1
dam,2
building,4
ports,3
appeals,4
ivory,1
aung,2
shein,2
kirkuk,1
rosneft,1
communications,6
area,5
tax,2
agreements,3
roman,3
inning,1
stretch,1
migration,2
worker,3
emancipation,1
dutch,7
tham,1
krabok,1
quentier,1
trends,1
yanjin,1
law,1
vienna-based,1
helsinki,1
uzbekistan,1
carla,1
del,3
ponte,2
karadzic,5
laureate,4
moussaoui,1
salvatrucha,1
martinho,1
gusmao,1
hafs,1
al-masri,2
gate,1
caracas,4
hanoun,4
hancock,1
jewelers,1
baath,3
talabani,2
al-hashemi,1
persons,1
francois,1
bozize,2
spain,3
sri,3
izzadeen,1
marboulaye,1
jeddah,2
reform,4
investors,1
standard,1
dhafra,1
expeditionary,1
wing,2
enduring,1
oman,4
qatar,2
hamad,1
yousi,1
kim,2
than,3
thanksgiving,1
parade,2
hapoalim,2
palestinian,1
101st,2
airborne,5
athanase,1
seromba,1
darom,1
worldwide,4
ventures,3
costner,1
band,1
llc,1
hanouichi,1
mohcine,1
bouarfa,1
fez,1
f,1
fox,1
quotes,2
posada,3
carriles,8
nationwide,1
holding,1
savings,2
loan,2
member-countries,1
sutanto,2
milinkevich,1
lukashenko,2
planche,1
guangdong,1
windows,2
player,2
investment,2
simba,1
banadir,1
al-arab,1
jews,2
ukraine,3
asif,1
amir,2
correspondent,1
luis,2
ramirez,1
frontier,4
ovidiu,1
ohanesian,1
stabilization,5
mob,1
prime,3
minister,3
recep,1
tayyip,3
erdogan,3
samir,2
sumaidaie,1
investigative,1
off-limits,1
shalom,3
eliashiv,1
fatah-linked,1
al-aqsa,1
plc,2
germany,1
man,3
smoky,1
mountains,1
horizonte,1
sein,3
singapore,6
whole,1
truth,3
arizona,2
memorial,4
shaalan,1
museum,6
finals,1
gael,1
monfils,1
jovicevic,1
satellite,1
launch,1
vehicle,1
el-bared,3
philip,1
morris,1
erekat,2
resit,1
isik,1
turkmens,1
budget,1
santa,1
monica,1
journal-constitution,1
shuja,1
barthelemy,1
mozambique,1
chissano,1
manifesto,2
protests,2
torture,1
caroni,1
abdel-rahman,2
jela,1
franceschi,1
palace,5
eu,2
moya,1
arbitration,3
sport,6
kenteris,1
ekaterina,1
thanou,2
miners,1
metal,1
galan,1
message,1
bank-based,1
bahrain,1
kuwait,1
dhabi,1
officer,1
forward,1
buduburam,1
refugee,3
camp,4
terrorism,2
al-haiman,1
imad,1
moustapha,2
road,2
saparmurat,1
nyyazow,1
berdimuhamedow,1
pang,1
ki,1
telescope,4
dumarsais,1
simeus,1
priscilla,1
owen,1
stampa,1
counter-terrorism,2
finland,2
parish,1
raymond,2
azar,1
unification,1
communism,1
compound,2
channel,3
taliban,5
blitz,1
adamantios,1
vassilakis,1
charter,1
correspondents,1
club,4
marcelo,1
antezana,1
pyramids,1
nest,1
cube,1
shabab,1
sunna,3
waljama,1
figueredo,1
frias,1
chamber,2
truck,2
ba'th,1
heights,1
western,4
hemispheres,1
caliph,1
cologne,1
jamshidi,1
asefi,1
farshad,1
ghorbanpour,1
ould,4
lakes,1
orinoco,1
manuel,1
andijan,1
delta,4
markos,1
kyprianou,1
premier,1
ljoekelsoey,1
flying,1
islamabad,2
onyango,1
omollo,1
vahid,2
dastjerdi,1
steel,3
intel,1
pass,3
price,1
bo,1
gambia,3
everest,1
daschle,1
fighter,1
meizhou,1
star,2
poverty,3
reduction,6
growth,6
sinchulu,1
jigme,1
singye,1
wangchuck,2
khesar,1
namgyel,1
monitor,3
kiir,2
mayardit,1
propaganda,1
nicobar,3
nadu,2
andhra,2
tammy,1
stan,1
entertainment,3
tournament,3
levar,1
airport,2
dhahran,1
diamondbacks,1
braves,1
medina,1
garrigues,3
yasir,1
adil,1
suspected,2
militia,2
al-nejat,1
helmand,2
warwrinka,1
switzerland,1
counterterrorism,2
sur,1
buro,1
happold,1
associates,1
scholars,1
strategic,3
studies,5
operations,4
consulting-security,1
da,1
vinci,1
code,2
repsol,1
police,6
bode,1
zahir,1
azimi,2
chemet,1
aero-technology,1
import-export,1
industry,3
ounion,1
cooperative,1
metallurgy,1
disney,1
fiction,1
shakespeare,1
men,1
pixar,1
cable,1
maritime,4
stephen,4
hadley,3
brigadier,2
carlos,2
branco,1
cimoszewicz,1
barot,1
qaisar,1
shaffi,1
tarmohammed,1
al-hindi,1
citicorp,1
highways,1
transit,1
subcommittee,3
triple,1
ulises,1
ruiz,1
durand,1
trace,1
chinook,2
abc,1
menezes,2
square,6
lankans,1
eclair,1
moscow,1
reforma,1
nadi,1
steven,1
whitcomb,2
luther,2
junior,1
domenici,1
mujahedin,1
principality,1
liechtenstein,1
legal,1
portugal,1
region,4
qala,4
2nd,1
battalion,3
infantry,2
el-zahraa,1
etman,1
dolls,1
brides,1
figaro,1
allawi,1
free,4
bankruptcy,1
mets,1
mor-yosef,1
polytechnic,1
works,4
hindu,2
shiv,1
sena,1
zimbabwe,2
wen,4
jiabao,4
damrey,1
khanun,1
talim,1
sattar,1
qassem,1
consultative,1
nippon,2
zebari,1
lama,6
ii,1
partnership,5
motlanthe,1
eradication,1
passage,1
kanagawa,1
tandja,3
herzl,1
nazi,1
hail,1
beilin,1
indies,5
bucca,1
cetacean,1
mexico,1
djibouti,1
spectrum,2
poors,1
case-shiller,2
longwang,2
tecnica,1
particular,1
loja,1
admiral,2
dialogue,2
congresswoman,1
fattah,1
citgo,1
saint-domingue,1
domestic,1
endowment,2
bart,1
stupak,1
camila,1
domm,1
spanish-language,1
woman,1
ubs,1
habitat,1
amani,1
stand-by,1
arrangement,1
malaya,1
sabah,2
sarawak,1
borneo,1
hollywood,1
sasae,2
equality,9
jem,1
kandahar,2
joint,2
equatorial,2
obiang,1
nguema,1
baltica,2
thuan,1
uighur,1
lindsey,1
graham,1
sates,2
embassies,1
waziristan,2
faustin,1
kayumba,1
nyamwasa,1
mosul,1
life,4
peacemaker,1
teams,1
columbus,1
yada,1
adamou,1
bandaranaike,1
franks,1
jovic,1
trap,1
bernardo,1
paulo,1
cara,1
donuts,1
living,1
resources,3
operators,1
integrated,1
fatherland,1
mobile,1
unicom,1
telecom,1
mujahedeen,1
vista,1
segundo,1
pinguin,2
sa,2
ndjabu,1
integrationist,1
membership,2
chambers,1
sergei,1
mironov,1
pensioners,2
trust,6
al-zawahiri,1
province,3
saleh,1
mahdi,1
amash,1
institution,3
outdoors,1
yemen,1
salad,1
nur,3
out,1
alfonso,1
duarte,1
koreb,1
christians,5
mining,1
dufour-novi,1
khmer,1
rouge,8
pot,1
norodom,2
sihanouk,1
sihamoni,1
nicaragua,2
colom,1
petrocaribe,1
alternative,1
saint,1
oscar,1
arias,1
heraldo,1
munoz,1
ibobi,1
civilization,1
harmony,1
abdul-hamid,1
deputy,7
managing,2
henricsson,1
lawmakes,1
dinamo,1
bucharest,1
romania,1
thamilselvan,1
idrissu,1
muifa,1
thien,2
hue,2
kitts,2
toure,3
yassin,2
ramadan,2
address,1
presidency,1
fifth,1
fleet,1
plan,2
vries,1
kubba,1
train,1
awards,3
breakthrough,1
paddy,1
ashdown,1
per,1
karen,1
fed,2
engineer,1
armored,1
art,1
aircraft,1
hatem,2
high-level,1
effectiveness,1
vincennes,1
abbas,1
joe,2
sullivan,1
hubris,1
christmas,1
pop,1
maarten,3
juliana,1
cook,1
t-shirt,1
fishing,1
roed-larsen,1
beirut,1
resolution,3
festival,3
al-fitr,4
wesson,1
figure,1
skating,1
belbin,1
shariat,2
rescue,1
uk,1
insider,1
louise,1
frechette,1
jaffer,2
laxman,2
dhoni,1
kumble,2
mile,1
mrksic,1
miroslav,2
radic,1
veselin,1
sljivancanin,1
crowley,2
panel,2
heavy,2
keizai,1
values,2
zebra,2
mountain,1
thrust,1
culture,3
llagostera,1
vives,1
dynasty,1
stalin,2
encouragement,1
durbin,1
illinois,1
azad,1
poonch,1
patriarch,1
bartholomew,2
constantinople,1
orthodox,4
churches,2
squibb,1
circuit,2
b,2
genetic,1
engineering,1
biotechnology,1
farm,1
counter,1
isaf,1
chiyangwa,1
matambanadzo,1
socialist,1
integration,2
powers,2
malaria,3
chinooks,1
al-qassam,2
mint,1
hamdi,1
mouknass,1
spessart,1
student,1
mellon,1
beechcraft,1
phyu,1
ruhollah,3
khomeini,3
robredo,1
tech,1
ehsanul,1
sadequee,1
zalmay,2
khalilzad,2
legislator,1
spit,1
mediator,1
martti,1
ahtisaari,1
madrid,1
mediterranean,2
momcilo,2
perisic,4
pathe,1
productions,1
films,2
raises,1
ratners,1
rate,1
mechanism,1
polynesia,2
systems,4
wesley,1
moodie,1
mason,1
unity,4
martin,3
khamis,1
el-mallahi,1
dravid,3
sachin,1
tendulkar,1
dinesh,1
kartik,1
katrina,1
ericsson,3
zardari,3
bird,1
flu,1
reference,1
laboratory,2
fm,2
sadio,1
casamance,1
sud,1
cameroon,1
shirts,2
abdullah,8
mail,1
ukrainy,1
kujundzic,1
border,3
emirate,1
anwar,1
gargash,1
stuart,2
levey,1
kumar,1
nuys,1
young-sam,1
jagan,1
jagdeo,1
surgical,1
ceku,2
agim,1
party-led,1
janata,4
abdel,1
qader,1
jassim,1
mothers,1
gonzales,2
blues,1
fischer,1
boel,1
mongolia,3
coordination,3
atlantic,1
boundary,1
gdr,1
monument,2
daya,1
ratnayke,1
azov,1
waheed,2
arshad,2
maashouq,1
al-khaznawi,1
arbab,1
basir,1
solaiman,2
unocal,2
sepat,2
trichet,1
mowaffaq,1
rubaie,1
henri,1
poncet,1
nycz,1
inc,1
patch,1
moheli,1
curia,1
morales,1
sicily,1
mussolini,1
cardinals,2
najib,1
el-kheir,1
cairo,1
bilis,1
covenant,1
pattani,1
girl,1
mauritz,1
ab,1
m,3
electronic,1
regulatory,1
planning,1
goddess,1
railways,1
trabelsi,1
gas,1
ivashov,1
ceremony,1
chemical,1
depot,1
sunnis,1
decade,1
education,1
konstantin,1
kosachev,1
columbia,1
peters,2
eparses,2
lands,1
crozet,1
iles,1
kerguelen,1
canal,3
lawrence,2
seaway,1
hydrographic,3
rainbow,1
kenyatta,1
qar,1
liaison,1
properties,2
meadowbrook,1
investments,1
ozlam,1
fighting,1
net,1
metropolitan,1
mandarin,1
ilhami,1
gafir,1
abdelkader,1
hopman,1
stosur,1
wayne,1
arthurs,1
landmarks,1
preservation,1
ngai,1
thua,1
plus,1
export-import,1
resort,2
sharm,1
el-sheikh,2
holocaust,1
sese,1
seko,1
jorge,1
voto,1
bernales,1
paralympics,1
tianjin,2
clinic,1
decathlon,1
team,1
taher,1
al-ani,1
hanun,1
zapatista,2
hutus,1
forster,3
financial-services,1
territory,3
cyprus,1
voreqe,1
bainimarama,1
comprehensive,1
shipping,2
spyros,1
minas,1
bjoergen,1
combined,3
saderat,2
surface-to-air,1
drinan,2
husseinov,1
osce,1
otoniel,1
guevara,1
aharonot,3
vote,1
xinjiang,1
masters,1
farouk,1
abdulmutallab,1
scottish,1
delhi-based,2
fonseka,1
schroder,1
co,1
paraguay,1
feminine,1
mystique,2
caucus,1
forestry,1
fisheries,2
courts,3
dutch-shell,1
dervis,1
u.s.,4
azima,1
esfandiari,1
juan,2
ehud,1
ohlmert,1
qasr,1
patu,1
sonoma,1
al-qassem,1
inspection,2
interest,1
japan,3
thiam,1
regents,1
history,1
innovation,1
verez,1
bencomo,1
agca,1
hotel-casino,1
mandela,1
genius,1
sook,1
baaz,1
ghimire,1
chaudry,1
assistant,2
jerry,1
jennings,1
torah,2
judaism,1
hilario,1
davide,1
al-talhi,1
abdallah,1
salih,1
sughayr,1
al-aziz,1
al-khashiban,1
aziz,1
awe,1
wolde-michael,1
meshesha,1
carter,1
tie,1
boots,1
ball,1
temptations,1
zaw,1
eindhoven,1
ahronot,2
centrist,1
kadima,1
purina,1
baking,1
bahamas,1
granada,2
branch,3
long,1
morgan,2
chase,1
stanley,2
leeward,2
r&b,1
permanent,1
wahid,1
sociology,1
35-year-old,1
blagojevic,1
indigenous,1
boat,1
veterans,1
glory,1
icrc,1
ojea,1
quintana,1
supra,1
lutfi,1
jassar,1
al-rawi,1
samoa,1
tutsi,1
christian,2
knee,1
unionist,2
irish,1
recovery,1
chastelain,1
balkan,2
akihito,2
missile,2
alexander,2
vovk,1
topol,1
yar,1
rosa,1
rules,1
upper,1
big,1
parts,1
ronaldinho,1
prophet,1
lines,2
belize,1
elgon,2
beitenu,1
resident,1
rehnquist,4
regions,2
communists,1
tony,1
rezko,1
exposition,1
hawass,1
tutankhamun,1
tut,2
aires,3
remembrance,1
norbert,1
lammert,1
cooperativa,1
khashba,1
majmaah,1
sinmun,2
maigao,1
neighbors,1
burkina,1
faso,1
tomorrow,1
organiation,1
bradford,1
herbert,1
cpsc,1
bahr,1
al-ghazal,1
sariyev,1
self,1
horizons,1
belt,1
mamadou,1
issoufou,1
ismail,4
jabber,1
toyota,1
hermogenes,1
esperon,1
patek,1
hillary,2
franco,1
frattini,1
cruise,1
restless,1
menatep,2
congo,2
final,1
ratification,1
arms,1
wood,1
apondi,1
pajhwok,1
diary,2
anis,1
occidental,1
kazakhstan,1
hebron,1
kieny,1
otto,1
guatica,1
self-defense,1
ibrahim,4
al-hasan,2
shi'ite,1
nomination,1
nations-coordinated,1
baltasar,1
garzon,1
tahar,1
ezirouali,1
nationalist,2
zhuang,1
autonomous,3
magomedov,1
arabic,1
chaudhry,1
nuclear,3
andrey,1
denisov,1
maoists,1
body,1
missionaries,1
tribes,2
nipayia,1
bow,1
asir,1
ethiopian,1
amin,1
museveni,1
es,1
salaam,1
fbi,1
sleng,1
boulevard,1
elementary,1
shakespeareans,1
zaher,1
abkhazia,1
ossetia,1
millerwise,1
dyck,1
uganda,1
strategy,2
sao,1
paolo,1
anja,1
paerson,1
klammer,1
rct,1
thermo,1
fisher,1
scientific,1
suez,1
dir,2
select,1
george,1
tenet,1
ricardo,1
sanchez,1
natagehi,1
norac,1
ademi,1
lukic,1
frente,1
amplio,1
wareng,1
ladi,1
haram,2
saada,1
nick,1
houghton,2
moreno,1
glacier,1
hamid,1
arjangi,1
conson,1
disaster,3
coordinating,1
olmert,1
ethem,1
erdagi,1
ira,1
wa,1
mutharika,1
wali,3
karzai,1
bang,1
guerre,1
arbor,1
counsel,2
madoff,1
cleric,1
mohtarem,1
settlements,1
al-zaidi,1
mitsumi,1
anatoly,1
varema,1
rath,1
saifullah,1
akhtar,2
qari,1
rahul,1
detainee,1
matthew,1
waxman,1
seng,2
nosrati,1
matinpour,1
covic,1
radical,1
opposition,1
tesic,1
matabeleland,1
hargreaves,1
chair,1
ann,1
veneman,1
mohsen,1
rezaei,2
cayes,1
haro-rodriguez,1
welt,1
oecd,1
tucson,1
aleim,1
ahronoth,2
daoud,3
giddens,1
tunisians,1
said,1
masah,1
picture,1
antony,1
ambareesh,1
narain,1
yadav,1
dal,1
enterprise,1
dream,1
consulate,3
ilbo,1
gilad,1
shalit,1
statistical,1
islamist,1
seabees,1
lieutenant,1
express,1
durjoy,1
bangla,1
mu,1
guangzhong,1
asadullah,1
khalid,1
tamara,1
waaq,1
sinai,1
time,3
was,2
money,2
samarra,1
gujri,1
gold,1
schuessel,2
zvyagintsev,1
parulski,1
burn,1
gaming,1
monastery,1
ipsos,1
nature,1
kot,2
legislative,1
kung,1
wang,1
jinling,1
belhadj,1
jameson,1
grill,3
philippines,1
terrorist,1
fish,1
game,1
comission,1
mbeki,1
olusegun,1
obasanjo,1
franken,1
aquino,2
el,1
laboratories,1
patrol,1
yushchenko,1
poroshenko,1
chrysostomos,1
wiesenthal,1
odierno,1
okala,1
kappes,1
green,1
muzaffarabad,1
gambira,1
asadollah,1
sabouri,1
tata,1
field,1
vavi,1
arctic,1
oceans,1
appeal,1
ghazi,1
multan,1
faisalabad,1
khushab,1
shehade,1
hayden,3
dana,1
rohrabacher,1
machimura,1
saud,3
judiciary,5
asghar,1
soltanieh,1
ashland,1
turki,4
al-faisal,2
bandar,1
airbus,1
ataturk,1
left,1
framework,2
paulino,1
matip,1
peoples,1
georgia,1
moldova,1
lady,1
governors,1
kosumi,1
producer,1
marxists,1
yousuf,1
provision,1
kumgang,1
globe,1
reinsurance,1
cargo,1
royal,2
dahoud,1
angola,1
p-3,1
orion,2
dance,2
maliki,1
delaware,1
city,1
gateway,2
earl,1
essam,1
el-erian,1
renault,2
guocong,1
right,1
smyr,1
bagapsh,1
qaumi,2
mitofsky,1
internal,1
revenue,1
protected,1
aquarium,1
mix,1
theatre,1
sovereign,1
al-tayeb,1
al-musbah,1
osman,1
jalalzadeh,1
bian,1
tanoh,1
hamma,1
vezzaz,1
press-ipsos,1
sugar,1
alois,1
zimmermann,1
die,1
soldaten,1
avenue,1
armory,1
behnam,1
nateghi,1
42nd,1
alimov,1
alexei,1
berkin,1
yuri,1
chaika,1
xi,2
xii,1
site,2
cimpl,1
crisis,1
inquiry,1
jubran,1
al-fayfi,1
bhartiya,1
proliferation,1
sepehri,1
phantom,1
yakubov,1
networks,1
n'dour,1
white,1
assessment,1
students,1
aps,1
alamzai,1
ariana,1
test,2
deposit,1
insurance,1
bankers,1
neng,1
battery,1
medicine,1
evolution,1
alberto,1
runner-up,1
pietersen,1
aristolbulo,1
isturiz,1
monitoring,2
xenophobia,1
peipah,1
lekima,1
liang,1
guanglie,1
sochi,1
nations-sponsored,1
tracts,1
pierre,1
goldschmidt,1
propulsion,1
lak,1
des,1
forges,1
bigalow,1
guest,1
maaleh,1
radak,1
al-qaida,1
jusoh,1
cabinet,1
stewart,1
navarre,1
mullah,1
manan,1
mercosur,2
uruguay,1
sadulayev,1
ophelia,1
heritage,1
help,1
basilica,1
cisplatin,1
miljus,1
nevis,1
operating,1
leonidas,1
trujillo,1
fernandez,1
reyna,1
italy,2
treaties,1
great,2
escape,1
chow,1
typhoon,1
tb,1
as-sultan,1
professional,1
responsibility,1
zigana,1
foods,1
squadrons,1
haley,1
barbour,1
alabama,1
mississippi,1
shargudud,2
ovidio,1
susan,1
leonid,1
kuchma,1
equatoria,1
perkins,1
caufield,1
byers,1
diyarbakir,1
kurdistan,1
remote,1
refuge,1
nwr,1
rankings,1
interreligious,1
dollar,2
baby,2
actors,2
guild,2
pittsburgh,1
kandili,1
anatolianews,1
qods,1
sean,1
mccormack,1
baleno,1
cheikh,1
abdallahi,1
allegiance,1
soir,1
acosta,1
guerrero,1
asean,1
iraqiya,1
bloc,1
voices,1
global,1
kyi,1
millennium,1
goals,1
goal,1
achievement,1
mokhine,1
kyoto,1
ellice,1
clothing,1
kouk,1
gambari,1
saldanha,1
tikrit,1
adegbite,1
al-zarqwai,1
obaidullah,1
akhund,1
kitty,1
hawk,1
managers,1
prayer,1
breakfast,1
faizullah,1
kakar,1
al-youm,1
verizon,1
death,1
hennadiy,1
vasylyev,1
earthquake,1
sandwich,2
practices,1
ceremonies,1
yasar,1
buyukanit,1
tokage,1
wajama,2
kwajalein,1
atoll,1
bourguiba,1
jankovic,1
corporal,1
khayber,1
won,1
jo,1
logistics,1
somavia,1
mcchrystal,1
alain,1
pellegrini,1
adnan,2
neighbor,1
mali,1
cual,1
dacic,1
basic,1
caledonia,1
gamsakhurdia,1
jammu,1
monitors,1
sanctions,1
khamas,1
hajem,1
al-hassani,1
badr,1
allies,1
jagdish,1
tytler,1
supervision,1
natural,1
renaissance,1
lieberman,1
hawks,1
malaysia,1
pkk,1
theo,1
gogh,1
malakhel,1
construction,1
et,1
le,1
takeifa,1
railway,1
islanders,1
god,1
flashing,1
inaccessible,1
catarrh,1
kadkhodai,1
re-election,1
eduardo,1
rodriguez,1
abubakar,1
blears,1
reza,1
asghari,1
sharq,1
awsat,1
object,1
hopkins,1
meoni,1
motorcycle,1
offshore,1
annual,1
vocalist,1
elias,1
zamani,1
froze,1
mueller,1
t,1
conservation,1
seventh,1
seal,1
geoff,1
davis,1
korea,2
hornets,1
lakers,1
arena,1
kocyigit,1
arts,1
karel,1
gucht,1
shoaib,1
shamin,1
uddin,1
archives,1
cohen,1
herald,1
liban,1
gode,1
institutions,1
navfor,1
tomar,2
rodrigo,1
rato,1
nations-protected,1
huerta,1
preventive,1
birthday,1
union-latin,1
kut,1
rasheed,1
bambang,1
yudhoyono,1
google,1
hotmail,1
bing,1
qaratun,1
loyalist,1
volunteer,2
lvf,1
repertoire,1
bmg,2
explosive,1
devices,1
ieds,1
jianhao,1
gordon,1
rockets,1
cavaliers,1
warriors,1
carrier,1
rocket,1
envoy,1
convergence,2
limit,1
birds,1
!,1
troubled,1
hope,1
anti-kidnapping,1
pich,1
knicks,1
sics,1
dahir,1
aweys,1
butmir,1
baluchis,1
series,1
champion,1
boston,1
sox,1
cycling,1
atmospheric,1
detection,1
equipment-2,1
tulkarem,1
cerkez,1
ganiyu,1
adewale,1
zibari,1
lajcak,1
colombia,1
yukos,1
mohammadi,1
ashtiani,1
krisnamurthi,1
merimee,1
normandy,1
fayaz,3
halutz,2
hossam,1
zaki,1
saints,2
superdome,1
giants,1
thura,1
mahn,2
soe,1