2008,1
2012,1
games,3
operation,4
gulf,1
australian,13
kooyong,1
world,43
ashura,1
christmas,8
olympic,9
delray,1
ii,70
hurricane,9
korean,4
beijing,3
i,10
new,3
eve,1
grand,5
tennis,1
indian,1
iraq-poverty,1
summer,6
dn,1
typhoon,3
mass,4
olympics,3
earth,1
phoenix,1
mars,1
beta,1
scam,1
wilma,3
katrina,2
medusa,1
legg,1
gaz,1
u.s,1
fortis,1
memorial,1
rolling,1
tropical,2
may,1
nanmadol,1
hopman,3
paris,3
masters,1
french,1
madrid,1
carnival,1
homeless,2
tiger,2
volvo,1
ramadan,7
iftaar,1
twilight,1
chandrayaan-1,1
cold,2
london,1
peace,1
holocaust,3
revolutionary,1
euro,1
fed,1
thailand,1
pakistan,1
the,1
war,1
battle,1
mardi,2
international,1
human,1
china,1
utor,1
rosh,1
civil,1
conson,1
national,3
arbor,1
bonn,1
easter,1
passover,1
sydney,1
heineken,1
spanish-american,1
kids,2
turin,1
coming,1
all,1
smithsonian,1
parma,1
nottingham,1
wimbledon,1
jewish,1
winter,1
hobart,1
hardcourt,1
groundhog,1
candlemas,1
somme,1
armistice,1