11,2
213,2
2004,1
2008,1
2012,1
labor,18
international,215
iaea,73
european,448
u.n.,547
bilfinger,2
royal-dutch,1
shell,6
al,36
sunni,23
muslim,130
brotherhood,16
mutahida,2
taleban,542
islam,6
british,44
home,3
associated,60
ap,11
al-qaida,430
army,76
halliburton,3
asia,6
apec,16
voa,236
world,223
abac,7
australian,3
united,728
african,35
au,34
roman,21
vatican,30
taliban,258
u.s.,847
itar-tass,2
defense,87
islamist,16
northern,4
hezbollah,127
institute,8
foreign,88
american,74
organization,43
hamas,377
fatah,38
chrysler,4
merck,7
vioxx,2
abc,23
good,1
university,16
senate,114
navy,27
food,6
fao,11
islamic,78
muslims,26
xinhua,124
olympic,1
nato,471
tamil,56
tamilnet,2
sri,29
human,56
who,51
federal,35
government-funded,1
justice,58
aigle,2
etihad,1
emirates,2
department,14
white,272
lord,15
lra,12
high,25
democrats,9
house,61
g-8,7
press,3
air,21
armed,2
joint,9
si,1
council,28
india,48
guardian,10
southern,10
national,203
shaanxi,1
al-aqsa,26
center,8
popular,17
palestinian,14
shi'ite,48
transportation,4
cia,98
centers,1
cdc,5
latgalians,1
eu,366
china,60
health,32
abu,67
reuters,75
russia,28
black,12
ukraine,34
moscow,9
egypt,70
minuteman,3
washington,35
central,57
bank,26
colombia,6
el,6
red,40
new,164
liberal,4
fox,22
green,10
inter-american,10
france,18
yekhanurov,2
state,245
burma,13
aung,1
nippon,1
representative,4
iowa,2
general,152
pinochet,1
south,45
mercosur,6
venezuela,15
argentina,5
brazil,8
paraguay,6
uruguay,11
social,24
abdul,3
kabul,40
western,53
baathist,3
iran,27
iraqi,7
oil-rich,9
delta,39
nigeria,17
kindhearts,3
israel,40
athens,2
iraq,5
kadima,1
conservative,2
afghanistan,25
google,24
west,214
damascus,9
syria,5
secretary-general,5
pakistani,4
eastern,5
berlin,3
iron,1
denmark,7
iceland,2
pentagon,59
dia,2
aclu,1
voice,13
georgia,9
japan,18
kamal,1
atomic,5
mississippi,2
palestine,8
basque,4
eta,34
la,4
spain,15
the,268
itv,1
beijing,7
albania,1
croatia,2
macedonia,1
protection,1
protect,9
radio,17
eln,16
prophet,32
hiv,30
israeli,1
hurriyet,1
yukos,53
sunnis,4
tehran,106
america,12
swat,11
khawaza,1
manouchehr,3
soufriere,1
kars-akhalkalaki,1
mid-1990s,3
madagascar,2
growth,4
britain,8
kurdistan,33
pkk,64
deutsche,1
dixie,1
a.j.,1
20-year-old,1
nld,10
khartoum,14
amnesty,25
religious,2
herald,6
wall,9
crimea,1
germany,18
constitutional,6
gush,1
representatives,2
panama,7
weightlifting,1
turkey,112
iwf,1
federation,14
valerie,3
security,80
commission,13
king,39
maoist,10
prachanda,1
congress,172
fta,2
cbs,12
peace,12
tel,14
fbi,25
fallujah,3
boston,2
sudan,38
spla,6
sudanese,1
singapore,36
kuwait,15
vietnam,14
nepali,4
chilpancingo,1
specialist,1
platero,1
grand,7
al-jazeera,22
bush,29
gaza,47
karen,8
fishing-rich,1
arlington,4
commonwealth,13
guam,3
nbc,6
canada,11
italy,25
sweden,26
kazakhstan,4
group-a,1
group-b,1
finland,4
switzerland,2
czech,1
slovakia,2
latvia,1
revolutionary,33
farc,52
e-commerce,1
poland,8
oecd,8
emu,3
uk,58
regional,2
32-year-old,1
shurpayev,1
north,31
parliament,33
oil,3
communist,24
nahal,1
qabail,1
interior,36
rally,1
citroen,1
kam,4
muttahida,5
mqm,11
awami,6
ivory,10
interfax,11
kryvorizhstal,2
information,18
anatolia,3
mediterranean,1
association,22
saudi,28
macarthur,1
globovision,2
cnn,33
bbc,22
sahafi,1
official,1
baluch,8
gazprom,32
's,33
fm,8
supreme,109
georgetown,3
california,15
medecins,2
save,5
afp,29
nasa,53
malam,1
seoul,10
wildlife,1
marines,23
reporters,8
kurdish,15
hunt,1
alliance,11
al-rai,2
qom,1
bulava,1
commerce,23
kremlin,30
survey,1
salafist,6
sunday,3
marine,19
blondie,1
a&m,1
christian,13
merkel,1
saddam,44
ba'ath,1
yuganskneftegaz,4
ethiopia,12
eprdf,4
philippines,13
un,56
philippine,43
niue,3
nobel,25
cyclone,7
union,13
grenada,4
hurricanes,3
thomas,1
democratic,58
kyrgyzstan,3
secretary,2
group,42
saarc,3
ansar,3
embassy,10
exporters,1
chookiat,1
bloomberg,16
islamabad,8
pakistan,47
texas,10
muhajer,1
universal,3
nuclear,17
anc,8
mbeki,1
ban,4
dawei,1
knu,1
telesur,3
verkhovna,1
open,13
phnom,5
microsoft,26
hanoi,2
intel,12
weekly,2
blantyre,1
alexei,1
choe,1
schwarzenegger,2
akbar,2
guardians,1
munich,8
canadian,2
baidoa,2
igad,1
westerners,8
recife,1
petroleos,4
pdvsa,7
twitter,4
facebook,4
colonel,11
mengistu,1
joseph,2
coast,11
martin,3
53-year-old,1
naise,1
jundollah,2
us,112
dprk,4
kim,2
wmd,1
great,9
dayton,6
g8,7
separatist,1
tenerife,4
gulbuddin,3
merajudeen,1
immigration,3
bolivia,4
movement,14
mas,3
podemos,1
constitution,3
abdulkadir,4
ural,1
emergency,2
bihar,1
seven,5
7-eleven,2
seibu,3
sogo,1
nomura,1
u.s,13
haroon,1
public,11
al-bashir,1
53-nation,1
a.u.,3
sikh,5
coalition,5
tsa,2
free,16
party,21
pyongyang,37
khalid,1
mohammed,4
cnbc,1
u.s.-based,13
chevron,4
orinoco,1
government,8
gao,2
ayatollah,7
ahmadinejad,20
major-general,2
industry,3
khin,1
frontier,3
baluchistan,6
caterpillar,2
deputy,7
and,25
cabinet,32
sam,1
bangladesh,14
unicef,14
zimbabwe,34
ministry,14
harare,3
cosatu,2
schneiderhan,1
brunei,2
carib,3
virgin,5
leeward,1
creole,4
garikoitz,1
aspiazu,1
gm,14
big,2
cerberus,1
kyoto,9
cite,2
dtp,2
kizza,1
kampala,1
bosco,1
irna,18
rowhani,1
drugs,1
lindsay,1
rumbo,2
daily,9
shaath,1
london-based,5
eritrea,9
affairs,1
duke,2
usa,7
nba,9
warsaw,6
nader,1
nasiriyah,1
koran,1
committee,25
agriculture,14
oleksander,1
cooperation,3
kjetil,1
taji,1
nfl,6
wnba,1
league,4
dodger,1
buhriz,1
dinesh,1
hatf,2
southeast,3
greece,10
yangtze,2
indian,3
kashmir,22
gloria,1
treasury,21
taiwan,10
ayman,2
ghad,1
noaman,1
wafd,1
nour,1
opec,49
transport,2
triumf,1
riza,1
uganda,16
riyadh,5
wto,22
sinhalese,2
ceylon,1
liberation,12
ltte,5
norway,14
belarus,17
imf,64
common,1
malaria,2
massachusetts,3
sahibzada,2
kurram,2
macedonian,1
mia,1
vintsuk,1
office,4
special,2
nato-led,8
isaf,14
wal-mart,9
tupac,2
vines,1
purple,1
patriot,5
television,6
kgb,1
wfp,21
biakand,1
major,9
services,5
front,1
pascal,1
heirs,1
stabilization,3
communications,3
kuala,2
taro,1
admiral,2
caucasus,3
al-nida,1
kibo,4
dextre,1
post,14
tf-121,2
mexico,14
pri,4
andres,2
imam,3
mid-august,2
darfur,44
team,1
junoon,2
ethnomusicologist,1
negroponte,13
mirwaiz,1
putin,13
eugenio,1
anp,3
ldp,1
yomiuri,1
jamaica,2
jdx,1
27-month,1
golding,1
al-shabab,6
fema,12
bulgaria,1
bedouin,3
khyber,6
edward,2
kennedy,8
associates,2
jerusalem,4
brigadier,7
drc,23
fiat,3
opel,4
cuba,10
nsa,6
hakimullah,1
traian,1
basescu,2
yushchenko,28
students,1
turin,18
kissem,1
schwarzenburg,1
ramallah,9
wikileaks,2
beirut,5
arab,10
darmawan,1
agency,2
vadym,1
yanukovych,12
ottoman,12
civil,7
pittsburgh,2
atlanta,4
saint,7
jets,2
san,1
seattle,1
falcons,1
rams,1
super,2
indianapolis,2
philadelphia,1
minnesota,3
osce,4
kojo,3
npp,1
ndc,4
conocophillips,5
conoco,1
exxonmobil,8
study,9
cpa,2
luxembourg-based,1
aids,37
kiev,11
for,3
cold,3
hindu,7
sheikh,3
diyala,1
nineva,1
fallujans,1
lebanon,2
fisher-price,1
abqaiq,3
pacific,6
scottish,2
uzbekistan,9
jakarta,2
pulikovsky,1
illinois,5
talabani,2
amman,5
simon,1
iwc,1
oas,8
mehlis,2
abayi,1
parasol,1
ge,2
holy,10
kano,2
coretta,2
el~tiempo,1
senators,2
sununu,1
mullah,14
tony,8
mall,1
rosneft,3
yuganskneftegas,4
french,28
spin,12
boeing,27
sudeten,1
ruthenians,1
ukrainians,1
third,1
thai,1
siam,1
people,16
ppp,6
anti-thaksin,1
democrat,6
asean,17
udd,1
togo,2
hipc,8
fdi,3
maastricht,1
transparency,4
organizing,1
falash,2
law,1
lehava,1
muttur,1
tariq,1
azizuddin,2
commissioner,4
don,1
republican,32
captain,6
ioc,18
diamond,1
antwerp,2
naankuse,1
likud,6
diouf,2
kooyong,1
louisiana,3
ankara,2
neve,1
mowlam,3
nourollah,1
conference,4
chancellor,3
airbus,15
kathmandu,3
mujaheddin,1
al-qaeda,2
sadr,2
mahdi,1
westminster,2
care,11
challenger,2
byrd,2
bild,3
der,2
focus,1
broadcasting,3
church,1
archbishop,2
disasters,1
haniyeh,1
noranit,1
sigou,1
kosovo,30
transocean,1
trident,1
mughal,1
costa,9
mprp,4
duc,1
mpp,2
waemu,1
highly,4
policy,1
millennium,13
islamists,5
abizaid,2
nato-russia,3
lazarevic,1
a,4
pbs,2
abdel,3
six-party,1
8,000-strong,1
gerhard,1
typhoon,16
lahore,5
kumar,1
thilan,1
tharanga,1
coordination,4
oxfam,6
citgo,2
agence,1
john,5
mccain,15
dongfeng,1
nangarhar,1
nationals,1
falun,1
ramzan,1
lashkar-e-jhangvi,1
agricultural,1
ushakov,1
amisom,2
righteousness,2
u.n,3
khost,2
ronco,1
shan,7
royal,20
brussels-based,1
prince,12
federated,1
blues,3
troop,1
scimitar,1
sandhurst,1
g-20,3
jerzy,1
nie,1
andean,1
swazi,1
mbabane,1
karzai,5
erez,1
shalom,1
yanbu,1
howlwadaag,1
hizbul,2
anglo,1
anti-corruption,1
cong.,1
revolution,2
sughd,1
ssr,1
partnership,2
hart,3
janjaweed,1
westland,1
mad,1
usda,1
cow,1
karachi,3
meteorological,1
karrada,1
socially-conservative,1
pan,4
mls,3
rae,1
jemaah,5
faith,1
life,3
kenya,6
us-based,1
raila,3
rangoon,8
solar,1
kony,1
yasser,12
wafa,1
atmospheric,1
project,4
25th,2
qais,1
maale,1
baghdad,6
monuc,1
tibet,26
lhasa,4
brussels,1
cis,1
soviet,1
bakiev,2
niamey,1
tomb,1
of,30
duchess,2
stella,1
22-year-old,1
roddick,1
atp,2
starmagazine,1
kibaki,5
wachira,1
hague,9
los,9
colt,1
wta,5
udf,2
sourav,2
aksel,1
slobodan,1
aleksandar,1
branislav,2
1,850,1
colombo,3
finance,3
snoop,1
sean,1
diddy,1
combs,1
hong,1
pashtoonkhwa,1
anglican,1
alpha,3
yonhap,6
sbs,3
cannes,6
business,1
abd-al-nisr,1
magyarization,1
issas,1
ismail,1
school,1
tal,11
g7,3
taylor,1
burns,4
service,6
murtha,1
ulus,1
mainstream,3
icc,3
benin,5
court,18
ahmad,2
alfredo,1
citizen,1
refugees,2
volodymyr,1
syvkovych,1
myanmar,2
pak,2
pirates,2
shrek,1
bourj,1
cayman,6
fire,2
de,4
kuril,2
paramount,1
enhanced,1
arawak,1
,,11
curacao,4
kingdom,8
luay,1
taher,1
pilgrim,2
mdc,9
gustav,2
ramush,1
haradinaj,4
future,3
rosa,1
assad,3
americas,8
sevilla,1
middlesbrough,2
uefa,5
barcelona,1
arsenal,1
atilla,1
essebar,1
moammar,1
kasuri,1
abkhaz,3
bagapsh,3
tbilisi,1
62-year-old,1
attorney,2
electoral,3
independent,7
meet,1
kcna,8
indonesia,14
nias,3
sumatra,1
crips,1
icg,1
tzotzil,1
washington-based,3
american-islamic,2
sabah,2
uttar,3
vaccines,1
imad,1
veronique,1
carter,2
gspc,1
yemen,12
qatar,18
bahrain,13
make,1
kfc,5
kentucky,1
maoists,6
immigrants,1
sangin,2
jama,1
shi'ites,1
juvenile,1
florent,1
sky,2
shigeru,1
krzysztof,2
skubiszewski,4
herat,1
fnl,2
eid,5
idb,2
cr,1
cathay,1
mustapha,1
palmer,1
dujail,1
aceh,11
kurds,10
turkmen,4
empire,3
economic,7
suriname,4
small,1
refugee,1
n.r.c.,1
muslim-croat,6
serb-run,1
cyprus,19
deh,1
itu,1
eutelsat,2
apple,4
windows,1
shaab,1
askar,3
akayev,5
tcdd,2
fatah-controlled,1
drove,1
25-year-old,1
alpine,1
ghazala,1
help,1
estonia,1
ernesto,1
tropical,6
debby,1
teshiktosh,1
samuel,1
catholics,4
jang,1
petrobras,1
barack,4
ogaden,1
timex,3
napoleonic,2
morocco,9
fsm,3
trust,2
equatorial,4
extractive,1
montreal,2
timidria,1
alassane,1
investigations,1
racism,2
vorotan,1
gholam,2
indiana,3
austria,3
syrian-lebanese,1
bakassi,1
advancement,1
nam,1
unlike,2
muslim-majority,2
netherlands,4
serbia-montenegro,1
shin,1
uda,1
assadullah,1
logar,1
oxford,1
rafik,1
hariri,2
mcdonald,8
times,18
solomon,2
base,1
younus,1
epo,1
academy,5
ecowas,4
faure,1
gnassingbe,9
galaxy,1
u,7
eilat,2
armorgroup,2
magna,2
class,1
toronto,1
37.5,1
grenadines,4
crnojevic,1
basuto,1
ellsworth,1
kfm,1
ecuador,2
literature,1
kinshasa,6
rwanda,19
zoellick,2
rio,5
kissufin,1
khan,1
somalians,1
disease,1
football,3
lisbon,1
second-in-command,1
ettore,1
workers,4
plo,2
bp,15
abuja,3
reutersnews,1
najaf,1
togolese,3
39-year-old,1
moutaz,1
almallah,1
mohannad,1
montedison,3
erbamont,2
upper,2
polisario,8
genoese,1
crab,2
pharaohs,1
fifa,29
bordeaux,1
nagpur,1
hartford,1
scheffer,2
solo,1
indian-controlled,1
seventeen-year-old,1
mattoo,1
orthodox,8
isi,1
rockets,2
english,6
hubble,8
hillary,1
sambadrome,1
fed,12
owen,1
accordance,1
hutus,2
military,3
el~universal,2
jammu-kashmir,1
geo,3
olympics,2
jenin,1
wpmf-tv,1
ekmeleddin,3
banny,3
esmatullah,1
dea,1
goody,1
belgium,3
turkmenistan,4
ashgabat,1
caspian,3
hungary,9
federally,2
fatas,1
development,3
prague,1
melbourne,2
juma,2
agha,1
mumbai,1
kwame,2
s,3
amanullah,2
aiyar,1
48-year-old,1
hughes,3
canary,1
gran,2
mlada,1
yasukuni,4
hrw,5
endangered,3
raziq,1
bugti,1
alasay,1
canal,2
wa,1
granma,2
tuz,3
max,1
australia,7
noordin,2
tigers,3
mullaittivu,1
masahiko,1
all,3
integra-a,1
integra,2
hallwood,2
cleveland,3
yugoslavia,1
petroleum,2
fund,5
idps,1
norad,3
vigilant,1
lieutenant,7
drik,1
alaeddin,1
inayatullah,1
bhat,1
baath,4
florida,1
marlins,1
yad,1
jews,4
roma,1
gypsies,1
republic,3
icrc,5
militant,4
delray,2
ethiopian,5
jemua,3
badr,1
sana,4
time,4
nationalist,5
glaxosmithkline,3
andrej,1
executive,3
frenchman,2
indonesia-based,1
hasyim,1
muzadi,1
itno,1
glen,1
kempthorne,1
kalashnikov,1
duma,2
hutu,15
dubai,6
doncasters,1
santiago,1
war-torn,1
asian,10
ramadi,2
yuganskneftgaz,1
rogers,1
efta,4
tax,3
model,1
double,1
seventh,1
paris-based,3
wat,1
ariane,2
transatlantic,1
yunnan,1
yanjin,2
yahoo,6
quarter,3
teikoku,1
prosecutor,5
del,1
radovan,5
william,4
zacarias,1
moussaoui,1
muteiry,1
mara,1
ms-13,1
brandenburg,1
whaling,1
rctv,12
beit,5
moussaieff,1
jalal,2
tareq,1
bermuda,3
mid-2000s,1
gilbert,3
expediency,2
izzadeen,1
catholic,11
blabague,1
parties,2
hurriyat,3
mid-december,1
cameroon,7
moody,1
380th,1
operation,6
mizhir,1
women,2
ambassador,6
senior,3
macy,2
tradition,1
strategic,6
father,2
h5,1
kfar,2
mahee,5
kevin,3
imf-world,1
haiti,2
toufik,1
meknes,1
harmeet,1
sooden,1
luis,3
carriles,2
cubana,1
1st,2
citadel,3
fidelity,1
valley,4
casamance,2
mfdc,1
socialist,9
hp,2
compaq,1
minsk,1
alexander,2
bernard,1
media,2
shatt,1
bulba,1
baikal,2
ukrgazenergo,1
naftogaz,2
rosukrenergo,1
canberra,2
afl-cio,1
youtube,5
mohammad,1
asif,4
firat,1
newsweek,1
northwest,4
eduard,1
minustah,1
anatolian,1
naval,2
sabbath,1
yosef,1
judaism,1
noble,3
nablus,3
hainan,1
reed,2
euro,2
bundesbank,1
nazi,4
tutsis,4
patriotic,1
rpf,2
zaire,2
congo,2
honest,1
freedom,5
belo,1
10-member,1
savigny-sur-orge,1
lyon,2
uss,6
hazem,1
erkinbayev,2
queensland,2
sajida,1
al-rishawi,1
karadzic,6
cartosat-1,2
hamsat,2
polar,1
pslav,2
nahr,3
consulate,1
altria,1
afren,1
saeb,2
mehmet,2
congressional,2
cbo,1
country,2
ca,1
hospital,1
ministries,1
energy,5
draskovic,1
jessen-petersen,1
khair,1
nouakchott,2
bongo,1
frelimo,3
mozambique,2
renamo,1
joaquim,1
correa,1
il,2
liaoning,1
bagram,7
inter,2
correo,1
asia-pacific,12
cleric,1
lendu,1
hampton,1
nenets,1
carlos,1
chennai,1
konstantinos,1
kenteris,2
thanou,1
iaaf,1
250,000-member,1
mena,4
dn,1
aircraft,1
muzaffarabad,6
arizona,3
cfco,1
journalists,3
fnj,1
uae,3
ford,10
way,1
ghana,2
gomoa,1
undersecretary,1
umm,2
ateret,1
unamid,1
moustapha,1
cable,3
elco,2
ec,3
mary,1
silk,2
ussr,10
gurbanguly,1
nyyazow,1
cook,3
province,1
haitian-born,1
judge,8
christianity,2
tikrit,1
riga,1
vermilion,1
revava,1
disney,6
basayev,3
housing,3
bird,1
water,1
presidential,1
ahlu,3
jeny,1
figueredo,3
oshkosh,2
qaboos,1
golan,1
mid-april,1
alireza,1
soheil,1
asefi,1
ghorbanpour,1
isselmou,1
lopez,1
prd,1
institutional,1
merida,1
mest,1
maverick,1
guard,3
dakar,4
danube,1
mebki,2
roar,1
ski,1
ljoekelsoey,1
yazidis,1
allied,4
burundi,7
somali,5
somalia,2
khamenei,1
marzieh,1
euphrates,4
toe,1
mid-october,1
nib,1
wilma,2
mount,5
minority,1
pennsylvania,1
111th,1
xingning,1
npt,3
travelers,1
lesotho,6
interim,3
sacu,6
treaty,3
bhutan,1
unhcr,2
jigme,1
salva,2
moro,3
milf,3
16-year,1
u2,3
andaman,2
pondicherry,1
kerala,2
tammy,2
wizard,3
mgm,2
spyglass,1
rocket,1
cairo,2
sydney,4
co-conspirator,1
jeddah,1
anabel,1
medina,2
ira,10
culture,2
maulvi,1
muhammad,5
morgenthau,1
kandahar,7
broad,2
havana,1
state-nominee,1
gallup,1
uighur,3
isro,1
salvation,1
sayidat,1
ecolog,1
stanilas,1
banco,1
gm's,1
toyota,2
das,3
hok,1
robert,1
aquatics,1
a.l.,2
primerica,4
williams,5
heavily,4
multilateral,3
three-year,2
unrwa,1
dog,2
celsius,1
lapd,2
zibo,1
hongdu,1
technical,1
limmt,1
walt,1
filmyard,3
pulp,1
old,1
mid-march,2
auc,3
wlodzimierz,1
dhiren,1
nadeem,1
barot,1
esa,1
prudential,5
homeland,4
governor,2
commander,1
inforadio,1
daylam,1
intelogic,5
datapoint,1
mw,1
idf,1
mossad,1
ch-47,1
tishrin,1
market,2
jean-charles,2
tashkent,2
mid-september,1
reebok,1
nord,1
keesler,2
bashkortostan,1
wolong,1
visits,1
paseo,1
ghulam,4
rafah,9
pete,1
ak,1
&,2
telerate,6
liechtenstein,4
confederation,2
mutual,1
macau,4
huthi,1
salih,1
eagle,9
musa,3
nightline,1
502nd,1
101st,3
posada,5
ex-soviet,1
lukashenko,7
fatma,1
guys,1
le,1
russell,1
iyad,1
bloemfontein,1
citigroup,6
shlomo,1
adb,3
hindus,3
host,2
holocaust,7
premier,4
airasia,1
am,1
hoshyar,1
equus,4
boers,3
kgalema,1
santos,3
uribe,1
drug,2
mamadou,2
tandja,4
nigerien,1
theodore,1
zionist,1
neo,1
steyn,1
peninsula,2
camp,1
aig,6
buddhist,8
censorship,1
zambia,1
reform,1
thales,2
standard,4
banda,1
usaid,3
geneva-based,1
kenyon,2
chaka,1
society,1
chasseurs-volontaires,1
gross,1
carnegie,2
sahrawi,1
camila,1
trio,1
mario,2
grammys,2
univision,1
gypsy,1
lehman,1
grammy,1
honduras,4
nicaragua,2
dominican,1
mv,5
rafiq,1
poverty,2
malay,1
malaysia,2
cirque,2
access,2
bamako,1
7,000-member,1
koreas,2
kenichiro,2
jem,2
zakayev,1
kandill,1
teodoro,1
via,2
ninh,1
congressional-executive,1
hofstad,1
financial,5
nyamwasa,3
oberhausen,1
christopher,1
postal,1
alzouma,1
gabon,7
anura,1
kumaratunga,1
retired,1
tommy,2
renault,3
ivo,1
wolf,6
artur,1
sao,2
sharia,1
dd,4
unicorp,2
kingsbridge,1
dunkin',4
cara,1
multi-fiber,2
closer,1
cepa,1
polynesian,1
tokelau,1
conservation,1
antarctic,6
ccamlr,1
antarctica,1
iaato,1
sim,1
buena,1
compay,1
memin,2
manhattan,1
floribert,1
truth,1
dwain,1
rodina,2
mironov,2
wimbledon,3
ordina,1
radisson,1
cppcc,2
hekmatyar,2
hoop,1
germ,1
anthrax,1
huda,1
geneva,3
brookings,1
ashkelon,1
sderot,1
mohamud,1
duarte,1
hamesh,1
newmont,3
twa,1
guinness,1
elah,1
savin,3
angkor,1
khmer,7
pol,1
falklands,1
alvaro,1
bolivarian,1
metro-goldwyn-mayer,1
ppr,1
yves,1
shinui,1
arias,2
citizens,1
cafta,6
serbia,10
okram,1
kumble,1
continental,8
southwest,1
mohsen,3
bakiyev,4
first,3
provisional,3
ulf,1
consumer,1
champions,1
betar,1
everest,1
promise,1
s.p.,1
millenium,2
haruna,1
humanitarian,1
thua,1
muifa,1
hadson,2
sekou,1
guinea,1
mekorot,1
rabat,2
taha,2
ramadan,4
gijs,1
tulane,1
krasnodar,1
ghalib,1
basra,1
thailand,2
tour,1
soul,1
idol,1
ler,1
csw,2
karkh,1
ogero,1
16th,1
whitney,2
commercial,1
malwiya,1
accra,1
aid,1
bandar,1
mali,6
imperial,3
eve,1
manger,3
christmas,3
heritage,1
pop,4
sint,3
princess,1
dpp,2
mutharika,2
environment,1
terje,1
smith,1
tanith,1
juan,1
england,9
eden,2
wasim,2
v.v.s.,2
laxman,1
mahendra,2
anil,2
waw,1
p.j.,2
intergovernmental,2
climate,2
fuji,4
nihon,1
daimlerchrysler,4
quagga,2
plains,1
utah,2
nuria,1
bogota,1
rms,3
romanov,1
iosif,1
communism,2
spencer,1
cricket,1
dick,1
hudur,2
bakool,2
masorin,1
jammu,1
udhampur,1
10-nation,1
nations,1
ecumenical,1
patriarch,1
constantinople,2
al-zarqawi,1
briston-myers,2
gilead,1
concertacion,1
harvard,2
presidency,1
alito,10
wali,1
marriott,1
huygens,2
qureia,2
abbas,3
44th,1
nebraska,2
alimport,1
non-aligned,1
philip,1
tendai,1
ngos,3
meridian,6
mcalpine,4
plc,1
lsi,1
sp,1
communists,1
prgf,2
tsarist,1
recording,1
johnson,1
tak,1
ezzedin,1
thaksin,2
bangkok,1
tolo,3
char,1
citi,1
community,2
naha,1
fsg,1
phyu,1
adelaide,1
robredo,1
dhaka,1
19-year-old,1
kambakhsh,1
mainland,1
farewell,1
greens,2
real,1
dj,1
ratners,5
weisfield,3
seychelles,7
eff,1
erm2,1
swiss,3
unified,2
escravos,1
legg,1
moodie,4
research,3
aston,1
nasser,2
el-mallahi,1
jaffer,2
rahul,2
opener,1
dravid,3
tendulkar,1
bush-clinton,1
sony,10
nsc,1
dreamworks,1
lebeouf,1
sud,1
salif,1
sadio,2
election,3
luanda,1
kremlin-controlled,1
predrag,1
kujundzic,2
customs,1
madhav,1
van,1
constituent,3
cheddi,1
bharrat,1
task,2
corruption,2
spratly,1
mobile,1
mash,2
dmitry,1
agim,1
ceku,2
alvarezes,1
bharatiya,2
desmond,1
beslan,2
alberto,1
rhythm,1
mariann,1
inner,3
interstate,1
us-visit,1
starbucks,1
hear,2
namibia,4
windhoek,1
swapo,1
irrawaddy,2
midwest,4
temporary,1
tsz,2
eritrea-ethiopia,2
eebc,1
frg,1
achilles,1
radicova,1
lion,6
bull,1
vanallen,2
blue,1
basij,1
sea,1
yekiti,2
sgrena,1
rajah,1
christians,4
cnooc,3
unocal,3
sepat,1
kurd,3
jean-claude,1
boao,1
force,1
kazimierz,1
coleco,3
ranger,1
cabbage,1
anjouan,1
comoros,3
comoran,1
pope,1
evo,1
morales,1
sardinia,1
benito,1
eec,2
at&t,2
college,2
vienna-based,1
easter,1
ilo,3
guangdong,1
bilis,1
narathiwat,1
material,1
hennes,1
h&m,1
h,2
washington-area,1
nizar,1
trabelsi,1
yuschenko,1
ansa,3
leonid,1
ivashov,1
arafat,8
lent,3
vx,3
newport,1
pictures,1
guber,2
warner,2
iles,3
lands,1
taaf,1
mcc,1
kiel,1
bosporus,1
kanu,4
narc,2
uhuru,1
orange,3
odm,1
odinga,1
dhi,1
unification,2
sara,1
sanabel,1
hotmail,1
fortinet,1
rivers,1
rachid,1
eight-nation,1
samantha,1
quang,1
sharm,2
mobutu,2
uspi,1
win,2
17th,1
chengdu,1
chongqing,1
urumqi,1
v-150,1
citibank,1
mayo,1
mosul,1
zapatista,4
chiapas,1
moderate,1
xerox,3
crum,3
mid-1980s,3
commodore,1
bainimarama,1
daimler,1
uige,4
suna,1
7,000-strong,1
alloceans,2
marit,1
nordic,3
multi-target,1
bhubaneshwar,1
reverend,2
elmar,1
pflp,1
rolando,1
yediot,5
sharon,1
turkestan,2
tennis,1
umar,1
abdulmutallab,1
mid-june,1
pro-independence,1
opposition,2
katowice,1
sarath,1
fonseka,2
upjohn,9
wertheim,1
eskom,1
spanish,1
triple,1
chaco,1
celtic,1
ulster,2
emmy,1
feminine,1
kyodo,2
conviasa,1
petrochina,1
canaries,1
mayon,1
kemal,1
11th,1
parnaz,1
u.s.-funded,2
azima,2
haleh,1
prime,1
ilham,1
somalis,1
napa,2
ezzedine,1
aia,2
tidjane,1
prosperous,1
kirkuk,4
wilmington,1
latin,1
medicine,1
smithsonian,2
institution,1
tech,1
vicente,1
verez-bencomo,2
agca,4
caesar,1
colosseum,2
a.w.b,1
nelson,1
botswana,1
champion,1
cattle,1
hill,3
negotiator,1
kheyal,1
gardez,1
cantarell,1
bhaikaji,1
discovery,3
abdali,1
natanz,2
kerem,1
yaracuy,1
mutua,1
deshu,1
cpp,2
rangel,1
terrorism,1
allegiance,1
saud,2
kuduna,1
jewish,1
days,2
aena,1
casablanca,2
stanford,1
insein,1
greek,1
chevrontexaco,2
ratko,2
psv,1
fitch,1
aa,1
bbb,1
olmert,8
lbc,1
ralston,6
eveready,1
taino,1
inca,1
viceroyalty,2
manila-based,1
aref,3
confederations,3
pro-western,2
vinh,1
j.p.,1
multi-platinum,1
mtv,7
34-nation,1
yoadimnadji,2
doctors,3
golo,1
u.n.-african,1
razumkov,1
vidoje,1
blagojevic,1
embera,1
pro-al-qaida,1
hitler,1
pickens,1
swift,1
mehdi,1
artillery,1
tomas,1
rakhine,1
police,1
bayfront,1
ali,3
jassar,2
zetas,3
zeta,1
caroline,1
wetlands,2
xijing,1
claire,1
protestant,2
assets,1
details,1
chrysanthemum,2
emperor,2
rs-12m,1
kapustin,1
santa,1
knesset,1
g-capp,1
massey,2
ansip,1
centre,1
juhan,1
tsunami,1
year,1
roseneft,2
recep,2
erdogan,1
adhamiyah,1
bombay,2
caracas,2
mahinda,1
weah,7
sabaot,1
yisrael,1
undp,1
geological,1
jackdaw,2
daw,1
socialists,1
timoshenko,1
antoin,1
rezko,4
zahi,1
buenos,3
chile,1
nazis,2
luton,1
solaiman,1
novin,2
mesbah,2
nicobar,2
nodar,1
khadjimba,2
kashmiri,1
kharj,1
rodon,1
boko,3
safta,1
roche,3
iiss,1
tall,1
kifaya,1
tuberculosis,1
darfuri,1
rizeigat,2
akylbek,1
sariyev,1
junta,1
kuiper,1
mahamadou,1
jabr,1
hajj,1
musharraf,8
diwali,2
volkswagen,1
tuareg,2
dulmatin,1
carnival,2
laos,1
yankee,1
lashkar,1
mikhail,1
start,1
pepsico,4
yale,1
douglas,1
muga,1
apondi,1
rift,1
afghani,1
kasai,1
whistler,1
darkazanli,1
marie-paule,1
management,1
amazon,2
heroes,1
sabawi,2
jvp,2
ohio,1
arkansas,1
baquoba,1
guangxi,1
umalat,1
u.s.-run,2
cairo-based,1
iftikhar,1
chaudhry,3
lower,4
mujahedin,1
biden,2
dna,2
cud,3
uedf,1
idi,1
yoweri,1
tanzania,1
dar,2
tuol,1
hobart,2
jennifer,1
1990s,1
fldr,1
folha,1
paerson,2
swede,1
franz,1
shoppertrak,1
bolton,3
tv,2
alcolac,1
vwr,1
exxon,1
secret,5
benham,1
mirko,1
reims,1
khalis,2
hornafrik,1
radical,1
left-of-center,1
pa,4
suez,1
plateau,1
kuru,1
barakin,1
kozulin,1
current,1
yaounde,1
gates,1
pelosi,1
nidal,1
telegraph,1
johannesburg,2
perito,1
berkeley,1
hadassah,2
ehud,1
u.s.a,1
bingu,1
asgiriya,1
galle,1
right,1
nom,1
nhk,2
foundation,1
madoff,1
securities,1
al-mukmin,1
al-islam,1
oil-producing,2
lucia,1
muntazer,1
gibraltarians,1
sandinista,1
ortega,1
japanese-owned,1
quran,1
star,1
key,1
treatment,1
tac,3
matthias,1
rath,1
qari,2
akhtar,3
taj,1
baba,1
yuganskeneftegaz,1
nasdaq,2
dax,3
hang,2
electricidad,1
edc,1
iadb,1
plame,1
c.i.a,1
rsf,5
somaieh,1
said,1
gasene,1
datafolha,2
nebojsa,1
covic,1
seselj,1
dusan,2
stuart,1
hargreaves,1
wen,1
les,1
augustin,1
die,1
superior,1
family,1
syncardia,1
amazon.com,1
53-member,1
yedioth,2
river,1
cfa,1
shyloh,1
mid-may,1
giddens,1
tornado,1
allies,1
arabic,1
omar,1
laboratory,1
mawlawi,1
ulema,1
motion,1
a.k.,1
m.h.,1
jayprakash,1
rashtriya,1
abu-hafs,1
chalabi,4
samho,1
joongang,1
helmand,1
arg,2
vandemoortele,1
corporal,1
meshaal,1
al-wefaq,1
professor,1
55-year-old,1
ceel,1
iapa,1
samoa,1
samoan,1
rpt,1
whom,2
bertone,1
environmental,1
mudasir,2
3rd,1
concacaf,1
car,1
origin,1
grossman,1
unlawful,1
khurul,1
non-profit,1
worldwide,1
wwf,2
shah,2
cardinal,1
youssef,1
karbouli,1
lci,1
inaugural,1
jameson,4
grill,2
benelux,1
bolshevik,1
aral,1
edsa,2
walleye,1
kowal,2
muskie,1
thabo,1
franken,1
benigno,2
capitol,1
gotovina,2
bildnewspaper,1
mwanawasa,2
abbott,3
ranbir,1
viktor,1
petro,1
tiger,1
wiesenthal,2
habib,2
journal,1
protestants,1
jean-tobie,1
okala,1
denver,2
broncos,1
trent,1
kaman,2
srinagar,1
ashin,1
gambira,1
nickelodeon,2
yucatan,4
sabouri,1
tata,7
zvakwana,1
tuvalu,5
ttf,2
trnc,1
yankees-orioles,1
color,1
zwelinzima,1
wyoming,1
safa,2
b'tselem,1
dera,4
shehade,1
taser,1
patriots,1
heathrow,1
jet,2
rohrabacher,2
goldman,1
nobutaka,1
machimura,1
jordanian,1
katyusha,1
hyundai,1
sultan,1
european-built,1
mustafa,1
ohrid,1
framework,1
cocos,1
bajaur,1
splm,2
unity,1
dans,1
baltic,1
bajram,1
freivalds,1
fda,5
pattani,1
war,1
register,1
cargolux,1
japan-based,1
chechnya,1
lunar,3
mpla,2
angola,1
unita,1
lady,1
yankees,1
steinmeier,2
p-3,1
dhanush,1
moiseyev,1
manchester,1
echoupal,4
non-muslims,3
category,1
observer,2
nissan,5
zhou,2
sergei,2
smyr,2
mujahadeen,1
parlemannews,1
edison,1
nazarbayev,2
halo,1
samawa,1
phoenix,1
uwezo,1
comprehensive,4
dhekelia,1
lithuania,5
polish-lithuanian,1
gonsalves,1
obamas,1
f.b.i,1
khar,1
sk,2
salaam,1
aka,1
abderahmane,1
tintane,1
shenzhou,4
besigye,1
al-tawhid,1
bernd,1
park,1
oleg,1
pius,3
xi,1
xii,1
man,1
miroslav,1
cimpl,1
tadic,1
getty,2
jabir,1
al-manar,3
machinists,1
bjp,2
u.s.-led,1
sahar,1
f-4,1
wmo,1
salaheddin,1
sabirjon,1
yakubov,2
youssou,1
convention,1
mandalay,1
traders,1
algeria,1
tutsi,1
east,1
wife,2
emroz,1
ajmal,1
ariana,1
rodong,1
fdic,1
nirvana,2
aol,2
tian,1
serie,1
creation,1
news,1
rfid,1
al-azhar,1
davenport,1
aero,1
pietersen,1
education,2
peipah,1
corps,3
nme,2
11-judge,1
trade,1
chittagong,1
po/psl,1
taya,1
safeguards,1
mirajuddin,1
giro,1
al-ahram,1
london,1
parma,1
khao,1
alison,1
deuce,1
ferrari,1
copei,1
diaoyu,1
thanksgiving,1
sasa,1
umurabyo,2
cac-40,1
mazlan,1
asb,2
wild,1
qantas,4
tor,1
abdul-khalim,1
maskhadov,1
acropolis,2
unesco,1
wagah,1
cse,3
museum,1
perpetual,1
hycamtin,1
miljus,2
u.n.-backed,1
ecc,2
marshall,4
rmi,2
psa,1
rafael,1
leonel,1
lateran,1
bullitt,1
york,1
stop,1
ntv,1
arla,1
mujahedeen,1
venevision,1
jose,1
acting,1
strategies,1
kuchma,1
advanced,1
abubakar,2
obasanjo,2
kleiner,1
gadhafi,1
bitlis,1
pejak,1
reserve,1
nwr,1
fish,1
refuge,1
hawaiian,1
papahanaumokuakea,1
colon,1
pontifical,1
million,2
screen,2
jpmorgan,1
istanbul,1
efps,1
maliki,1
europol,3
sidi,1
rtl,2
oath,1
cat,1
jesus,1
nhs,3
alternative,1
allawi,3
tb,2
verveer,2
vital,1
kyi,1
zanu-pf,1
chihuahua,1
baja,2
electrical,1
goodwill,1
student,2
samkelo,1
ellice,2
tonga,3
textiles,1
investment,1
tifa,1
fowler,1
political,1
hmas,1
fourth,1
lateef,1
ulemas,2
dovish,1
shas,1
akhund,1
vimpelcom,1
hexogen,1
akhbar,1
libya,1
epa,1
opening,1
cantv,1
tokage,2
wadowice,1
usaka,1
reagan,1
bourguiba,1
dicaprio,1
gojko,1
jankovic,1
?al-qaida,1
lance,1
democracy,1
gulag,2
ri,1
shipping,1
pyeongchang,1
oic,1
chad,1
1500s,1
xingguang,1
ivica,1
npa,1
tsotne,1
gamsakhurdia,1
fazul,1
hungarian,1
amadou,2
faroe,2
alaouite,1
hawiye,2
re-liberation,1
natural,1
joe,1
lieberman,1
clearing,1
nabih,1
s&p,1
segolene,1
jac,1
althing,1
paracel,2
indochina,1
garrison,1
pitcairn,1
bounty,1
wooden,1
kings,1
wednesdays,1
abbasali,1
barrett,2
asylum-seekers,1
nile,1
unasur,1
nfa,1
salisu,1
hazel,1
near-earth,1
johns,1
fabrizio,1
meoni,2
ktm,1
female,1
horizon,1
president,1
al-sadr,1
cctv,1
issa,1
boa,1
american-israel,1
nist,4
davis,1
line,1
hornets,2
lakers,1
caraorman,1
voronin,1
aie,1
viper,1
hulya,1
onerepublic,2
nevirapine,2
olpc,1
sla,1
hosoda,1
afder,1
metro,1
keck,1
summer,2
alok,1
myitsone,1
kachin,1
ramon,1
ahnlund,1
happy,1
astros,2
all-star,1
amarah,1
raouf,1
greenpeace,1
birkenau,1
susilo,1
hurriya,1
tearfund,1
msn,1
zhari,1
death,1
republicans,1
artist,1
idolwinner,1
algiers,2
improvised,1
ieds,1
beijing-based,1
gordon,1
houston,1
cavaliers,1
pacers,1
golden,2
hassan,1
sacred,1
papal,2
guatemala,3
convergence,2
queen,1
abiya,1
kiir,1
pro-moscow,1
esperanza,1
soyuz,2
chamrouen,2
kroung,1
sics,1
sarajevo,1
eufor,1
sama,1
wardak,1
deep,1
jericho,1
cerkez,4
babaker,1
external,1
jordan,1
costan,1
sakineh,1
ashtiani,1
zim,1
bayu,1
jean-bernard,1
merimee,2
dalai,1
gambia,2
isle,2
dukedom,1
fayaz,1
pluralistic,1
e.u.,1
urban,1
naacp,1
sacirbey,1
trinity,1
saints,1
thura,1