summer,1
olympics,5
olympic,2
medusa,1
war,38
open,19
classic,2
ii,14
i,17
games,13
beach,1
international,3
gustav,1
wars,2
lightning,1
freedom,1
year,3
slam,5
masters,3
cup,16
republic,1
day,15
galan,1
longwang,2
of,4
peace,2
winter,1
mars,1
odyssey,1
wilma,1
katrina,6
eve,3
mason,1
tennis,1
de,1
france,1
championships,2
thunder,1
storm,2
ernesto,1
's,2
mass,1
world,2
usa,1
series,3
colombo,1
women,1
tomas,1
tattoo,1
mission,1
donors,1
conference,4
iii,1
donor,1
steel,1
curtain,1
awareness,1
week,1
without,1
zionism,1
thermopylae,1
gras,2
human,1
rights,2
hashanah,1
under-20,1
arbor,1
tournament,1
',2
choice,2
awards,2
age,1
dean,1
england,1
club,1
kite,1
festival,1
parma,1
sabbath,1
reconciliation,1
gold,1
coast,1
league,1
championship,1
one,1