50,1
bush,64
president,2436
thomas,23
prophet,11
omar,16
khayam,2
malik,5
abdul,35
khan,27
nancy-amelia,1
tim,9
harcourt,3
foreign,23
mr.,3085
cholily,1
azahari,7
pope,44
sister,1
byzantine,1
ahmed,25
qureia,2
prime,859
major,4
general,139
adam,14
lieutenant,4
tasnim,3
june,1
amy,1
vice,81
nicole,2
dianne,1
joel,3
ritchie,1
senator,93
warner,1
deputy,5
state,3
nobutaka,2
li,14
sam,7
dharmeratnam,3
saddam,119
chairman,2
tynychbek,1
interior,4
defense,5
liu,10
joseph,26
kony,6
roger,13
tommy,5
haas,2
federer,6
kizza,3
dr.,29
john,160
regina,1
surgeon,1
rachid,1
ramda,4
yu,2
osama,65
mike,13
admiral,2
brigadier,4
alberto,7
wael,1
information,4
gene,1
sperling,3
lawrence,2
obama,76
treasury,1
william,23
rahm,1
dragan,5
radovan,7
philip,4
king,70
james,37
abu,50
al-baghdadi,2
adnan,5
moqtada,18
ron,5
redmond,1
hashem,1
saadoun,2
ibrahim,25
zoba,1
luis,18
posada,4
saud,3
agha,3
fernando,4
health,1
jens,1
wangari,1
al-zarqawi,27
mahmoud,66
barack,22
ivanov,4
silvio,3
romano,2
prodi,2
moses,1
shinzo,4
stephen,10
obeidi,1
markos,1
roche,2
margaret,15
daw,1
hms,1
bob,12
ney,2
jack,13
abramoff,7
tom,15
delay,1
hamdi,5
osman,5
augusto,10
victor,8
operation,1
manuel,8
luiz,4
somalians,1
balad,1
paul,48
donald,32
iyad,15
carol,17
mohammed,49
secretary,98
ms.,176
adil,1
saeb,7
nouri,25
mstislav,1
rostropovich,2
galina,2
andre,8
guillermo,3
xavier,2
malisse,1
florian,3
gilles,2
vince,1
lee,11
rafik,34
hillary,17
mrs.,27
aung,24
vijay,1
u.n.,5
ban,5
nambiar,1
muhsin,1
port,2
benedict,33
helmut,1
george,33
mikhail,20
chancellor,37
geir,2
national,1
junichiro,6
toshiyuki,1
raul,25
gholamreza,2
fyodor,1
oleg,1
charles,15
simonyi,2
yuri,9
miguel,4
sunita,1
daltrey,1
pete,2
townshend,1
sri,63
ismail,11
european,1
ayman,25
zawahiri,11
mohamed,31
ali,66
amiin,1
specialist,2
sergeant,6
andres,8
francisco,1
richard,34
boucher,3
chemical,1
clinton,34
shaukat,10
hamid,17
khodorkovsky,18
kurds,2
felipe,5
sixto,2
cindy,4
jupiter,7
alaina,1
nick,5
simon,10
georgy,1
laura,8
sarah,7
fuad,6
islamic,12
david,44
sierra,6
security,1
mulino,1
rio,1
carolyn,9
kofi,78
karl,5
lewis,7
olli,4
heinonen,2
krishna,2
bill,34
michael,60
jackson,6
jalil,2
ambassador,2
christopher,20
hill,6
ryan,8
ya'akov,1
alperon,1
dror,1
yoram,1
u.s.,8
allah,2
melissa,2
terje,5
brad,9
delp,2
pamela,2
rick,2
cheney,22
kevin,16
segolene,2
delphi,4
robert,42
army,2
england,9
colonel,9
rice,39
abbas,2
nabil,3
anibal,1
seymour,2
roman,26
authority,1
zarqawi,6
youssef,4
hoshyar,5
karen,9
kari,2
house,3
eric,5
holder,1
boris,5
tarasyuk,1
hassan,27
aqili,1
jarome,1
dany,1
shane,4
martin,12
daniel,18
henrik,1
ayatollah,15
kabul,21
al,10
chavez,13
fidel,36
ilyas,1
tehran,13
benon,3
rogers,3
peter,37
mento,1
hayabullah,1
yousuf,14
sebastien,2
loeb,5
petter,3
marcus,2
gigi,1
markko,1
jose,30
philippe,2
oaxaca,1
ruiz,1
raza,4
denis,3
viktor,49
agassi,8
mayor,22
dheere,1
interim,2
zuloaga,3
kate,4
madhuri,1
gupta,1
lion,8
mil,18
energy,2
judge,8
jawid,1
imad,1
rene,11
preval,8
leslie,5
ricardo,7
zelaya,1
talabani,1
joao,1
minister,202
morsink,1
damascus,8
dhia,1
sergei,19
scott,26
hussein,6
jill,17
howard,6
anderson,2
ray,5
jennifer,8
andrei,5
lopez,5
melnichenko,1
jaap,5
beatrice,1
toby,1
julian,1
rock,4
roll,3
black,1
lynyrd,1
miles,2
hall,9
herb,1
jerry,4
asher,2
franz,2
andrea,1
kajo,1
angela,16
rosneft,8
alexei,3
frances,5
staff,1
rep.,1
austin,2
gen.,5
ne,1
public,1
gates,15
sean,22
condoleezza,89
warsaw,3
jerzy,1
ayad,4
manmohan,22
farris,1
shaharyar,1
salman,5
tulsi,1
alexander,21
gotovina,4
ivan,8
mladen,3
western,45
muslim,21
ursula,3
shirin,3
abuja,3
ki-moon,1
el,11
costa,10
cameron,2
le,4
bruce,4
arena,1
connie,2
yulia,10
justine,4
francesca,1
henin-hardenne,4
nikolay,2
blake,3
andreas,4
hizbul,2
phan,1
kandani,2
ngwira,3
willy,1
valery,1
stanley,1
tookie,1
williams,6
bager,1
melinda,12
hooper,2
desi,1
bouterse,2
benjamin,12
yvon,1
jocelerme,1
aristide,3
rafiq,2
recep,13
moreno,1
sheikh,13
anil,3
meles,3
abdullahi,3
sibghatullah,1
mujaddedi,1
qari,2
mullah,23
masud,1
shmatko,1
fargo,1
mercy,1
shimon,7
mohmmed,1
thad,3
aktham,1
sunni,74
pyongyang,10
kim,45
savo,1
queen,7
juan,12
mohamuud,1
brigadier-general,1
tareq,1
aziz,4
jews,7
jama,1
eid,4
romania,1
ivaylo,1
ben,12
hamed,3
fred,5
raouf,2
tomas,4
hilda,2
vasilily,1
manouchehr,7
prince,11
jan,17
alan,16
ma,7
chen,4
elliott,1
ariel,33
salim,4
tony,47
clarke,3
mizhar,1
bin,22
presidents,1
esfandiar,1
mashaie,4
ahmadinejad,2
zamir,1
benoit,1
mohammad,27
bolton,3
milomir,1
stakic,1
leigh,2
renen,1
fathi,1
swat,1
bobbie,1
vihemina,1
wellington,1
nikolai,3
alexeyev,2
guttenberg,1
ronald,10
lisa,3
alliot-marie,2
chrysler,4
ford,6
nissan,1
renault,1
jacques,10
abdurrahman,1
grand,3
nobel,3
amir,9
sharon,6
than,6
serena,3
camille,1
karolina,1
maria,7
ashley,2
nadia,3
andy,11
wesley,1
gaston,1
jean-baptiste,2
vlado,1
yasser,8
nasser,7
arafat,1
kalameh,1
hossein,10
asafa,1
usain,1
powell,5
bolt,2
tyson,1
gay,1
krzyzewski,1
qin,3
manfred,3
cabinet,3
javier,16
tung,3
hamm,5
jakarta,2
phil,5
spector,2
devra,1
lana,3
bode,4
raich,1
rizgar,2
hutu,4
yi,4
elaine,6
epsilon,3
koksal,1
michelle,7
marc,6
president-elect,8
biden,4
carroll,11
jim,17
rafael,11
ramirez,9
paktiawal,2
mussa,2
andrew,16
myuran,2
schapelle,2
joachim,1
kakooza,1
saudi,27
arabia,2
hunter,2
radhia,1
yushchenko,4
kennedy,4
florence,3
antonio,8
nikola,2
minsk,2
nguyen,4
lagos,1
khaled,18
ronaldo,2
lori,2
berenson,5
riyadh,4
major-general,1
mitchell,10
ehud,23
sarabjit,1
singh,8
peretz,1
khalil,3
johnston,5
espersen,1
rashid,7
janice,2
karpinski,2
ricci,2
timothy,5
ratko,2
secretary-general,8
congressman,5
raad,2
tayseer,1
lubanga,5
fatou,1
stuart,5
herrington,1
roberto,5
everado,1
arturo,2
fox,4
harry,20
khamenei,4
imam,5
jihad,6
r.,1
harbhajan,2
symonds,2
brett,3
hogg,1
joey,2
dana,7
cheek,3
tusk,2
falu,2
ravi,6
brian,13
dodd,2
patricia,2
nelson,7
salvador,5
haider,3
rehman,3
gilani,1
jawed,1
islamists,1
witt,1
suleyman,1
yahya,1
aysegul,1
mubarak,4
lt.,6
asadabad,1
mohsen,3
mathew,2
democratic,2
almazbek,1
atambayev,1
absalon,2
mustafa,6
amr,6
manie,1
yakov,1
aalam,2
hayat,2
luca,2
kamin,2
nancy,4
zahar,1
adrian,1
pro,1
eduard,2
livio,1
faure,6
gnassingbe,2
lome,1
emmanual,1
karel,1
nicolas,7
choi,1
zulima,6
satterfield,1
jay,1
kompas,1
iwan,1
rois,1
namik,1
nargis,1
abdulla,1
wen,6
marinellis,1
chevron,2
gela,1
massoud,5
barzani,6
stan,3
christian,5
shilpa,4
gere,5
shetty,4
dale,4
anatol,1
anatoly,3
colin,7
beerenberg,1
pushpa,1
najib,5
hakim,1
marines,12
kai,4
gebran,2
hariri,9
mattel,4
ksusadasi,1
bassel,1
adolfo,2
downing,1
rome,4
tayyip,4
konstantin,3
qubad,1
abdullah,19
sonata,1
noordin,4
bambang,5
taha,2
shula,2
santos,1
reyes,3
hedi,1
boudhiba,3
janet,5
volodymyr,1
ulrich,1
juventud,1
phillip,2
julio,3
acosta,1
noor,1
pham,1
thu,1
satriale,1
manny,1
costeira,2
vladimir,16
kenya,11
abhisit,3
thaksin,6
dombrovskis,1
tamil,5
jon,2
saad,10
jean,8
irving,6
bobby,1
teddy,1
elton,5
lincoln,1
diaz-balart,1
hugo,13
roy,7
muammar,1
hollywood,1
nina-maria,1
perry,3
susy,2
jalal,4
angelina,1
shiloh,1
jolie,3
pitt,1
roddick,6
kathleen,3
mo,1
bertie,2
ingrid,4
ayham,1
radhika,1
cardinal,8
christa,2
susanne,5
ed,2
straw,4
siraj,2
avril,2
derek,1
selim,1
islam,13
asif,4
chinggis,1
igor,4
rood,1
mohaqiq,1
vujadin,1
daniele,4
mastrogiacomo,6
la,4
tavis,1
jean-cyril,1
karachi,2
qazi,5
imran,2
del,3
ethem,1
habibur,1
surayud,1
jaime,1
razuri,1
farhatullah,1
minster,1
ernest,2
bangkok,1
carli,1
lloyd,1
solana,8
boroujerdi,2
catherine,6
chanet,1
switzerland,1
steve,13
muhammad,5
kiriyenko,1
zolfaghari,1
ramon,4
murray,2
feliciano,1
teimuraz,2
dmitry,1
edgardo,1
bjorn,1
nhlanhla,1
carlos,12
yunus,1
silvan,5
rosemond,1
alvaro,5
dabous,1
anthony,5
franklin,2
dalai,14
tenzin,1
martha,1
karua,1
chris,14
murungaru,1
fatah,17
kendrick,1
meek,1
j.,2
venus,7
gonzalo,2
crown,2
sheldon,1
whittington,6
katharine,2
paige,2
senate,1
ortega,3
typhoon,1
damrey,3
ellen,5
lieberman,5
roe,2
wade,2
abdel,11
real,2
beckham,6
nabih,3
vera,1
ivana,1
dushevina,1
amelie,2
mauresmo,1
mary,7
patty,2
virginie,1
kveta,1
razzano,1
dinara,5
tsvetana,1
lucie,4
sonia,4
gandhi,3
rajiv,1
louis,5
wilma,4
nathan,4
siti,2
sheik,3
anton,4
platon,3
geoff,3
henry,4
joko,1
naji,1
carriles,1
amorim,1
evo,11
stephanie,2
fawzi,2
bishkek,1
bakiev,2
famed,1
juno,3
jesus,16
protestant,1
akhtar,1
zia,1
lech,3
nathalie,2
clijsters,4
anna-lena,3
groenefeld,1
khartoum,3
camilla,5
radek,1
stepanek,1
julia,4
campbell,4
marwan,7
josef,4
kiev,2
jamie,4
mark,12
clarkson,4
lilienfeld,1
sharapova,4
martina,7
yuvraj,1
yasir,1
shihab,1
mamadou,3
benito,2
marco,4
buechel,3
erik,5
miller,7
walchhofer,3
nahum,1
pera,1
aleksandar,1
bajram,3
seoul,3
ulf,1
snoop,5
calvin,2
sulaiman,1
achakzai,1
kathmandu,12
brownfield,1
abune,1
moore,4
yao,6
anders,3
gordon,9
saran,1
murtha,1
carla,5
walid,6
barak,3
arsala,3
vidoje,1
karimov,1
kerry,2
yayi,2
elmar,2
pinochet,8
sun,7
rovnag,1
baku,1
jeremy,1
mohamud,3
guadalupe,1
jimenez,2
asfandyar,1
disturbia,1
osvaldo,2
monte,2
francois,4
didier,3
caracas,1
eminem,2
hailie,1
mathers,1
benita,2
dominique,13
indiana,2
cate,3
harrison,2
steven,2
saint,17
al-zawahri,1
humberto,1
mahalia,1
khursheed,3
mukherjee,1
kasuri,3
majdal,1
maysoon,1
fouad,2
micky,1
morris,2
wu,5
thabo,1
fay,2
e.,1
kira,1
elena,2
emma,1
moammar,10
gadhafi,3
natwar,5
enzo,1
leonid,4
farid,3
tzipi,1
livni,6
kadima,4
gil,1
yanukovych,1
gregory,3
belgium,1
johan,2
vitaly,2
martti,1
ahtisaari,1
disney,1
quentin,1
detlev,8
burt,1
wipha,1
akwei,1
lourdes,1
garcia,2
flores,3
ollanta,1
lucia,3
hamad,1
group,1
tetiana,2
vesna,1
harlan,1
rahimgul,1
sher,6
deborah,5
alex,2
sweilam,1
suhaila,1
rolling,1
lleyton,4
dominik,1
hewitt,2
hrbaty,1
rameez,1
ivo,2
jarkko,4
kenneth,4
annie,1
mandy,4
walter,4
mayer,1
arif,1
kurt,6
p.j.,3
lyudmila,3
maulana,4
fazlullah,1
ismael,1
ludwig,1
beethoven,2
saeed,1
mana,1
zagreb,2
columbus,4
mercury,2
rami,1
georgia,1
vincent,3
ndimyake,1
davis,8
gerhard,6
abdikadir,1
kariye,1
lindsey,1
khmer,2
huon,1
howes,1
huot,1
puth,1
wolfgang,3
bernard,13
storm,7
jamaica,1
esad,1
abraham,3
cyprus,2
ian,8
barghouti,6
faruq,1
ramadan,5
michel,3
freetown,1
kwan,3
norway,8
mordechai,1
vanunu,2
bells,1
naqib,2
addis,5
alfred,3
elbaradei,8
zemedkun,1
mauritius,1
roskosmos,1
adel,2
kahraman,1
haddad,4
dan,9
burton,1
qasab,2
girija,1
patrick,7
jean-betrand,1
azarov,1
gloria,2
tchiroma,1
kouchner,3
edward,3
marthinus,1
van,5
chaudhry,8
rana,1
lyons,1
marat,3
safin,3
svetlana,1
subur,2
top,2
shaul,7
maher,5
uda,1
madeleine,4
rudolf,2
laghman,1
parwan,1
mccain,5
rumsfeld,16
al-ghoul,1
gabriele,4
torsello,5
snyder,1
downer,2
holmes,1
said,3
giuseppe,1
pisanu,2
frans,1
evi,1
kikkan,1
leif,1
achilles,1
aleksander,1
valdas,1
alpha,7
frank,10
slovenia,3
rory,1
sunnis,2
raz,1
morales,9
mulford,2
shyam,2
alwi,1
kilinochchi,1
ahmad,7
samuel,4
harriet,4
humayun,1
aleem,2
besir,1
roh,1
maung,1
rahim,1
orlandez,2
dudley,2
enrique,2
reynaldo,1
nureddin,1
jendayi,1
khalid,6
celsius,1
rafah,1
economy,1
nardiello,3
zach,1
burkina,5
morocco,7
sahara,2
grimaldi,1
menas,1
ouwa,1
essam,1
maazou,2
sylvester,1
stallone,1
zacarias,2
nadal,1
nicholas,5
burns,1
mandelson,2
somchai,1
richardson,2
asad,1
bikindi,2
tariq,6
ran,1
ben-eliezer,1
ueberroth,1
yasin,1
orchid,1
hindu,1
finland,12
zebari,5
beckett,3
mushir,1
gibran,1
peshawar,1
nadhem,1
matthew,4
sourav,1
hayden,2
ricky,1
zaheer,1
arab,4
sayed,4
yusuf,2
poor,1
portugal,10
lynndie,3
dennis,5
captain,2
khin,6
havel,1
desmond,3
serbia,4
gerry,3
mccann,1
javad,3
lien,1
glenn,1
sheremetyevo,1
ria,1
ken,2
salazar,1
kathrin,1
marlies,1
javed,2
chan,1
christine,3
annan,1
pranab,1
cairo,3
gilad,1
shalit,1
haji,1
maxim,2
tatiana,5
zhang,10
liv-grete,1
kelly,1
nestor,2
winston,1
jemaah,5
valentino,1
rossi,1
kenenisa,1
rangin,2
spanta,1
shah,4
syed,4
duncan,1
glyn,1
davies,1
paulson,4
preston,1
griffal,1
joye,1
niccum,2
quinn,1
jonathan,7
myles,1
samantha,2
erin,2
courtney,2
yang,2
paek,1
josh,4
chilumpha,6
luc,1
gauthier,1
lefevre,2
olusegun,1
volcker,1
olaf,3
jaroslaw,3
mirek,1
justin,5
oliver,1
hashim,1
pakistan,15
darren,2
juma,1
laith,2
minas,1
merck,2
fleur,1
kiraithe,1
atmar,1
mughani,2
behnam,1
clementina,6
frode,1
andresen,2
poiree,1
egypt,4
janjaweed,3
gabriel,2
shabab,2
bisengimina,1
presiding,1
ophelia,3
chung,3
zimbabwe,8
joyce,2
emmerson,1
bryan,4
cyrus,1
uri,5
mugabe,4
khairul,1
agu,1
mahyadi,1
hakimullah,1
mehsud,1
betty,3
marlon,3
soe,1
koran,2
bilfinger,1
kuznetsov,1
dragomir,1
slobodan,4
yusef,1
fawaz,1
rachel,1
chandler,1
ihab,3
anat,1
barzan,2
ramsey,1
kid,4
dili,1
musa,2
babar,2
stefanie,1
arjun,1
sotheby,1
heidar,2
christiane,1
navi,1
anjem,1
izzadeen,1
shell,11
adams,1
mukhtaran,1
ashia,1
hansen,6
joaquin,4
sok,1
sarkozy,7
ramallah,1
zahir,3
kazem,1
lars,2
vilks,5
fabian,1
yediot,1
hasan,1
akbar,6
madonna,10
liz,1
dmitri,2
costner,3
takatoshi,1
kato,1
ann,3
kaka,2
ahn,1
norman,1
sao,5
damiao,1
larijani,3
ntawukulilyayo,2
hoop,1
bernardo,1
alvarez,1
cofer,1
province,1
carly,1
chief,2
syarhei,1
vintsuk,1
marshall,1
billingslea,3
gazprom,4
kamal,8
adriano,2
ronaldinho,1
lukas,1
anabel,4
medina,1
ekaterina,1
shahar,1
aiko,2
catalonia,1
cassation,1
cho,1
irina,2
berkovsky,1
scot,1
betancourt,5
catholic,7
butt,1
sofyan,2
anna,2
politkovskaya,3
hingis,9
aslan,3
marie-jeanne,2
sorin,2
crnogorac,1
purnomo,1
nasir,1
christina,1
jannati,2
federico,2
reed,1
tutsi,4
claudia,2
ted,1
charlie,1
guardsmen,1
douchevina,2
nowak,1
hector,1
pedro,3
araujo,1
castro,5
bernie,4
mac,1
benazir,6
zardari,3
bayaman,2
rodrigo,3
al-rishawi,1
ira,1
novak,2
swede,1
berdych,1
heather,5
mills,1
viva,1
mehmet,6
ryazanov,1
lindsay,8
lohan,3
soren,1
nawaz,7
ould,2
n.v.,1
dsm,2
marinus,1
armando,2
ecuador,9
domenech,2
kibaki,2
giuliana,2
nath,1
medvedev,4
alexi,1
barinov,4
hussain,1
moya,5
ljubicic,4
kristof,1
vliegen,1
sydney,1
elias,2
napoleon,2
gomez,2
hosni,1
safwat,1
gamal,7
olsson,3
marian,1
dmitrij,1
joan,1
casey,1
suleiman,3
tayyeb,1
ayoub,1
brown,7
zuma,12
duma,2
afghanistan,2
italy,2
lutfullah,2
yinghua,2
khalaf,1
camara,3
lansana,2
rauf,5
atta,2
white,2
mulgueta,1
dongfeng,1
aso,2
necdet,2
sweden,5
crumpton,1
arnold,3
qureshi,1
michaelle,1
adrienne,1
governor,2
blanco,1
algiers,1
mizuki,1
tomiaki,1
noguchi,3
paula,3
tzachi,1
jeff,3
hosseini,1
supreme,1
brent,9
zac,1
kenichiro,1
santo,1
angel,1
shamil,7
tehrik-e-taliban,1
maulvi,1
google,3
jacob,2
qaboos,1
omanis,1
bashar,5
betsy,1
metin,2
ghorbanpour,1
masood,3
moscow,3
petroecuador,4
negroponte,2
melchior,1
kalenga,1
lovato,2
wayne,2
hughes,1
matt,2
blumenthal,1
hafun,1
yuriy,4
alassane,5
antonella,2
jared,1
jason,4
sabrina,1
widhoelzl,1
pharrell,1
bahonar,1
seeduzzaman,1
elahi,1
u,1
suu,7
ohn,1
khun,1
jun,1
shinobu,1
rodney,1
hugh,2
yasuo,2
akihiko,1
hoshide,1
silvestre,1
mao,4
zhu,1
hu,1
bono,1
carl,2
plavia,1
patterson,1
hammad,1
solis,1
gustavo,2
dominguez,2
osbek,1
francisely,1
borders,1
hernan,1
serhiy,3
sergio,2
attorney,1
morgenthau,2
hiroyuki,1
tabare,1
jorge,5
heydari,1
judith,1
g.,1
moreno-ocampo,1
uzair,1
majid,2
paracha,2
chela,1
zabi,1
bombardier,1
mofaz,2
balfour,1
rocco,1
fiji,8
rong,1
etienne,1
mottaki,4
frederic,1
grimes,1
vatican,1
abe,1
hajim,1
westerners,3
ghassan,1
wakil,1
wielgus,3
spears,3
norma,1
eimiller,1
jayden,2
daron,2
hermann,1
fritz,3
apollo,1
anni,1
armin,1
marvel,1
harvey,1
ronnie,2
ravalomanana,4
lucio,1
quito,5
gutierrez,1
noel,1
choong,1
haaretz,3
barry,6
tamin,2
w?odzimierz,1
julie,2
myers,1
oswaldo,1
razali,1
marty,1
anatoliy,1
tamara,2
hang,1
zhari,1
tahseen,1
poul,1
kane,1
charm,5
shan,3
don,2
ouattara,4
oskar,1
kaibyshev,2
mei,3
nestrenko,1
farda,2
mehdi,6
tellez,1
mourino,1
hizb-ul-mujahedeen,1
reverend,5
coretta,1
rafsanjani,2
denpasar,1
renae,1
emily,1
henochowicz,1
emile,2
gul,4
dow,12
street,3
barron,1
rosoboronexport,1
balboa,1
gerard,5
leta,3
prosecutor,1
yoshimasa,1
xi,1
goldman,6
shi'ite,4
lahoud,1
lashkar,2
eni,1
roza,4
kidd,2
yong,1
hafez,1
yekhanurov,1
hazem,1
madoff,5
sandy,1
farouk,2
rama,1
hitler,2
zhejiang,1
jean-jacques,1
ralia,1
thayer,1
ansar,2
petro,2
jersey,2
col.,2
leah,1
shivnarine,1
chanderpaul,1
smith,5
riad,1
seif,1
porto,1
nigeria,3
nazi,1
gore,5
valenzuela,1
janica,2
kostelic,4
nike,1
michaela,2
anja,1
dorfmeister,1
leon,1
panetta,1
blair,4
al-obeidi,1
lembe,1
haley,2
jabril,1
tai,1
kuo,2
gregg,1
bergersen,2
qiang,1
tichaona,1
jokonya,4
second,1
will,4
sofia,1
solomon,1
albert,2
keidel,1
pablo,1
samo,1
parra,1
guerra,1
hilary,5
good,1
bear,1
toure,5
ry,2
mahdi,2
kurmanbek,2
nato,1
jonas,2
dina,1
cody,1
sung,1
ashr,1
deyda,1
warren,2
buffett,1
hsieh,2
andras,3
moustapha,1
salvatore,1
guirassy,1
chenembiri,1
theo,3
bouyeri,2
democrat,1
levin,1
graham,1
erkki,1
rugigana,1
ngabo,2
kigali,1
forbes,2
izzat,1
salizhan,2
leroy,1
geoffrey,1
branko,1
nagin,4
amanullah,2
nyan,1
rangoon,2
kantathi,1
lakshman,1
isaiah,1
wilson,2
kurdish,4
wurz,1
kimi,1
alonso,4
raikkonen,1
taro,2
larry,4
daya,1
edgar,2
condoleeza,1
sarfraz,1
-,2
markus,2
kewell,2
merk,2
salehi,2
empress,2
orlando,1
ruben,2
jesse,3
ruth,3
ahmet,1
jean-bertrand,2
jaatanni,1
oxfam,1
rigoberta,1
nastase,1
mario,4
llodra,1
ancic,2
klara,1
koukalova,1
ljube,1
malcolm,2
emmanuel,3
togo,2
gilchrist,1
jalani,1
ashwell,1
dwayne,1
jerome,1
rihab,1
luciano,1
pavarotti,2
wang,3
bhutto,1
cowell,3
bennett,3
islands,1
paulos,1
amor,1
ghazi,2
hamadi,3
cham,1
capt.,2
greg,3
lombardi,1
venezuela,1
salma,1
valentina,1
francois-henri,1
hayek,1
pinault,1
karroubi,1
melih,1
otton,1
belgrade,1
yousef,2
luo,3
ouyang,1
gayle,1
samuels,1
sebastian,4
rogge,2
azimbek,1
interpol,1
maksim,2
dumarsais,1
giovanni,1
porter,4
jakob,1
nikolas,1
napolitano,1
vidar,1
sukhumi,1
egeland,1
quang,3
shoichi,1
kozulin,3
nevis,3
qusai,1
al-sadr,3
amman,1
muriel,1
puri,1
filip,1
velach,1
justice,5
frangiskos,1
cinderella,1
chiang,2
sgt.,1
rouge,1
allen,1
butch,1
sheng,1
fayyaz,1
bernanke,7
moussa,3
siniora,1
elvis,2
presley,2
sergey,1
tiffany,1
magerovskiy,1
rebecca,1
shariat,1
nico,2
boeta,1
wong,1
shannon,4
beatle,1
donatella,2
crocker,2
pramoni,1
rodriguez,2
kiryenko,1
younis,1
marta,3
marion,3
emilie,1
ruano,1
robby,1
yeu-tzuoo,1
paradorn,2
ginepri,1
srichaphan,1
toyota,6
tomislav,1
reinhold,1
likud,2
murugupillai,1
jenita,1
antoine,2
flavia,2
safina,1
safarova,1
bachelet,7
bali,2
inspector,1
aip,1
salik,1
gary,2
paddy,2
asian,1
salome,1
tbilisi,1
sustiva,1
shourd,4
alejandro,2
velasco,1
quetta,1
zahi,2
hawass,2
russert,2
granma,1
socialist,2
pinera,1
cassini,1
mick,1
oprah,1
tiger,1
dave,2
heineman,1
foxy,3
inga,1
stefan,1
itai,1
kenny,2
herald,3
democrats,3
nicolae,1
ceausescu,1
principe,3
ziemer,1
grammy,1
pryor,2
merle,1
jessye,1
horn,1
sonthi,1
shaima,1
shaer,2
merrill,2
brig.,1
hartmann,1
hamdan,1
milosevic,14
pak,1
mica,1
ante,1
congo,3
florent,1
serra,1
hsiao,1
barretto,2
dizzy,1
tito,2
celia,1
vojislav,4
renate,1
du,1
helen,2
ratners,1
gerald,3
nicosia,1
bern,1
drought,1
ike,2
daoud,1
fadillah,1
lipsky,1
querrey,1
danai,1
carlsen,1
crawford,1
majority,1
c.w.,1
colombo,1
milton,1
shaka,1
yoweri,1
dervis,1
raipur,1
schumer,1
pat,4
tillman,1
josefa,1
tawhid,1
j.s.,1
alabama,1
rex,1
hans,2
schlegel,1
leopold,1
wta,1
shia,1
fats,3
erasmus,1
fuel,2
kazimierz,1
gustavia,1
gustav,1
levy,1
mwanawasa,1
milorad,1
mira,1
zhao,6
iftikhar,1
waseem,1
elsa,3
camp,4
jawad,2
sherwan,1
godfather,2
soul,1
putin,1
sir,1
mccartney,1
starbucks,2
nazis,2
lage,2
hifikepunye,2
heliodoro,1
gambari,2
gayoom,1
ichiro,1
ozawa,2
doug,1
clark,1
velupillai,2
chahine,2
petrechemical,1
islamabad,5
zeng,2
sabeel,3
kafeel,3
stanislaw,1
bakyt,1
trump,5
cohen,1
jokhang,1
jean-marie,2
azali,2
ii,1
yudhoyono,1
boediono,1
grigory,1
karasin,1
nasrallah,3
near,1
rizkar,1
honda,1
hyundai,1
sajjad,1
vasil,2
kharkiv,1
yevhen,1
laurence,1
golborne,1
mardi,1
nawab,1
pajhwok,1
blechschmidt,1
yulija,1
kirk,2
jomo,1
moi,1
angie,1
valencia,2
airat,1
chun,2
chelsea,2
choe,1
petroleum,1
peng,3
wessels,1
krajicek,4
taylor,8
zinedine,3
zidane,8
christmas,2
u.s.-based,1
westinghouse,1
adolf,2
florida,1
jeb,1
m.,1
rony,1
petraeus,5
jesper,1
asadullah,1
shiekh,1
pervez,3
insein,1
alstom,1
chester,2
weaver,2
al-majid,1
busta,2
trevor,1
jr.,3
subcomandante,4
gaspard,1
kanyarukiga,2
qarase,1
hani,1
moustafa,1
hamza,1
yafei,1
voa,1
kirilenko,1
gholamhossein,1
sepp,1
endeavourhas,1
troedsson,1
radical,1
bayan,3
ariana,1
hilde,1
ebrahim,1
sheibani,1
rehavam,1
pierre,1
gibbs,2
danilo,2
kiraitu,1
githongo,1
murungi,2
al-shihri,1
hwang,7
ningbo,2
rahlves,3
soonthorn,1
amrullah,1
saleh,2
gholam,1
theodore,1
paraguay,3
alfredo,1
hart,1
kiefer,1
sutherland,2
maiberger,1
keifer,1
al-zawahiri,4
friedan,3
abdouramane,1
goushmane,1
save,1
abdulkadir,1
gatlin,4
woodrow,1
kian,1
maduro,1
shieh,1
tu,1
ramush,2
idriz,1
lahi,1
faraj,1
matteo,1
mireya,1
brendan,1
kosuke,1
katie,1
morgan,2
uribe,1
bette,1
celine,2
midler,1
cher,1
vaile,1
camel,1
horne,2
akhrorkhodzha,1
georges,2
klaus,1
rak,2
mushtaq,1
akitaka,1
saiki,1
bwakira,1
pemex,2
silva,1
duda,1
colombant,1
schwarzenegger,3
eduardo,5
henrique,1
akerson,2
lima,2
dagoberto,1
mutua,1
francis,3
yam,1
rangel,2
chosun,1
lavrov,2
abdulhamid,1
rosh,1
fatma,1
muhammed,1
clarence,2
gatemouth,1
levan,2
patriarch,1
third,1
sota,1
razak,1
win,1
farah,2
eloy,1
kazakhstan,11
floruan,1
karim,1
deandre,1
soulja,3
jay-z,1
khayrat,1
theoneste,1
bagosora,2
halliburton,2
payne,1
aaron,1
vietnam,1
citigroup,1
barney,1
commander,1
danielle,4
usher,4
tameka,1
simone,1
pascal,1
dell,2
joe,3
veerman,1
farooq,1
zabihullah,1
kiran,1
desai,2
anita,1
t.,1
pickens,4
tin,3
hulk,1
bollea,2
graziano,1
shelor,1
hogan,1
johann,1
cardenas,1
heriberto,1
abdelrahman,1
carmona,2
ireju,1
evan,1
stratfor,1
prachanda,2
gianfranco,1
wolf,1
koichi,2
buenos,1
rohmer,4
sinn,2
borys,1
timberlake,1
britney,7
diaz,1
ruggiero,2
pelosi,2
evgeny,1
slutskaya,1
viktoria,1
totmianina,1
marinin,1
vicente,1
shota,1
jane,2
fonda,1
duchess,1
andrus,1
andriy,1
yuganskneftegaz,2
solheim,1
shaikh,1
felix,3
diddy,1
combs,5
roosevelt,1
rechnitzer,2
libby,1
avigdor,2
jones,1
nicephore,1
kerekou,2
ukraine,3
chertoff,6
lionel,1
nizar,1
vargas,1
rocio,1
hans-jakob,1
douglas,1
vladislav,1
raymond,2
reid,3
odom,1
rob,1
shahawar,1
macy,1
frazier,1
god,3
ernst,1
young,1
aliu,1
ricans,1
cote,2
laurent,1
guillaume,1
soro,1
gbagbo,3
grant,1
charon,1
payenda,1
junaid,1
umaru,1
yar'adua,1
alito,1
antonin,1
roxana,2
saberi,4
sue,2
barre,1
nuri,1
michele,2
roshan,1
indra,1
nooyi,2
greenspan,5
deutsche,1
piotr,1
lord,2
baath,1
qatari,1
toussaint,1
jimmy,2
davit,1
kezerashvili,1
jean-constatin,1
kanow,1
ilya,1
evgeni,1
ivica,1
frenk,1
patience,1
colom,3
perez,4
navtej,1
natalia,1
blonska,2
rowsch,1
hourmadji,1
tarique,1
kommersant,1
markha,1
ustarkhanova,1
ramzan,1
kareem,1
amer,2
tauran,1
azizullah,1
nita,2
jeanet,1
isle,1
uganda,2
ta,1
duch,1
adan,1
sardar,1
gregorio,2
sandra,2
geldof,1
danny,1
gwyneth,3
fraenzi,2
narim,1
faisal,1
mukasey,2
holy,1
abdirahman,1
sreten,1
lukic,1
bab,1
djibouti-yemen,1
anwarul,1
foy,1
usman,1
ghani,1
haq,1
susan,1
jaish-e-mohammad,1
al-harbi,2
musab,1
zenani,2
kapil,1
sibal,1
abdolsamad,1
reza,2
milan,1
manila,3
bin-laden,2
monty,1
hoggard,1
panesar,2
kumar,1
prasanna,1
alastair,1
sha,2
hailu,1
v.,2
manzur,1
karzai,2
hercules,4
puli,1
ramin,1
suharto,2
jonah,1
soros,2
frontieres,1
tohid,1
henghameh,1
zoran,1
dejan,1
seselj,1
milenkovic,1
baki,2
madelyn,1
dunham,2
baitullah,1
ericq,1
cheema,2
herve,1
vinci,1
chuck,1
sanchez,1
barman,1
remissaninthe,1
bitar,1
villepin,3
kiteswere,1
creutzfeldt-jakob,1
folha,1
lindy,1
idriss,3
olesgun,1
asef,1
shahid,1
trent,1
eyadema,1
zalmay,1
khalilzad,1
emperor,2
galo,1
gopal,1
zoellick,3
nieminen,1
endeavouris,1
berlusconi,2
rangeen,1
aisha,3
tymoshenko,6
robredo,1
bishop,3
kach,1
ziyad,1
karbouli,2
aeneas,1
allawi,1
ferdinand,1
corazon,1
estrada,1
macapagal-arroyo,1
benigno,2
uday,1
cermak,1
markac,1
doha,1
jiang,1
tareen,2
eugene,1
terre'blanche,1
bot,1
teresa,1
p.,1
chidambaram,1
',1
christ,1
immigration,1
mariane,1
fein,2
terry,1
rod,1
jake,1
samie,1
green,1
willian,1
lambert,2
mende,1
dakota,1
mandela,1
bodman,2
canberra,1
labor,2
ou,1
niue,1
austria,4
maier,1
rudolph,1
stefano,1
beltrame,1
chiapolino,1
montas,1
said-uz,1
mushahid,1
siddiqui,1
shawn,1
tshabalala,1
sedibe,1
siphiwe,1
zheng,1
hicks,2
shehzad,1
serge,1
brammertz,1
mir,1
samir,2
geagea,1
nazif,1
senior,1
diane,1
saxby,2
neil,1
abercrombie,1
voa's,1
masri,7
bandar,1
peyton,1
manning,2
julius,1
noaman,1
olive,1
modell,1
chalit,1
thirapat,1
henri,1
uzbekistan,1
claire,1
mousavi,3
yuli,1
tamir,1
ronit,1
goran,1
laila,2
miliband,3
fitna,1
geert,1
stein,3
savimbi,1
desire,1
fillon,2
haneef,1
jeffery,1
jeffrey,4
moiseyev,3
kentucky,1
claudio,1
reyna,3
salah,1
patzi,1
english,1
abdolvahed,1
hiva,1
botimar,1
witty,4
liang,1
tan,1
raphael,1
cathy,1
mindaugas,1
jordanian,1
shelley,1
berman,1
lowey,1
cai,1
mariam,1
barham,1
bermet,2
aidar,1
nestle,3
philipp,1
schoch,2
heinz,1
daniela,1
bruhin,1
isabelle,1
abed,2
kamel,1
bruno,1
gollnisch,1
besigye,3
museveni,1
aphaluck,1
ashraf,2
djamel,1
shadi,1
vuitton,1
zurab,2
nino,1
pavel,1
rowan,1
archbishop,1
olmert,5
lena,1
true,1
celso,1
iqbal,1
bihari,1
teshome,1
talib,1
warriors,1
jama'at,1
louise,1
cristina,1
fahim,1
kohdamani,1
alamzai,1
year,1
gijira,1
latif,1
love,2
cobain,2
pakistani,1
asefi,1
bauer,1
fattal,1
church,2
muntazer,1
zaidi,2
craybas,3
corina,1
qutbi,1
sadeq,1
alistair,1
cook,1
natsios,2
keith,1
richards,4
bert,1
edmund,1
traian,1
zelenovic,1
maaouya,1
sidi,1
jean-pierre,1
lynn,1
ortiz,1
passaro,5
wali,4
neal,1
steele,3
homayun,1
khamail,1
musharraf,1
carter,1
undercover,1
eddie,2
saidati,1
mukakibibi,1
agnes,1
uladi,1
katarina,1
shinboue,1
asagoe,1
leanne,1
srebotnik,2
liberation,1
jacqueline,1
ramadi,1
correa,1
bosch,2
balaguer,1
mc,1
al-hindi,1
shargh,1
jessica,1
xdr,1
speaker,2
raviglione,2
sawt,1
khaleeq,1
seun,1
fela,1
nnamdi,1
leo,1
vivanco,1
jewish,1
hamidreza,1
bravo,2
kimunya,1
lai,1
deepak,1
bernd,1
kadyrov,2
jaques,1
max,1
gasquet,2
mirnyi,2
olivier,1
castel,1
mahmud,1
katherine,1
materazzi,3
arafa,1
fadela,1
mahathir,1
lt.-gen.,1
iveta,2
bild,1
ana,1
lebedev,1
jabouri,1
orellana,1
joanne,1
melanne,1
guild,1
wei,3
banderas,2
jules,1
jehangir,1
al-muqrin,1
zanzibar,3
ahmedou,1
abdallah,1
deir,1
ernesto,3
sabri,1
lal,1
vassily,1
yoshie,1
reese,1
aijalon,1
gomes,1
solecki,2
stepan,1
sukhorenko,1
milinkevich,1
georgi,1
sami,1
mesut,1
edinson,1
marcell,1
reggio,1
parma,1
gojko,1
zine,1
falun,4
chang,1
franco,1
st.,1
dae,1
luther,1
mullen,1
teodoro,1
petkoff,2
colleen,1
larose,2
santiago,1
couso,1
taras,1
buenaventura,1
assadullah,1
seini,1
tandja,1
chambliss,1
krisztina,1
laszlo,1
mufti,1
konare,1
sultan,1
dhimbil,1
llasa,1
palma,1
limburg,1
indira,1
eide,3
saqib,2
hendrik,1
lieutenant-general,1
yardenna,1
alexandre,1
adkins,2
germaine,1
jamal,1
nuriye,1
lyon,2
georg,1
mueller,2
eidsvig,1
jac,1
mwai,1
oman,2
muscat,1
khatami,1
ludlam,1
haroon,1
basile,1
guenael,1
gino,1
segun,1
danuri,1
west,1
michaella,1
benesova,2
ziba,1
bolivar,5
auwaerter,1
cyril,1
singer,1
craig,1
gretchen,1
kris,1
min,1
salomi,1
benedicto,1
dee,1
ovidiu,1
ingmar,1
ullman,1
bibi,1
bergman,2
dwain,1
chambers,1
qar,1
theyab,1
anne,1
mel,1
edwin,1
caraballo,1
idema,2
rezai,1
reem,1
gheorghe,1
voronin,1
natasha,1
joshua,1
wilfred,1
pierce,4
barroso,1
edel,1
oscar,1
nabeel,1
hortefeux,1
azmi,1
bishara,4
enkhbayar,1
titan,2
temur,1
iraqna,1
nicanor,1
faeldon,1
humam,1
narayan,1
knut,1
elfriede,1
horace,1
robin,1
whoopie,1
waldron,1
bhutan,2
mcneill,1
tuncay,1
seyranlioglu,1
clemens,2
sammy,1
professor,1
ghalib,1
punxsutawney,1
banda,1
collins,1
khurram,1
khairuddin,1
nassif,1
yemen,1
yair,1
klein,1
yuan,3
maurice,1
floquet,1
lek,1
federline,2
tracy,1
mcgrady,1
lebron,1
belize,2
christianity,1
mikheil,1
sint,2
rizvan,1
ticona,1
anwar,2
schoof,1
neth,1
bible,1
collier,2
eddy,1
guenter,1
mumbai,1
vuk,1
die,1
jeremic,1
commissioner,1
ging,1
hondo,3
dario,1
anand,1
nimal,1
moshe,1
surano,2
guernsey,2
shon,1
kahar,1
abul,1
elijah,1
uhstad,1