60,1
300,2
nuclear,1
saltillo,1
pentastar,1
chrysler,1
dodge,1
jeep,1
ram,1
vioxx,4
the,6
good,1
20/20,1
web,3
english,13
daily,1
alhurra,1
charles,1
baghdad,1
association,1
huygens,2
cassini,1
white,1
downing,1
france,1
latvia,1
nobel-prize,1
su-24,1
topol-m,1
topol,2
spanish,3
endangered,1
internet,1
nobel,7
international,4
soyuzcapsule,1
endless,1
tamil,1
gdp,7
agoa,1
ills,1
kabul,1
nrc,1
european,1
magazine,1
style,1
christopher,1
usa,1
twitter,9
facebook,10
google,4
fox,1
crj-200,1
crj-200s,1
sonntags-blick,1
central,1
naked,1
secrets,1
than,1
creole,1
am,1
greek,1
china,1
buddhism,1
pul-e-charkhi,2
georgia,1
wall,1
ariane,1
helios,1
sopranos,2
pork,1
soprano,1
kommersant,1
miami,1
taepodong-2,1
nature,1
los,2
free,1
cafta-dr,1
haqooq-i-zan,1
women,1
rights,1
crittercam,1
heathrow,1
settlement,1
hungarian,1
al-jazeera,5
dow,1
stade,2
blades,1
grindhouse,1
spaceshipone,3
ansari,1
on,1
jerusalem,1
journal,1
times,1
boeing,4
gross,1
azeri,1
turkish,1
imperial,1
for,1
national,2
san,1
miltzow,2
torgelow,2
semlow,2
stadium,1
phoenix,6
french,3
hubble,4
tamiflu,1
sidnaya,2
p.s.,1
german,1
fort,1
camp,4
frankenstadion,1
pope2you,1
democrat,1
beijing,2
balad,1
emergency,2
four,1
notting,1
love,1
cathedral,1
semana,1
olympic,2
da,1
windows,1
strategic,1
start,2
poppy,1
vase,1
hitler,1
western,1
mv,1
hitch,1
date,1
lost,1
mientes,1
dejarte,1
a,1
bachata,1
portuguese,1
dignity,1
dextre,2
destiny,1
endeavour,1
doha,1
space,1
state,1
red,1
naacp,1
happy,1
arabic,3
group,1
forbes,3
chinook,1
time,1
iron,1
moveon.org,1
atlantis,1
blueberry,1
ai,2
dulles,1
dollar,1
euro,1
british,1
please,4
papa,1
chaos,1
youtube,1
m,1
universal,1
capitol,1
bisphenol,2
bpa,1
gunsmoke,2
emmy,1
mccloud,1
treaty,1
ariana,1
akash,1
canal,5
panama,1
washington,3
special,1
k-4,1
when,1
cajun,1
okie,1
crank,1
itunes,1
soul,1
grammy,1
chinese,1
korean,1
haitian,1
russian,1
vietnamese,1
palme,1
flanders,1
@dalailama,1
endeavor,1
qur'an,1
linas-marcoussis,1
ouagadougou,1
pepsi,1
group-b,1
tor-m1,1
no,1
manx,1
abu,3
patriot,2
tree,1
f-16,1
z,1
deir,1
anglo-french,1
urbi,1
best,1
wannabe,1
operation,1
islam,4
u2,1
mon,1
itv1,1
taba,1
japanese,1
axum,1
culture,1
yedioth,1
latest,1
hip-hop,1
mbalax,1
chung,1
plan,1
didadgah,1
smells,1
herceptin,1
ak-47,1
telegraph,1
ferrari,1
irwindale,1
redline,2
undercover,1
enzos,1
airbus,1
rolls,1
a380s,1
notre,1
newseum,1
hadassah,1
category,1
basilica,1
s-300,1
opportunity,1
mars,1
el~commercio,1
al,2
judaism,1
beatboxing,1
nevirapine,3
u.n.,1
wfp,1
president,1
literature,1
economics,1
shaheen,1
cy,1
groundhog,1
maariv,1
arc,1
shinsei,1
zim,1